ISO-10303-21;
HEADER;
/* Generated by software containing ST-Developer
 * from STEP Tools, Inc. (www.steptools.com) 
 */

FILE_DESCRIPTION(
/* description */ (''),
/* implementation_level */ '2;1');

FILE_NAME(
/* name */ 'esp32-app-board - stand.step',
/* time_stamp */ '2026-04-18T08:19:06+02:00',
/* author */ (''),
/* organization */ (''),
/* preprocessor_version */ 'ST-DEVELOPER v20.1',
/* originating_system */ 'Autodesk Translation Framework v15.8.0.0',
/* authorisation */ '');

FILE_SCHEMA (('AUTOMOTIVE_DESIGN { 1 0 10303 214 3 1 1 }'));
ENDSEC;

DATA;
#10=MECHANICAL_DESIGN_GEOMETRIC_PRESENTATION_REPRESENTATION('',(#742,#743,
#744,#745,#746,#747,#748,#749,#750,#751,#752,#753,#754,#755,#756,#757,#758,
#759,#760,#761),#14466);
#11=SHAPE_REPRESENTATION_RELATIONSHIP('SRR','None',#14473,#12);
#12=ADVANCED_BREP_SHAPE_REPRESENTATION('',(#762,#763,#764,#765,#766,#767,
#768,#769,#770,#771,#772,#773,#774,#775,#776,#777,#778,#779,#780,#781),
#14465);
#13=B_SPLINE_SURFACE_WITH_KNOTS('',3,1,((#8529,#8530),(#8531,#8532),(#8533,
#8534),(#8535,#8536),(#8537,#8538)),.UNSPECIFIED.,.F.,.F.,.F.,(4,1,4),(2,
2),(-0.0716034694074831,-0.0376470167466259,0.),(-0.1,0.001),
 .UNSPECIFIED.);
#14=B_SPLINE_SURFACE_WITH_KNOTS('',3,1,((#8546,#8547),(#8548,#8549),(#8550,
#8551),(#8552,#8553),(#8554,#8555)),.UNSPECIFIED.,.F.,.F.,.F.,(4,1,4),(2,
2),(-0.079068915355823,-0.0357881032219352,0.),(-0.1,0.001),
 .UNSPECIFIED.);
#15=B_SPLINE_SURFACE_WITH_KNOTS('',3,1,((#8563,#8564),(#8565,#8566),(#8567,
#8568),(#8569,#8570),(#8571,#8572)),.UNSPECIFIED.,.F.,.F.,.F.,(4,1,4),(2,
2),(-0.0834001371128627,-0.0468858070631314,0.),(-0.1,0.001),
 .UNSPECIFIED.);
#16=B_SPLINE_SURFACE_WITH_KNOTS('',3,1,((#8580,#8581),(#8582,#8583),(#8584,
#8585),(#8586,#8587),(#8588,#8589)),.UNSPECIFIED.,.F.,.F.,.F.,(4,1,4),(2,
2),(-0.0420783840943488,-0.0209598672304244,0.),(-0.1,0.001),
 .UNSPECIFIED.);
#17=B_SPLINE_SURFACE_WITH_KNOTS('',3,1,((#8597,#8598),(#8599,#8600),(#8601,
#8602),(#8603,#8604),(#8605,#8606)),.UNSPECIFIED.,.F.,.F.,.F.,(4,1,4),(2,
2),(-0.0282053367613152,-0.0144893912936369,0.),(-0.1,0.001),
 .UNSPECIFIED.);
#18=B_SPLINE_SURFACE_WITH_KNOTS('',3,1,((#8614,#8615),(#8616,#8617),(#8618,
#8619),(#8620,#8621),(#8622,#8623)),.UNSPECIFIED.,.F.,.F.,.F.,(4,1,4),(2,
2),(-0.0496297408706093,-0.019077758310654,0.),(-0.1,0.001),
 .UNSPECIFIED.);
#19=B_SPLINE_SURFACE_WITH_KNOTS('',3,1,((#8631,#8632),(#8633,#8634),(#8635,
#8636),(#8637,#8638),(#8639,#8640)),.UNSPECIFIED.,.F.,.F.,.F.,(4,1,4),(2,
2),(-0.221401591320661,-0.140072159733215,0.),(-0.1,0.001),
 .UNSPECIFIED.);
#20=B_SPLINE_SURFACE_WITH_KNOTS('',3,1,((#8648,#8649),(#8650,#8651),(#8652,
#8653),(#8654,#8655),(#8656,#8657)),.UNSPECIFIED.,.F.,.F.,.F.,(4,1,4),(2,
2),(-0.136446602314484,-0.0681634547690158,0.),(-0.1,0.001),
 .UNSPECIFIED.);
#21=B_SPLINE_SURFACE_WITH_KNOTS('',3,1,((#8665,#8666),(#8667,#8668),(#8669,
#8670),(#8671,#8672),(#8673,#8674)),.UNSPECIFIED.,.F.,.F.,.F.,(4,1,4),(2,
2),(-0.128399523040703,-0.0634231342529932,0.),(-0.1,0.001),
 .UNSPECIFIED.);
#22=B_SPLINE_SURFACE_WITH_KNOTS('',3,1,((#8682,#8683),(#8684,#8685),(#8686,
#8687),(#8688,#8689),(#8690,#8691)),.UNSPECIFIED.,.F.,.F.,.F.,(4,1,4),(2,
2),(-0.173944952761495,-0.0761018088457878,0.),(-0.1,0.001),
 .UNSPECIFIED.);
#23=B_SPLINE_SURFACE_WITH_KNOTS('',3,1,((#8699,#8700),(#8701,#8702),(#8703,
#8704),(#8705,#8706),(#8707,#8708)),.UNSPECIFIED.,.F.,.F.,.F.,(4,1,4),(2,
2),(-0.163584036601437,-0.0931773977912272,0.),(-0.1,0.001),
 .UNSPECIFIED.);
#24=B_SPLINE_SURFACE_WITH_KNOTS('',3,1,((#8716,#8717),(#8718,#8719),(#8720,
#8721),(#8722,#8723),(#8724,#8725)),.UNSPECIFIED.,.F.,.F.,.F.,(4,1,4),(2,
2),(-0.126935488554901,-0.061287077755517,0.),(-0.1,0.001),
 .UNSPECIFIED.);
#25=B_SPLINE_SURFACE_WITH_KNOTS('',3,1,((#8737,#8738),(#8739,#8740),(#8741,
#8742),(#8743,#8744),(#8745,#8746)),.UNSPECIFIED.,.F.,.F.,.F.,(4,1,4),(2,
2),(-0.0569777758886589,-0.0293129558934464,0.),(-0.1,0.001),
 .UNSPECIFIED.);
#26=B_SPLINE_SURFACE_WITH_KNOTS('',3,1,((#8754,#8755),(#8756,#8757),(#8758,
#8759),(#8760,#8761),(#8762,#8763)),.UNSPECIFIED.,.F.,.F.,.F.,(4,1,4),(2,
2),(-0.0688603678885673,-0.0306226827756865,0.),(-0.1,0.001),
 .UNSPECIFIED.);
#27=B_SPLINE_SURFACE_WITH_KNOTS('',3,1,((#8771,#8772),(#8773,#8774),(#8775,
#8776),(#8777,#8778),(#8779,#8780)),.UNSPECIFIED.,.F.,.F.,.F.,(4,1,4),(2,
2),(-0.079795974526519,-0.0466624846741728,0.),(-0.1,0.001),
 .UNSPECIFIED.);
#28=B_SPLINE_SURFACE_WITH_KNOTS('',3,1,((#8788,#8789),(#8790,#8791),(#8792,
#8793),(#8794,#8795),(#8796,#8797)),.UNSPECIFIED.,.F.,.F.,.F.,(4,1,4),(2,
2),(-0.0329973581471476,-0.0170098749819315,0.),(-0.1,0.001),
 .UNSPECIFIED.);
#29=B_SPLINE_SURFACE_WITH_KNOTS('',3,1,((#8805,#8806),(#8807,#8808),(#8809,
#8810),(#8811,#8812),(#8813,#8814)),.UNSPECIFIED.,.F.,.F.,.F.,(4,1,4),(2,
2),(-0.0292720536359161,-0.0139742519458243,0.),(-0.1,0.001),
 .UNSPECIFIED.);
#30=B_SPLINE_SURFACE_WITH_KNOTS('',3,1,((#8822,#8823),(#8824,#8825),(#8826,
#8827),(#8828,#8829),(#8830,#8831)),.UNSPECIFIED.,.F.,.F.,.F.,(4,1,4),(2,
2),(-0.134105088753542,-0.0444857532246182,0.),(-0.1,0.001),
 .UNSPECIFIED.);
#31=B_SPLINE_SURFACE_WITH_KNOTS('',3,1,((#8839,#8840),(#8841,#8842),(#8843,
#8844),(#8845,#8846),(#8847,#8848)),.UNSPECIFIED.,.F.,.F.,.F.,(4,1,4),(2,
2),(-0.165747204812414,-0.09711575662846,0.),(-0.1,0.001),.UNSPECIFIED.);
#32=B_SPLINE_SURFACE_WITH_KNOTS('',3,1,((#8856,#8857),(#8858,#8859),(#8860,
#8861),(#8862,#8863),(#8864,#8865)),.UNSPECIFIED.,.F.,.F.,.F.,(4,1,4),(2,
2),(-0.113607089246716,-0.0543969473995617,0.),(-0.1,0.001),
 .UNSPECIFIED.);
#33=B_SPLINE_SURFACE_WITH_KNOTS('',3,1,((#8873,#8874),(#8875,#8876),(#8877,
#8878),(#8879,#8880),(#8881,#8882)),.UNSPECIFIED.,.F.,.F.,.F.,(4,1,4),(2,
2),(-0.139789987898507,-0.067936598090087,0.),(-0.1,0.001),
 .UNSPECIFIED.);
#34=B_SPLINE_SURFACE_WITH_KNOTS('',3,1,((#8890,#8891),(#8892,#8893),(#8894,
#8895),(#8896,#8897),(#8898,#8899)),.UNSPECIFIED.,.F.,.F.,.F.,(4,1,4),(2,
2),(-0.186479145984313,-0.0832632286512937,0.),(-0.1,0.001),
 .UNSPECIFIED.);
#35=B_SPLINE_SURFACE_WITH_KNOTS('',3,1,((#8907,#8908),(#8909,#8910),(#8911,
#8912),(#8913,#8914),(#8915,#8916)),.UNSPECIFIED.,.F.,.F.,.F.,(4,1,4),(2,
2),(-0.175143328910886,-0.0955156514201915,0.),(-0.1,0.001),
 .UNSPECIFIED.);
#36=B_SPLINE_SURFACE_WITH_KNOTS('',3,1,((#8924,#8925),(#8926,#8927),(#8928,
#8929),(#8930,#8931),(#8932,#8933)),.UNSPECIFIED.,.F.,.F.,.F.,(4,1,4),(2,
2),(-0.144366703280411,-0.0719456418813091,0.),(-0.1,0.001),
 .UNSPECIFIED.);
#37=B_SPLINE_SURFACE_WITH_KNOTS('',3,1,((#9165,#9166),(#9167,#9168),(#9169,
#9170),(#9171,#9172),(#9173,#9174)),.UNSPECIFIED.,.F.,.F.,.F.,(4,1,4),(2,
2),(-0.145644766918357,-0.0720872740182895,0.),(-0.1,0.001),
 .UNSPECIFIED.);
#38=B_SPLINE_SURFACE_WITH_KNOTS('',3,1,((#9182,#9183),(#9184,#9185),(#9186,
#9187),(#9188,#9189),(#9190,#9191)),.UNSPECIFIED.,.F.,.F.,.F.,(4,1,4),(2,
2),(-0.231242398128544,-0.0950776701503334,0.),(-0.1,0.001),
 .UNSPECIFIED.);
#39=B_SPLINE_SURFACE_WITH_KNOTS('',3,1,((#9199,#9200),(#9201,#9202),(#9203,
#9204),(#9205,#9206),(#9207,#9208)),.UNSPECIFIED.,.F.,.F.,.F.,(4,1,4),(2,
2),(-0.163463204796745,-0.104197219500538,0.),(-0.1,0.001),
 .UNSPECIFIED.);
#40=B_SPLINE_SURFACE_WITH_KNOTS('',3,1,((#9216,#9217),(#9218,#9219),(#9220,
#9221),(#9222,#9223),(#9224,#9225)),.UNSPECIFIED.,.F.,.F.,.F.,(4,1,4),(2,
2),(-0.0896205166253329,-0.0472763679843069,0.),(-0.1,0.001),
 .UNSPECIFIED.);
#41=B_SPLINE_SURFACE_WITH_KNOTS('',3,1,((#9233,#9234),(#9235,#9236),(#9237,
#9238),(#9239,#9240),(#9241,#9242)),.UNSPECIFIED.,.F.,.F.,.F.,(4,1,4),(2,
2),(-0.0762690673739133,-0.0410538449913273,0.),(-0.1,0.001),
 .UNSPECIFIED.);
#42=B_SPLINE_SURFACE_WITH_KNOTS('',3,1,((#9250,#9251),(#9252,#9253),(#9254,
#9255),(#9256,#9257),(#9258,#9259)),.UNSPECIFIED.,.F.,.F.,.F.,(4,1,4),(2,
2),(-0.073941805753091,-0.0346972919080717,0.),(-0.1,0.001),
 .UNSPECIFIED.);
#43=B_SPLINE_SURFACE_WITH_KNOTS('',3,1,((#9267,#9268),(#9269,#9270),(#9271,
#9272),(#9273,#9274),(#9275,#9276)),.UNSPECIFIED.,.F.,.F.,.F.,(4,1,4),(2,
2),(-0.0746639865951251,-0.0391130120799507,0.),(-0.1,0.001),
 .UNSPECIFIED.);
#44=B_SPLINE_SURFACE_WITH_KNOTS('',3,1,((#9284,#9285),(#9286,#9287),(#9288,
#9289),(#9290,#9291),(#9292,#9293)),.UNSPECIFIED.,.F.,.F.,.F.,(4,1,4),(2,
2),(-0.0921642793613881,-0.039821873063045,0.),(-0.1,0.001),
 .UNSPECIFIED.);
#45=B_SPLINE_SURFACE_WITH_KNOTS('',3,1,((#9305,#9306),(#9307,#9308),(#9309,
#9310),(#9311,#9312),(#9313,#9314)),.UNSPECIFIED.,.F.,.F.,.F.,(4,1,4),(2,
2),(-0.183621355597339,-0.100517916595888,0.),(-0.1,0.001),
 .UNSPECIFIED.);
#46=B_SPLINE_SURFACE_WITH_KNOTS('',3,1,((#9322,#9323),(#9324,#9325),(#9326,
#9327),(#9328,#9329),(#9330,#9331)),.UNSPECIFIED.,.F.,.F.,.F.,(4,1,4),(2,
2),(-0.170875107517541,-0.0813985676719093,0.),(-0.1,0.001),
 .UNSPECIFIED.);
#47=B_SPLINE_SURFACE_WITH_KNOTS('',3,1,((#9339,#9340),(#9341,#9342),(#9343,
#9344),(#9345,#9346),(#9347,#9348)),.UNSPECIFIED.,.F.,.F.,.F.,(4,1,4),(2,
2),(-0.179374547035932,-0.0956764962654744,0.),(-0.1,0.001),
 .UNSPECIFIED.);
#48=B_SPLINE_SURFACE_WITH_KNOTS('',3,1,((#9356,#9357),(#9358,#9359),(#9360,
#9361),(#9362,#9363),(#9364,#9365)),.UNSPECIFIED.,.F.,.F.,.F.,(4,1,4),(2,
2),(-0.158002371755458,-0.0785443495402672,0.),(-0.1,0.001),
 .UNSPECIFIED.);
#49=B_SPLINE_SURFACE_WITH_KNOTS('',3,1,((#9373,#9374),(#9375,#9376),(#9377,
#9378),(#9379,#9380),(#9381,#9382)),.UNSPECIFIED.,.F.,.F.,.F.,(4,1,4),(2,
2),(-0.0940853859211881,-0.0473787734660174,0.),(-0.1,0.001),
 .UNSPECIFIED.);
#50=B_SPLINE_SURFACE_WITH_KNOTS('',3,1,((#9390,#9391),(#9392,#9393),(#9394,
#9395),(#9396,#9397),(#9398,#9399)),.UNSPECIFIED.,.F.,.F.,.F.,(4,1,4),(2,
2),(-0.107040675034705,-0.050033120272274,0.),(-0.1,0.001),
 .UNSPECIFIED.);
#51=B_SPLINE_SURFACE_WITH_KNOTS('',3,1,((#9407,#9408),(#9409,#9410),(#9411,
#9412),(#9413,#9414),(#9415,#9416)),.UNSPECIFIED.,.F.,.F.,.F.,(4,1,4),(2,
2),(-0.128180469316661,-0.0521177337210716,0.),(-0.1,0.001),
 .UNSPECIFIED.);
#52=B_SPLINE_SURFACE_WITH_KNOTS('',3,1,((#9424,#9425),(#9426,#9427),(#9428,
#9429),(#9430,#9431),(#9432,#9433)),.UNSPECIFIED.,.F.,.F.,.F.,(4,1,4),(2,
2),(-0.114152993882816,-0.0725909206004847,0.),(-0.1,0.001),
 .UNSPECIFIED.);
#53=B_SPLINE_SURFACE_WITH_KNOTS('',3,1,((#9441,#9442),(#9443,#9444),(#9445,
#9446),(#9447,#9448),(#9449,#9450)),.UNSPECIFIED.,.F.,.F.,.F.,(4,1,4),(2,
2),(-0.0473751900900228,-0.0248604965148793,0.),(-0.1,0.001),
 .UNSPECIFIED.);
#54=B_SPLINE_SURFACE_WITH_KNOTS('',3,1,((#9568,#9569),(#9570,#9571),(#9572,
#9573),(#9574,#9575),(#9576,#9577)),.UNSPECIFIED.,.F.,.F.,.F.,(4,1,4),(2,
2),(-0.135660896808096,-0.0764814346652285,0.),(-0.1,0.001),
 .UNSPECIFIED.);
#55=B_SPLINE_SURFACE_WITH_KNOTS('',3,1,((#9587,#9588),(#9589,#9590),(#9591,
#9592),(#9593,#9594),(#9595,#9596)),.UNSPECIFIED.,.F.,.F.,.F.,(4,1,4),(2,
2),(-0.0967769634529692,-0.0495877872264478,0.),(-0.1,0.001),
 .UNSPECIFIED.);
#56=B_SPLINE_SURFACE_WITH_KNOTS('',3,1,((#9604,#9605),(#9606,#9607),(#9608,
#9609),(#9610,#9611),(#9612,#9613)),.UNSPECIFIED.,.F.,.F.,.F.,(4,1,4),(2,
2),(-0.0907462815822619,-0.0448586807250399,0.),(-0.1,0.001),
 .UNSPECIFIED.);
#57=B_SPLINE_SURFACE_WITH_KNOTS('',3,1,((#9621,#9622),(#9623,#9624),(#9625,
#9626),(#9627,#9628),(#9629,#9630)),.UNSPECIFIED.,.F.,.F.,.F.,(4,1,4),(2,
2),(-0.131469779042773,-0.0559176974168404,0.),(-0.1,0.001),
 .UNSPECIFIED.);
#58=B_SPLINE_SURFACE_WITH_KNOTS('',3,1,((#9638,#9639),(#9640,#9641),(#9642,
#9643),(#9644,#9645),(#9646,#9647)),.UNSPECIFIED.,.F.,.F.,.F.,(4,1,4),(2,
2),(-0.12725377601638,-0.0715141401180496,0.),(-0.1,0.001),
 .UNSPECIFIED.);
#59=B_SPLINE_SURFACE_WITH_KNOTS('',3,1,((#9655,#9656),(#9657,#9658),(#9659,
#9660),(#9661,#9662),(#9663,#9664)),.UNSPECIFIED.,.F.,.F.,.F.,(4,1,4),(2,
2),(-0.0926479638074174,-0.0471275203546908,0.),(-0.1,0.001),
 .UNSPECIFIED.);
#60=B_SPLINE_SURFACE_WITH_KNOTS('',3,1,((#9672,#9673),(#9674,#9675),(#9676,
#9677),(#9678,#9679),(#9680,#9681)),.UNSPECIFIED.,.F.,.F.,.F.,(4,1,4),(2,
2),(-0.0944881778063417,-0.047032607873217,0.),(-0.1,0.001),
 .UNSPECIFIED.);
#61=B_SPLINE_SURFACE_WITH_KNOTS('',3,1,((#9689,#9690),(#9691,#9692),(#9693,
#9694),(#9695,#9696),(#9697,#9698)),.UNSPECIFIED.,.F.,.F.,.F.,(4,1,4),(2,
2),(-0.121561377966677,-0.0542143723207414,0.),(-0.1,0.001),
 .UNSPECIFIED.);
#62=B_SPLINE_SURFACE_WITH_KNOTS('',3,1,((#9714,#9715),(#9716,#9717),(#9718,
#9719),(#9720,#9721),(#9722,#9723)),.UNSPECIFIED.,.F.,.F.,.F.,(4,1,4),(2,
2),(-0.0932670671098162,-0.0459510015251922,0.),(-0.1,0.001),
 .UNSPECIFIED.);
#63=B_SPLINE_SURFACE_WITH_KNOTS('',3,1,((#9731,#9732),(#9733,#9734),(#9735,
#9736),(#9737,#9738),(#9739,#9740)),.UNSPECIFIED.,.F.,.F.,.F.,(4,1,4),(2,
2),(-0.0982111118077548,-0.0483972997893449,0.),(-0.1,0.001),
 .UNSPECIFIED.);
#64=B_SPLINE_SURFACE_WITH_KNOTS('',3,1,((#9748,#9749),(#9750,#9751),(#9752,
#9753),(#9754,#9755),(#9756,#9757)),.UNSPECIFIED.,.F.,.F.,.F.,(4,1,4),(2,
2),(-0.173073277396232,-0.0853515939254179,0.),(-0.1,0.001),
 .UNSPECIFIED.);
#65=B_SPLINE_SURFACE_WITH_KNOTS('',3,1,((#9765,#9766),(#9767,#9768),(#9769,
#9770),(#9771,#9772),(#9773,#9774)),.UNSPECIFIED.,.F.,.F.,.F.,(4,1,4),(2,
2),(-0.210643387813288,-0.0969982870137477,0.),(-0.1,0.001),
 .UNSPECIFIED.);
#66=B_SPLINE_SURFACE_WITH_KNOTS('',3,1,((#9782,#9783),(#9784,#9785),(#9786,
#9787),(#9788,#9789),(#9790,#9791)),.UNSPECIFIED.,.F.,.F.,.F.,(4,1,4),(2,
2),(-0.215227363427757,-0.116503323651861,0.),(-0.1,0.001),
 .UNSPECIFIED.);
#67=B_SPLINE_SURFACE_WITH_KNOTS('',3,1,((#9799,#9800),(#9801,#9802),(#9803,
#9804),(#9805,#9806),(#9807,#9808)),.UNSPECIFIED.,.F.,.F.,.F.,(4,1,4),(2,
2),(-0.174103560026497,-0.0885688258572322,0.),(-0.1,0.001),
 .UNSPECIFIED.);
#68=B_SPLINE_SURFACE_WITH_KNOTS('',3,1,((#9816,#9817),(#9818,#9819),(#9820,
#9821),(#9822,#9823),(#9824,#9825)),.UNSPECIFIED.,.F.,.F.,.F.,(4,1,4),(2,
2),(-0.0802643683548153,-0.0411768424206162,0.),(-0.1,0.001),
 .UNSPECIFIED.);
#69=B_SPLINE_SURFACE_WITH_KNOTS('',3,1,((#9833,#9834),(#9835,#9836),(#9837,
#9838),(#9839,#9840),(#9841,#9842)),.UNSPECIFIED.,.F.,.F.,.F.,(4,1,4),(2,
2),(-0.0943648840678309,-0.0426796376735865,0.),(-0.1,0.001),
 .UNSPECIFIED.);
#70=B_SPLINE_SURFACE_WITH_KNOTS('',3,1,((#10046,#10047),(#10048,#10049),
(#10050,#10051),(#10052,#10053),(#10054,#10055)),.UNSPECIFIED.,.F.,.F.,
 .F.,(4,1,4),(2,2),(-0.0861217743640329,-0.0353966020332616,0.),(-0.1,0.001),
 .UNSPECIFIED.);
#71=B_SPLINE_SURFACE_WITH_KNOTS('',3,1,((#10065,#10066),(#10067,#10068),
(#10069,#10070),(#10071,#10072),(#10073,#10074)),.UNSPECIFIED.,.F.,.F.,
 .F.,(4,1,4),(2,2),(-0.0786719366503418,-0.048762468064099,0.),(-0.1,0.001),
 .UNSPECIFIED.);
#72=B_SPLINE_SURFACE_WITH_KNOTS('',3,1,((#10082,#10083),(#10084,#10085),
(#10086,#10087),(#10088,#10089),(#10090,#10091)),.UNSPECIFIED.,.F.,.F.,
 .F.,(4,1,4),(2,2),(-0.0571020672760175,-0.0295384934034313,0.),(-0.1,0.001),
 .UNSPECIFIED.);
#73=B_SPLINE_SURFACE_WITH_KNOTS('',3,1,((#10099,#10100),(#10101,#10102),
(#10103,#10104),(#10105,#10106),(#10107,#10108)),.UNSPECIFIED.,.F.,.F.,
 .F.,(4,1,4),(2,2),(-0.0554284329643387,-0.0273873118405862,0.),(-0.1,0.001),
 .UNSPECIFIED.);
#74=B_SPLINE_SURFACE_WITH_KNOTS('',3,1,((#10116,#10117),(#10118,#10119),
(#10120,#10121),(#10122,#10123),(#10124,#10125)),.UNSPECIFIED.,.F.,.F.,
 .F.,(4,1,4),(2,2),(-0.0597770893444274,-0.029051965014104,0.),(-0.1,0.001),
 .UNSPECIFIED.);
#75=B_SPLINE_SURFACE_WITH_KNOTS('',3,1,((#10133,#10134),(#10135,#10136),
(#10137,#10138),(#10139,#10140),(#10141,#10142)),.UNSPECIFIED.,.F.,.F.,
 .F.,(4,1,4),(2,2),(-0.0758635894680693,-0.036765057197463,0.),(-0.1,0.001),
 .UNSPECIFIED.);
#76=B_SPLINE_SURFACE_WITH_KNOTS('',3,1,((#10150,#10151),(#10152,#10153),
(#10154,#10155),(#10156,#10157),(#10158,#10159)),.UNSPECIFIED.,.F.,.F.,
 .F.,(4,1,4),(2,2),(-0.0567451205005749,-0.0291750600636051,0.),(-0.1,0.001),
 .UNSPECIFIED.);
#77=B_SPLINE_SURFACE_WITH_KNOTS('',3,1,((#10167,#10168),(#10169,#10170),
(#10171,#10172),(#10173,#10174),(#10175,#10176)),.UNSPECIFIED.,.F.,.F.,
 .F.,(4,1,4),(2,2),(-0.0672323783939437,-0.0258287627781231,0.),(-0.1,0.001),
 .UNSPECIFIED.);
#78=B_SPLINE_SURFACE_WITH_KNOTS('',3,1,((#10192,#10193),(#10194,#10195),
(#10196,#10197),(#10198,#10199),(#10200,#10201)),.UNSPECIFIED.,.F.,.F.,
 .F.,(4,1,4),(2,2),(-0.134768620170206,-0.0713930808179475,0.),(-0.1,0.001),
 .UNSPECIFIED.);
#79=B_SPLINE_SURFACE_WITH_KNOTS('',3,1,((#10209,#10210),(#10211,#10212),
(#10213,#10214),(#10215,#10216),(#10217,#10218)),.UNSPECIFIED.,.F.,.F.,
 .F.,(4,1,4),(2,2),(-0.158326121008272,-0.0692438938464755,0.),(-0.1,0.001),
 .UNSPECIFIED.);
#80=B_SPLINE_SURFACE_WITH_KNOTS('',3,1,((#10226,#10227),(#10228,#10229),
(#10230,#10231),(#10232,#10233),(#10234,#10235)),.UNSPECIFIED.,.F.,.F.,
 .F.,(4,1,4),(2,2),(-0.139200538614359,-0.0802621587547316,0.),(-0.1,0.001),
 .UNSPECIFIED.);
#81=B_SPLINE_SURFACE_WITH_KNOTS('',3,1,((#10243,#10244),(#10245,#10246),
(#10247,#10248),(#10249,#10250),(#10251,#10252)),.UNSPECIFIED.,.F.,.F.,
 .F.,(4,1,4),(2,2),(-0.0849522881825666,-0.0455252307088915,0.),(-0.1,0.001),
 .UNSPECIFIED.);
#82=B_SPLINE_SURFACE_WITH_KNOTS('',3,1,((#10260,#10261),(#10262,#10263),
(#10264,#10265),(#10266,#10267),(#10268,#10269)),.UNSPECIFIED.,.F.,.F.,
 .F.,(4,1,4),(2,2),(-0.124889937520712,-0.0493726504044471,0.),(-0.1,0.001),
 .UNSPECIFIED.);
#83=B_SPLINE_SURFACE_WITH_KNOTS('',3,1,((#10281,#10282),(#10283,#10284),
(#10285,#10286),(#10287,#10288),(#10289,#10290)),.UNSPECIFIED.,.F.,.F.,
 .F.,(4,1,4),(2,2),(-0.101146780077189,-0.0594100672916647,0.),(-0.1,0.001),
 .UNSPECIFIED.);
#84=B_SPLINE_SURFACE_WITH_KNOTS('',3,1,((#10298,#10299),(#10300,#10301),
(#10302,#10303),(#10304,#10305),(#10306,#10307)),.UNSPECIFIED.,.F.,.F.,
 .F.,(4,1,4),(2,2),(-0.0739658402320343,-0.0349356831810097,0.),(-0.1,0.001),
 .UNSPECIFIED.);
#85=B_SPLINE_SURFACE_WITH_KNOTS('',3,1,((#10319,#10320),(#10321,#10322),
(#10323,#10324),(#10325,#10326),(#10327,#10328)),.UNSPECIFIED.,.F.,.F.,
 .F.,(4,1,4),(2,2),(-0.0426270265060022,-0.0179911929413466,0.),(-0.1,0.001),
 .UNSPECIFIED.);
#86=B_SPLINE_SURFACE_WITH_KNOTS('',3,1,((#10336,#10337),(#10338,#10339),
(#10340,#10341),(#10342,#10343),(#10344,#10345)),.UNSPECIFIED.,.F.,.F.,
 .F.,(4,1,4),(2,2),(-0.0168391512886488,-0.0105469032569789,0.),(-0.1,0.001),
 .UNSPECIFIED.);
#87=B_SPLINE_SURFACE_WITH_KNOTS('',3,1,((#10353,#10354),(#10355,#10356),
(#10357,#10358),(#10359,#10360),(#10361,#10362)),.UNSPECIFIED.,.F.,.F.,
 .F.,(4,1,4),(2,2),(-0.0914008873111066,-0.0470927268197452,0.),(-0.1,0.001),
 .UNSPECIFIED.);
#88=B_SPLINE_SURFACE_WITH_KNOTS('',3,1,((#10370,#10371),(#10372,#10373),
(#10374,#10375),(#10376,#10377),(#10378,#10379)),.UNSPECIFIED.,.F.,.F.,
 .F.,(4,1,4),(2,2),(-0.0875953884704625,-0.0433213763368656,0.),(-0.1,0.001),
 .UNSPECIFIED.);
#89=B_SPLINE_SURFACE_WITH_KNOTS('',3,1,((#10387,#10388),(#10389,#10390),
(#10391,#10392),(#10393,#10394),(#10395,#10396)),.UNSPECIFIED.,.F.,.F.,
 .F.,(4,1,4),(2,2),(-0.136024704064777,-0.0724138595359263,0.),(-0.1,0.001),
 .UNSPECIFIED.);
#90=B_SPLINE_SURFACE_WITH_KNOTS('',3,1,((#10404,#10405),(#10406,#10407),
(#10408,#10409),(#10410,#10411),(#10412,#10413)),.UNSPECIFIED.,.F.,.F.,
 .F.,(4,1,4),(2,2),(-0.121903413287019,-0.0601475065243259,0.),(-0.1,0.001),
 .UNSPECIFIED.);
#91=B_SPLINE_SURFACE_WITH_KNOTS('',3,1,((#10421,#10422),(#10423,#10424),
(#10425,#10426),(#10427,#10428),(#10429,#10430)),.UNSPECIFIED.,.F.,.F.,
 .F.,(4,1,4),(2,2),(-0.0819265454570695,-0.0418950665490869,0.),(-0.1,0.001),
 .UNSPECIFIED.);
#92=B_SPLINE_SURFACE_WITH_KNOTS('',3,1,((#10438,#10439),(#10440,#10441),
(#10442,#10443),(#10444,#10445),(#10446,#10447)),.UNSPECIFIED.,.F.,.F.,
 .F.,(4,1,4),(2,2),(-0.0798616389772697,-0.0394880480157997,0.),(-0.1,0.001),
 .UNSPECIFIED.);
#93=B_SPLINE_SURFACE_WITH_KNOTS('',3,1,((#10455,#10456),(#10457,#10458),
(#10459,#10460),(#10461,#10462),(#10463,#10464)),.UNSPECIFIED.,.F.,.F.,
 .F.,(4,1,4),(2,2),(-0.113935613781932,-0.0492841407300579,0.),(-0.1,0.001),
 .UNSPECIFIED.);
#94=B_SPLINE_SURFACE_WITH_KNOTS('',3,1,((#10472,#10473),(#10474,#10475),
(#10476,#10477),(#10478,#10479),(#10480,#10481)),.UNSPECIFIED.,.F.,.F.,
 .F.,(4,1,4),(2,2),(-0.137632015889452,-0.0832711027165047,0.),(-0.1,0.001),
 .UNSPECIFIED.);
#95=B_SPLINE_SURFACE_WITH_KNOTS('',3,1,((#10493,#10494),(#10495,#10496),
(#10497,#10498),(#10499,#10500),(#10501,#10502)),.UNSPECIFIED.,.F.,.F.,
 .F.,(4,1,4),(2,2),(-0.0610912499907288,-0.0342246169020763,0.),(-0.1,0.001),
 .UNSPECIFIED.);
#96=B_SPLINE_SURFACE_WITH_KNOTS('',3,1,((#10510,#10511),(#10512,#10513),
(#10514,#10515),(#10516,#10517),(#10518,#10519)),.UNSPECIFIED.,.F.,.F.,
 .F.,(4,1,4),(2,2),(-0.0766258613207529,-0.0308992852095918,0.),(-0.1,0.001),
 .UNSPECIFIED.);
#97=B_SPLINE_SURFACE_WITH_KNOTS('',3,1,((#10527,#10528),(#10529,#10530),
(#10531,#10532),(#10533,#10534),(#10535,#10536)),.UNSPECIFIED.,.F.,.F.,
 .F.,(4,1,4),(2,2),(-0.0596002727046288,-0.0327911057434352,0.),(-0.1,0.001),
 .UNSPECIFIED.);
#98=B_SPLINE_SURFACE_WITH_KNOTS('',3,1,((#10544,#10545),(#10546,#10547),
(#10548,#10549),(#10550,#10551),(#10552,#10553)),.UNSPECIFIED.,.F.,.F.,
 .F.,(4,1,4),(2,2),(-0.0611780421910763,-0.0271617417703228,0.),(-0.1,0.001),
 .UNSPECIFIED.);
#99=B_SPLINE_SURFACE_WITH_KNOTS('',3,1,((#10661,#10662),(#10663,#10664),
(#10665,#10666),(#10667,#10668),(#10669,#10670)),.UNSPECIFIED.,.F.,.F.,
 .F.,(4,1,4),(2,2),(-0.123305648844763,-0.0717629139207691,0.),(-0.1,0.001),
 .UNSPECIFIED.);
#100=B_SPLINE_SURFACE_WITH_KNOTS('',3,1,((#10680,#10681),(#10682,#10683),
(#10684,#10685),(#10686,#10687),(#10688,#10689)),.UNSPECIFIED.,.F.,.F.,
 .F.,(4,1,4),(2,2),(-0.111278540083239,-0.0566248378456607,0.),(-0.1,0.001),
 .UNSPECIFIED.);
#101=B_SPLINE_SURFACE_WITH_KNOTS('',3,1,((#10697,#10698),(#10699,#10700),
(#10701,#10702),(#10703,#10704),(#10705,#10706)),.UNSPECIFIED.,.F.,.F.,
 .F.,(4,1,4),(2,2),(-0.0925349317327508,-0.0449655155002131,0.),(-0.1,0.001),
 .UNSPECIFIED.);
#102=B_SPLINE_SURFACE_WITH_KNOTS('',3,1,((#10714,#10715),(#10716,#10717),
(#10718,#10719),(#10720,#10721),(#10722,#10723)),.UNSPECIFIED.,.F.,.F.,
 .F.,(4,1,4),(2,2),(-0.126684741369415,-0.0560657995288578,0.),(-0.1,0.001),
 .UNSPECIFIED.);
#103=B_SPLINE_SURFACE_WITH_KNOTS('',3,1,((#10731,#10732),(#10733,#10734),
(#10735,#10736),(#10737,#10738),(#10739,#10740)),.UNSPECIFIED.,.F.,.F.,
 .F.,(4,1,4),(2,2),(-0.134442932901316,-0.0772644570920984,0.),(-0.1,0.001),
 .UNSPECIFIED.);
#104=B_SPLINE_SURFACE_WITH_KNOTS('',3,1,((#10748,#10749),(#10750,#10751),
(#10752,#10753),(#10754,#10755),(#10756,#10757)),.UNSPECIFIED.,.F.,.F.,
 .F.,(4,1,4),(2,2),(-0.093926852429377,-0.0471076358328634,0.),(-0.1,0.001),
 .UNSPECIFIED.);
#105=B_SPLINE_SURFACE_WITH_KNOTS('',3,1,((#10765,#10766),(#10767,#10768),
(#10769,#10770),(#10771,#10772),(#10773,#10774)),.UNSPECIFIED.,.F.,.F.,
 .F.,(4,1,4),(2,2),(-0.0929215019571199,-0.0458985186636998,0.),(-0.1,0.001),
 .UNSPECIFIED.);
#106=B_SPLINE_SURFACE_WITH_KNOTS('',3,1,((#10782,#10783),(#10784,#10785),
(#10786,#10787),(#10788,#10789),(#10790,#10791)),.UNSPECIFIED.,.F.,.F.,
 .F.,(4,1,4),(2,2),(-0.12241430983912,-0.0543478225884229,0.),(-0.1,0.001),
 .UNSPECIFIED.);
#107=B_SPLINE_SURFACE_WITH_KNOTS('',3,1,((#10807,#10808),(#10809,#10810),
(#10811,#10812),(#10813,#10814),(#10815,#10816)),.UNSPECIFIED.,.F.,.F.,
 .F.,(4,1,4),(2,2),(-0.100731022510341,-0.0519593113249158,0.),(-0.1,0.001),
 .UNSPECIFIED.);
#108=B_SPLINE_SURFACE_WITH_KNOTS('',3,1,((#10824,#10825),(#10826,#10827),
(#10828,#10829),(#10830,#10831),(#10832,#10833)),.UNSPECIFIED.,.F.,.F.,
 .F.,(4,1,4),(2,2),(-0.0904530444624377,-0.046354985676363,0.),(-0.1,0.001),
 .UNSPECIFIED.);
#109=B_SPLINE_SURFACE_WITH_KNOTS('',3,1,((#10841,#10842),(#10843,#10844),
(#10845,#10846),(#10847,#10848),(#10849,#10850)),.UNSPECIFIED.,.F.,.F.,
 .F.,(4,1,4),(2,2),(-0.173398972396404,-0.0848785088225358,0.),(-0.1,0.001),
 .UNSPECIFIED.);
#110=B_SPLINE_SURFACE_WITH_KNOTS('',3,1,((#10858,#10859),(#10860,#10861),
(#10862,#10863),(#10864,#10865),(#10866,#10867)),.UNSPECIFIED.,.F.,.F.,
 .F.,(4,1,4),(2,2),(-0.214385004805493,-0.0985988520709218,0.),(-0.1,0.001),
 .UNSPECIFIED.);
#111=B_SPLINE_SURFACE_WITH_KNOTS('',3,1,((#10875,#10876),(#10877,#10878),
(#10879,#10880),(#10881,#10882),(#10883,#10884)),.UNSPECIFIED.,.F.,.F.,
 .F.,(4,1,4),(2,2),(-0.213435243472562,-0.117058953671932,0.),(-0.1,0.001),
 .UNSPECIFIED.);
#112=B_SPLINE_SURFACE_WITH_KNOTS('',3,1,((#10892,#10893),(#10894,#10895),
(#10896,#10897),(#10898,#10899),(#10900,#10901)),.UNSPECIFIED.,.F.,.F.,
 .F.,(4,1,4),(2,2),(-0.175259986532926,-0.0870291344609812,0.),(-0.1,0.001),
 .UNSPECIFIED.);
#113=B_SPLINE_SURFACE_WITH_KNOTS('',3,1,((#10909,#10910),(#10911,#10912),
(#10913,#10914),(#10915,#10916),(#10917,#10918)),.UNSPECIFIED.,.F.,.F.,
 .F.,(4,1,4),(2,2),(-0.171049545885759,-0.083043707771948,0.),(-0.1,0.001),
 .UNSPECIFIED.);
#114=B_SPLINE_SURFACE_WITH_KNOTS('',3,1,((#11044,#11045),(#11046,#11047),
(#11048,#11049),(#11050,#11051),(#11052,#11053)),.UNSPECIFIED.,.F.,.F.,
 .F.,(4,1,4),(2,2),(-0.135660896808096,-0.0764814346652285,0.),(-0.1,0.001),
 .UNSPECIFIED.);
#115=B_SPLINE_SURFACE_WITH_KNOTS('',3,1,((#11063,#11064),(#11065,#11066),
(#11067,#11068),(#11069,#11070),(#11071,#11072)),.UNSPECIFIED.,.F.,.F.,
 .F.,(4,1,4),(2,2),(-0.0967769634529692,-0.0495877872264478,0.),(-0.1,0.001),
 .UNSPECIFIED.);
#116=B_SPLINE_SURFACE_WITH_KNOTS('',3,1,((#11080,#11081),(#11082,#11083),
(#11084,#11085),(#11086,#11087),(#11088,#11089)),.UNSPECIFIED.,.F.,.F.,
 .F.,(4,1,4),(2,2),(-0.0907462815822619,-0.0448586807250399,0.),(-0.1,0.001),
 .UNSPECIFIED.);
#117=B_SPLINE_SURFACE_WITH_KNOTS('',3,1,((#11097,#11098),(#11099,#11100),
(#11101,#11102),(#11103,#11104),(#11105,#11106)),.UNSPECIFIED.,.F.,.F.,
 .F.,(4,1,4),(2,2),(-0.131469779042773,-0.0559176974168404,0.),(-0.1,0.001),
 .UNSPECIFIED.);
#118=B_SPLINE_SURFACE_WITH_KNOTS('',3,1,((#11114,#11115),(#11116,#11117),
(#11118,#11119),(#11120,#11121),(#11122,#11123)),.UNSPECIFIED.,.F.,.F.,
 .F.,(4,1,4),(2,2),(-0.12725377601638,-0.0715141401180496,0.),(-0.1,0.001),
 .UNSPECIFIED.);
#119=B_SPLINE_SURFACE_WITH_KNOTS('',3,1,((#11131,#11132),(#11133,#11134),
(#11135,#11136),(#11137,#11138),(#11139,#11140)),.UNSPECIFIED.,.F.,.F.,
 .F.,(4,1,4),(2,2),(-0.0926479638074174,-0.0471275203546908,0.),(-0.1,0.001),
 .UNSPECIFIED.);
#120=B_SPLINE_SURFACE_WITH_KNOTS('',3,1,((#11148,#11149),(#11150,#11151),
(#11152,#11153),(#11154,#11155),(#11156,#11157)),.UNSPECIFIED.,.F.,.F.,
 .F.,(4,1,4),(2,2),(-0.0944881778063417,-0.047032607873217,0.),(-0.1,0.001),
 .UNSPECIFIED.);
#121=B_SPLINE_SURFACE_WITH_KNOTS('',3,1,((#11165,#11166),(#11167,#11168),
(#11169,#11170),(#11171,#11172),(#11173,#11174)),.UNSPECIFIED.,.F.,.F.,
 .F.,(4,1,4),(2,2),(-0.121561377966677,-0.0542143723207414,0.),(-0.1,0.001),
 .UNSPECIFIED.);
#122=B_SPLINE_SURFACE_WITH_KNOTS('',3,1,((#11190,#11191),(#11192,#11193),
(#11194,#11195),(#11196,#11197),(#11198,#11199)),.UNSPECIFIED.,.F.,.F.,
 .F.,(4,1,4),(2,2),(-0.0932670671098162,-0.0459510015251922,0.),(-0.1,0.001),
 .UNSPECIFIED.);
#123=B_SPLINE_SURFACE_WITH_KNOTS('',3,1,((#11207,#11208),(#11209,#11210),
(#11211,#11212),(#11213,#11214),(#11215,#11216)),.UNSPECIFIED.,.F.,.F.,
 .F.,(4,1,4),(2,2),(-0.0982111118077548,-0.0483972997893449,0.),(-0.1,0.001),
 .UNSPECIFIED.);
#124=B_SPLINE_SURFACE_WITH_KNOTS('',3,1,((#11224,#11225),(#11226,#11227),
(#11228,#11229),(#11230,#11231),(#11232,#11233)),.UNSPECIFIED.,.F.,.F.,
 .F.,(4,1,4),(2,2),(-0.173073277396232,-0.0853515939254179,0.),(-0.1,0.001),
 .UNSPECIFIED.);
#125=B_SPLINE_SURFACE_WITH_KNOTS('',3,1,((#11241,#11242),(#11243,#11244),
(#11245,#11246),(#11247,#11248),(#11249,#11250)),.UNSPECIFIED.,.F.,.F.,
 .F.,(4,1,4),(2,2),(-0.210643387813288,-0.0969982870137477,0.),(-0.1,0.001),
 .UNSPECIFIED.);
#126=B_SPLINE_SURFACE_WITH_KNOTS('',3,1,((#11258,#11259),(#11260,#11261),
(#11262,#11263),(#11264,#11265),(#11266,#11267)),.UNSPECIFIED.,.F.,.F.,
 .F.,(4,1,4),(2,2),(-0.215227363427757,-0.116503323651861,0.),(-0.1,0.001),
 .UNSPECIFIED.);
#127=B_SPLINE_SURFACE_WITH_KNOTS('',3,1,((#11275,#11276),(#11277,#11278),
(#11279,#11280),(#11281,#11282),(#11283,#11284)),.UNSPECIFIED.,.F.,.F.,
 .F.,(4,1,4),(2,2),(-0.174103560026497,-0.0885688258572322,0.),(-0.1,0.001),
 .UNSPECIFIED.);
#128=B_SPLINE_SURFACE_WITH_KNOTS('',3,1,((#11292,#11293),(#11294,#11295),
(#11296,#11297),(#11298,#11299),(#11300,#11301)),.UNSPECIFIED.,.F.,.F.,
 .F.,(4,1,4),(2,2),(-0.0802643683548153,-0.0411768424206162,0.),(-0.1,0.001),
 .UNSPECIFIED.);
#129=B_SPLINE_SURFACE_WITH_KNOTS('',3,1,((#11309,#11310),(#11311,#11312),
(#11313,#11314),(#11315,#11316),(#11317,#11318)),.UNSPECIFIED.,.F.,.F.,
 .F.,(4,1,4),(2,2),(-0.0943648840678309,-0.0426796376735865,0.),(-0.1,0.001),
 .UNSPECIFIED.);
#130=B_SPLINE_SURFACE_WITH_KNOTS('',3,1,((#11548,#11549),(#11550,#11551),
(#11552,#11553),(#11554,#11555),(#11556,#11557)),.UNSPECIFIED.,.F.,.F.,
 .F.,(4,1,4),(2,2),(-0.0861217743640329,-0.0353966020332616,0.),(-0.1,0.001),
 .UNSPECIFIED.);
#131=B_SPLINE_SURFACE_WITH_KNOTS('',3,1,((#11567,#11568),(#11569,#11570),
(#11571,#11572),(#11573,#11574),(#11575,#11576)),.UNSPECIFIED.,.F.,.F.,
 .F.,(4,1,4),(2,2),(-0.0786719366503418,-0.048762468064099,0.),(-0.1,0.001),
 .UNSPECIFIED.);
#132=B_SPLINE_SURFACE_WITH_KNOTS('',3,1,((#11584,#11585),(#11586,#11587),
(#11588,#11589),(#11590,#11591),(#11592,#11593)),.UNSPECIFIED.,.F.,.F.,
 .F.,(4,1,4),(2,2),(-0.0571020672760175,-0.0295384934034313,0.),(-0.1,0.001),
 .UNSPECIFIED.);
#133=B_SPLINE_SURFACE_WITH_KNOTS('',3,1,((#11601,#11602),(#11603,#11604),
(#11605,#11606),(#11607,#11608),(#11609,#11610)),.UNSPECIFIED.,.F.,.F.,
 .F.,(4,1,4),(2,2),(-0.0554284329643387,-0.0273873118405862,0.),(-0.1,0.001),
 .UNSPECIFIED.);
#134=B_SPLINE_SURFACE_WITH_KNOTS('',3,1,((#11618,#11619),(#11620,#11621),
(#11622,#11623),(#11624,#11625),(#11626,#11627)),.UNSPECIFIED.,.F.,.F.,
 .F.,(4,1,4),(2,2),(-0.0597770893444274,-0.029051965014104,0.),(-0.1,0.001),
 .UNSPECIFIED.);
#135=B_SPLINE_SURFACE_WITH_KNOTS('',3,1,((#11635,#11636),(#11637,#11638),
(#11639,#11640),(#11641,#11642),(#11643,#11644)),.UNSPECIFIED.,.F.,.F.,
 .F.,(4,1,4),(2,2),(-0.0758635894680693,-0.036765057197463,0.),(-0.1,0.001),
 .UNSPECIFIED.);
#136=B_SPLINE_SURFACE_WITH_KNOTS('',3,1,((#11652,#11653),(#11654,#11655),
(#11656,#11657),(#11658,#11659),(#11660,#11661)),.UNSPECIFIED.,.F.,.F.,
 .F.,(4,1,4),(2,2),(-0.0567451205005749,-0.0291750600636051,0.),(-0.1,0.001),
 .UNSPECIFIED.);
#137=B_SPLINE_SURFACE_WITH_KNOTS('',3,1,((#11669,#11670),(#11671,#11672),
(#11673,#11674),(#11675,#11676),(#11677,#11678)),.UNSPECIFIED.,.F.,.F.,
 .F.,(4,1,4),(2,2),(-0.0672323783939437,-0.0258287627781231,0.),(-0.1,0.001),
 .UNSPECIFIED.);
#138=B_SPLINE_SURFACE_WITH_KNOTS('',3,1,((#11694,#11695),(#11696,#11697),
(#11698,#11699),(#11700,#11701),(#11702,#11703)),.UNSPECIFIED.,.F.,.F.,
 .F.,(4,1,4),(2,2),(-0.134768620170206,-0.0713930808179475,0.),(-0.1,0.001),
 .UNSPECIFIED.);
#139=B_SPLINE_SURFACE_WITH_KNOTS('',3,1,((#11711,#11712),(#11713,#11714),
(#11715,#11716),(#11717,#11718),(#11719,#11720)),.UNSPECIFIED.,.F.,.F.,
 .F.,(4,1,4),(2,2),(-0.158326121008272,-0.0692438938464755,0.),(-0.1,0.001),
 .UNSPECIFIED.);
#140=B_SPLINE_SURFACE_WITH_KNOTS('',3,1,((#11728,#11729),(#11730,#11731),
(#11732,#11733),(#11734,#11735),(#11736,#11737)),.UNSPECIFIED.,.F.,.F.,
 .F.,(4,1,4),(2,2),(-0.139200538614359,-0.0802621587547316,0.),(-0.1,0.001),
 .UNSPECIFIED.);
#141=B_SPLINE_SURFACE_WITH_KNOTS('',3,1,((#11745,#11746),(#11747,#11748),
(#11749,#11750),(#11751,#11752),(#11753,#11754)),.UNSPECIFIED.,.F.,.F.,
 .F.,(4,1,4),(2,2),(-0.0849522881825666,-0.0455252307088915,0.),(-0.1,0.001),
 .UNSPECIFIED.);
#142=B_SPLINE_SURFACE_WITH_KNOTS('',3,1,((#11762,#11763),(#11764,#11765),
(#11766,#11767),(#11768,#11769),(#11770,#11771)),.UNSPECIFIED.,.F.,.F.,
 .F.,(4,1,4),(2,2),(-0.124889937520712,-0.0493726504044471,0.),(-0.1,0.001),
 .UNSPECIFIED.);
#143=B_SPLINE_SURFACE_WITH_KNOTS('',3,1,((#11783,#11784),(#11785,#11786),
(#11787,#11788),(#11789,#11790),(#11791,#11792)),.UNSPECIFIED.,.F.,.F.,
 .F.,(4,1,4),(2,2),(-0.101146780077189,-0.0594100672916647,0.),(-0.1,0.001),
 .UNSPECIFIED.);
#144=B_SPLINE_SURFACE_WITH_KNOTS('',3,1,((#11800,#11801),(#11802,#11803),
(#11804,#11805),(#11806,#11807),(#11808,#11809)),.UNSPECIFIED.,.F.,.F.,
 .F.,(4,1,4),(2,2),(-0.0739658402320343,-0.0349356831810097,0.),(-0.1,0.001),
 .UNSPECIFIED.);
#145=B_SPLINE_SURFACE_WITH_KNOTS('',3,1,((#11821,#11822),(#11823,#11824),
(#11825,#11826),(#11827,#11828),(#11829,#11830)),.UNSPECIFIED.,.F.,.F.,
 .F.,(4,1,4),(2,2),(-0.0426270265060022,-0.0179911929413466,0.),(-0.1,0.001),
 .UNSPECIFIED.);
#146=B_SPLINE_SURFACE_WITH_KNOTS('',3,1,((#11838,#11839),(#11840,#11841),
(#11842,#11843),(#11844,#11845),(#11846,#11847)),.UNSPECIFIED.,.F.,.F.,
 .F.,(4,1,4),(2,2),(-0.0168391512886488,-0.0105469032569789,0.),(-0.1,0.001),
 .UNSPECIFIED.);
#147=B_SPLINE_SURFACE_WITH_KNOTS('',3,1,((#11855,#11856),(#11857,#11858),
(#11859,#11860),(#11861,#11862),(#11863,#11864)),.UNSPECIFIED.,.F.,.F.,
 .F.,(4,1,4),(2,2),(-0.0914008873111066,-0.0470927268197452,0.),(-0.1,0.001),
 .UNSPECIFIED.);
#148=B_SPLINE_SURFACE_WITH_KNOTS('',3,1,((#11872,#11873),(#11874,#11875),
(#11876,#11877),(#11878,#11879),(#11880,#11881)),.UNSPECIFIED.,.F.,.F.,
 .F.,(4,1,4),(2,2),(-0.0875953884704625,-0.0433213763368656,0.),(-0.1,0.001),
 .UNSPECIFIED.);
#149=B_SPLINE_SURFACE_WITH_KNOTS('',3,1,((#11889,#11890),(#11891,#11892),
(#11893,#11894),(#11895,#11896),(#11897,#11898)),.UNSPECIFIED.,.F.,.F.,
 .F.,(4,1,4),(2,2),(-0.136024704064777,-0.0724138595359263,0.),(-0.1,0.001),
 .UNSPECIFIED.);
#150=B_SPLINE_SURFACE_WITH_KNOTS('',3,1,((#11906,#11907),(#11908,#11909),
(#11910,#11911),(#11912,#11913),(#11914,#11915)),.UNSPECIFIED.,.F.,.F.,
 .F.,(4,1,4),(2,2),(-0.121903413287019,-0.0601475065243259,0.),(-0.1,0.001),
 .UNSPECIFIED.);
#151=B_SPLINE_SURFACE_WITH_KNOTS('',3,1,((#11923,#11924),(#11925,#11926),
(#11927,#11928),(#11929,#11930),(#11931,#11932)),.UNSPECIFIED.,.F.,.F.,
 .F.,(4,1,4),(2,2),(-0.0819265454570695,-0.0418950665490869,0.),(-0.1,0.001),
 .UNSPECIFIED.);
#152=B_SPLINE_SURFACE_WITH_KNOTS('',3,1,((#11940,#11941),(#11942,#11943),
(#11944,#11945),(#11946,#11947),(#11948,#11949)),.UNSPECIFIED.,.F.,.F.,
 .F.,(4,1,4),(2,2),(-0.0798616389772697,-0.0394880480157997,0.),(-0.1,0.001),
 .UNSPECIFIED.);
#153=B_SPLINE_SURFACE_WITH_KNOTS('',3,1,((#11957,#11958),(#11959,#11960),
(#11961,#11962),(#11963,#11964),(#11965,#11966)),.UNSPECIFIED.,.F.,.F.,
 .F.,(4,1,4),(2,2),(-0.113935613781932,-0.0492841407300579,0.),(-0.1,0.001),
 .UNSPECIFIED.);
#154=B_SPLINE_SURFACE_WITH_KNOTS('',3,1,((#11974,#11975),(#11976,#11977),
(#11978,#11979),(#11980,#11981),(#11982,#11983)),.UNSPECIFIED.,.F.,.F.,
 .F.,(4,1,4),(2,2),(-0.137632015889452,-0.0832711027165047,0.),(-0.1,0.001),
 .UNSPECIFIED.);
#155=B_SPLINE_SURFACE_WITH_KNOTS('',3,1,((#11995,#11996),(#11997,#11998),
(#11999,#12000),(#12001,#12002),(#12003,#12004)),.UNSPECIFIED.,.F.,.F.,
 .F.,(4,1,4),(2,2),(-0.0610912499907288,-0.0342246169020763,0.),(-0.1,0.001),
 .UNSPECIFIED.);
#156=B_SPLINE_SURFACE_WITH_KNOTS('',3,1,((#12012,#12013),(#12014,#12015),
(#12016,#12017),(#12018,#12019),(#12020,#12021)),.UNSPECIFIED.,.F.,.F.,
 .F.,(4,1,4),(2,2),(-0.0766258613207529,-0.0308992852095918,0.),(-0.1,0.001),
 .UNSPECIFIED.);
#157=B_SPLINE_SURFACE_WITH_KNOTS('',3,1,((#12029,#12030),(#12031,#12032),
(#12033,#12034),(#12035,#12036),(#12037,#12038)),.UNSPECIFIED.,.F.,.F.,
 .F.,(4,1,4),(2,2),(-0.0596002727046288,-0.0327911057434352,0.),(-0.1,0.001),
 .UNSPECIFIED.);
#158=B_SPLINE_SURFACE_WITH_KNOTS('',3,1,((#12046,#12047),(#12048,#12049),
(#12050,#12051),(#12052,#12053),(#12054,#12055)),.UNSPECIFIED.,.F.,.F.,
 .F.,(4,1,4),(2,2),(-0.0611780421910763,-0.0271617417703228,0.),(-0.1,0.001),
 .UNSPECIFIED.);
#159=B_SPLINE_SURFACE_WITH_KNOTS('',3,1,((#12225,#12226),(#12227,#12228),
(#12229,#12230),(#12231,#12232),(#12233,#12234)),.UNSPECIFIED.,.F.,.F.,
 .F.,(4,1,4),(2,2),(-0.086091018276066,-0.0463071441745293,0.),(-0.1,0.001),
 .UNSPECIFIED.);
#160=B_SPLINE_SURFACE_WITH_KNOTS('',3,1,((#12242,#12243),(#12244,#12245),
(#12246,#12247),(#12248,#12249),(#12250,#12251)),.UNSPECIFIED.,.F.,.F.,
 .F.,(4,1,4),(2,2),(-0.0740005553636911,-0.0367691100511911,0.),(-0.1,0.001),
 .UNSPECIFIED.);
#161=B_SPLINE_SURFACE_WITH_KNOTS('',3,1,((#12259,#12260),(#12261,#12262),
(#12263,#12264),(#12265,#12266),(#12267,#12268)),.UNSPECIFIED.,.F.,.F.,
 .F.,(4,1,4),(2,2),(-0.0803743039878969,-0.0399444672174099,0.),(-0.1,0.001),
 .UNSPECIFIED.);
#162=B_SPLINE_SURFACE_WITH_KNOTS('',3,1,((#12276,#12277),(#12278,#12279),
(#12280,#12281),(#12282,#12283),(#12284,#12285)),.UNSPECIFIED.,.F.,.F.,
 .F.,(4,1,4),(2,2),(-0.0932736274655416,-0.0436667621192301,0.),(-0.1,0.001),
 .UNSPECIFIED.);
#163=B_SPLINE_SURFACE_WITH_KNOTS('',3,1,((#12293,#12294),(#12295,#12296),
(#12297,#12298),(#12299,#12300),(#12301,#12302)),.UNSPECIFIED.,.F.,.F.,
 .F.,(4,1,4),(2,2),(-0.0882125359273256,-0.0469056664925509,0.),(-0.1,0.001),
 .UNSPECIFIED.);
#164=B_SPLINE_SURFACE_WITH_KNOTS('',3,1,((#12310,#12311),(#12312,#12313),
(#12314,#12315),(#12316,#12317),(#12318,#12319)),.UNSPECIFIED.,.F.,.F.,
 .F.,(4,1,4),(2,2),(-0.0760855130380274,-0.038331827500386,0.),(-0.1,0.001),
 .UNSPECIFIED.);
#165=B_SPLINE_SURFACE_WITH_KNOTS('',3,1,((#12327,#12328),(#12329,#12330),
(#12331,#12332),(#12333,#12334),(#12335,#12336)),.UNSPECIFIED.,.F.,.F.,
 .F.,(4,1,4),(2,2),(-0.0639591107402408,-0.0290440137581519,0.),(-0.1,0.001),
 .UNSPECIFIED.);
#166=B_SPLINE_SURFACE_WITH_KNOTS('',3,1,((#12348,#12349),(#12350,#12351),
(#12352,#12353),(#12354,#12355),(#12356,#12357)),.UNSPECIFIED.,.F.,.F.,
 .F.,(4,1,4),(2,2),(-0.0899011892922643,-0.0493587274536086,0.),(-0.1,0.001),
 .UNSPECIFIED.);
#167=B_SPLINE_SURFACE_WITH_KNOTS('',3,1,((#12365,#12366),(#12367,#12368),
(#12369,#12370),(#12371,#12372),(#12373,#12374)),.UNSPECIFIED.,.F.,.F.,
 .F.,(4,1,4),(2,2),(-0.0760256342939499,-0.0370620124135101,0.),(-0.1,0.001),
 .UNSPECIFIED.);
#168=B_SPLINE_SURFACE_WITH_KNOTS('',3,1,((#12382,#12383),(#12384,#12385),
(#12386,#12387),(#12388,#12389),(#12390,#12391)),.UNSPECIFIED.,.F.,.F.,
 .F.,(4,1,4),(2,2),(-0.0627780240778955,-0.0329119311117287,0.),(-0.1,0.001),
 .UNSPECIFIED.);
#169=B_SPLINE_SURFACE_WITH_KNOTS('',3,1,((#12399,#12400),(#12401,#12402),
(#12403,#12404),(#12405,#12406),(#12407,#12408)),.UNSPECIFIED.,.F.,.F.,
 .F.,(4,1,4),(2,2),(-0.0623140703395139,-0.0297633857585633,0.),(-0.1,0.001),
 .UNSPECIFIED.);
#170=B_SPLINE_SURFACE_WITH_KNOTS('',3,1,((#12416,#12417),(#12418,#12419),
(#12420,#12421),(#12422,#12423),(#12424,#12425)),.UNSPECIFIED.,.F.,.F.,
 .F.,(4,1,4),(2,2),(-0.0661691471276452,-0.0331593393078455,0.),(-0.1,0.001),
 .UNSPECIFIED.);
#171=B_SPLINE_SURFACE_WITH_KNOTS('',3,1,((#12433,#12434),(#12435,#12436),
(#12437,#12438),(#12439,#12440),(#12441,#12442)),.UNSPECIFIED.,.F.,.F.,
 .F.,(4,1,4),(2,2),(-0.0786055541910897,-0.0360907232163143,0.),(-0.1,0.001),
 .UNSPECIFIED.);
#172=B_SPLINE_SURFACE_WITH_KNOTS('',3,1,((#12454,#12455),(#12456,#12457),
(#12458,#12459),(#12460,#12461),(#12462,#12463)),.UNSPECIFIED.,.F.,.F.,
 .F.,(4,1,4),(2,2),(-0.111671240393394,-0.0607074331475593,0.),(-0.1,0.001),
 .UNSPECIFIED.);
#173=B_SPLINE_SURFACE_WITH_KNOTS('',3,1,((#12471,#12472),(#12473,#12474),
(#12475,#12476),(#12477,#12478),(#12479,#12480)),.UNSPECIFIED.,.F.,.F.,
 .F.,(4,1,4),(2,2),(-0.0969790128113749,-0.0470844991365213,0.),(-0.1,0.001),
 .UNSPECIFIED.);
#174=B_SPLINE_SURFACE_WITH_KNOTS('',3,1,((#12488,#12489),(#12490,#12491),
(#12492,#12493),(#12494,#12495),(#12496,#12497)),.UNSPECIFIED.,.F.,.F.,
 .F.,(4,1,4),(2,2),(-0.10964231444415,-0.0531552088622632,0.),(-0.1,0.001),
 .UNSPECIFIED.);
#175=B_SPLINE_SURFACE_WITH_KNOTS('',3,1,((#12505,#12506),(#12507,#12508),
(#12509,#12510),(#12511,#12512),(#12513,#12514)),.UNSPECIFIED.,.F.,.F.,
 .F.,(4,1,4),(2,2),(-0.178409948650176,-0.0924790379253424,0.),(-0.1,0.001),
 .UNSPECIFIED.);
#176=B_SPLINE_SURFACE_WITH_KNOTS('',3,1,((#12522,#12523),(#12524,#12525),
(#12526,#12527),(#12528,#12529),(#12530,#12531)),.UNSPECIFIED.,.F.,.F.,
 .F.,(4,1,4),(2,2),(-0.131876040537338,-0.0676451290232189,0.),(-0.1,0.001),
 .UNSPECIFIED.);
#177=B_SPLINE_SURFACE_WITH_KNOTS('',3,1,((#12539,#12540),(#12541,#12542),
(#12543,#12544),(#12545,#12546),(#12547,#12548)),.UNSPECIFIED.,.F.,.F.,
 .F.,(4,1,4),(2,2),(-0.189954741551361,-0.0885457524123619,0.),(-0.1,0.001),
 .UNSPECIFIED.);
#178=B_SPLINE_SURFACE_WITH_KNOTS('',3,1,((#12556,#12557),(#12558,#12559),
(#12560,#12561),(#12562,#12563),(#12564,#12565)),.UNSPECIFIED.,.F.,.F.,
 .F.,(4,1,4),(2,2),(-0.116559481127549,-0.0593376305585333,0.),(-0.1,0.001),
 .UNSPECIFIED.);
#179=B_SPLINE_SURFACE_WITH_KNOTS('',3,1,((#12573,#12574),(#12575,#12576),
(#12577,#12578),(#12579,#12580),(#12581,#12582)),.UNSPECIFIED.,.F.,.F.,
 .F.,(4,1,4),(2,2),(-0.118595503810254,-0.0577132184466218,0.),(-0.1,0.001),
 .UNSPECIFIED.);
#180=B_SPLINE_SURFACE_WITH_KNOTS('',3,1,((#12590,#12591),(#12592,#12593),
(#12594,#12595),(#12596,#12597),(#12598,#12599)),.UNSPECIFIED.,.F.,.F.,
 .F.,(4,1,4),(2,2),(-0.178674996128412,-0.0889612056855102,0.),(-0.1,0.001),
 .UNSPECIFIED.);
#181=B_SPLINE_SURFACE_WITH_KNOTS('',3,1,((#12607,#12608),(#12609,#12610),
(#12611,#12612),(#12613,#12614),(#12615,#12616)),.UNSPECIFIED.,.F.,.F.,
 .F.,(4,1,4),(2,2),(-0.187499822126852,-0.0919306166332755,0.),(-0.1,0.001),
 .UNSPECIFIED.);
#182=B_SPLINE_SURFACE_WITH_KNOTS('',3,1,((#12624,#12625),(#12626,#12627),
(#12628,#12629),(#12630,#12631),(#12632,#12633)),.UNSPECIFIED.,.F.,.F.,
 .F.,(4,1,4),(2,2),(-0.173509268127623,-0.0899596296274156,0.),(-0.1,0.001),
 .UNSPECIFIED.);
#183=B_SPLINE_SURFACE_WITH_KNOTS('',3,1,((#12641,#12642),(#12643,#12644),
(#12645,#12646),(#12647,#12648),(#12649,#12650)),.UNSPECIFIED.,.F.,.F.,
 .F.,(4,1,4),(2,2),(-0.167039691374302,-0.081951670420114,0.),(-0.1,0.001),
 .UNSPECIFIED.);
#184=B_SPLINE_SURFACE_WITH_KNOTS('',3,1,((#12758,#12759),(#12760,#12761),
(#12762,#12763),(#12764,#12765),(#12766,#12767)),.UNSPECIFIED.,.F.,.F.,
 .F.,(4,1,4),(2,2),(-0.122992943647722,-0.0703552963562255,0.),(-0.1,0.001),
 .UNSPECIFIED.);
#185=B_SPLINE_SURFACE_WITH_KNOTS('',3,1,((#12777,#12778),(#12779,#12780),
(#12781,#12782),(#12783,#12784),(#12785,#12786)),.UNSPECIFIED.,.F.,.F.,
 .F.,(4,1,4),(2,2),(-0.11330176767763,-0.0583511416182187,0.),(-0.1,0.001),
 .UNSPECIFIED.);
#186=B_SPLINE_SURFACE_WITH_KNOTS('',3,1,((#12794,#12795),(#12796,#12797),
(#12798,#12799),(#12800,#12801),(#12802,#12803)),.UNSPECIFIED.,.F.,.F.,
 .F.,(4,1,4),(2,2),(-0.0889458113893969,-0.0431584591918149,0.),(-0.1,0.001),
 .UNSPECIFIED.);
#187=B_SPLINE_SURFACE_WITH_KNOTS('',3,1,((#12811,#12812),(#12813,#12814),
(#12815,#12816),(#12817,#12818),(#12819,#12820)),.UNSPECIFIED.,.F.,.F.,
 .F.,(4,1,4),(2,2),(-0.128212258282095,-0.0554449890178883,0.),(-0.1,0.001),
 .UNSPECIFIED.);
#188=B_SPLINE_SURFACE_WITH_KNOTS('',3,1,((#12828,#12829),(#12830,#12831),
(#12832,#12833),(#12834,#12835),(#12836,#12837)),.UNSPECIFIED.,.F.,.F.,
 .F.,(4,1,4),(2,2),(-0.13396812307226,-0.0769002519785097,0.),(-0.1,0.001),
 .UNSPECIFIED.);
#189=B_SPLINE_SURFACE_WITH_KNOTS('',3,1,((#12845,#12846),(#12847,#12848),
(#12849,#12850),(#12851,#12852),(#12853,#12854)),.UNSPECIFIED.,.F.,.F.,
 .F.,(4,1,4),(2,2),(-0.093926852429377,-0.0471076358328634,0.),(-0.1,0.001),
 .UNSPECIFIED.);
#190=B_SPLINE_SURFACE_WITH_KNOTS('',3,1,((#12862,#12863),(#12864,#12865),
(#12866,#12867),(#12868,#12869),(#12870,#12871)),.UNSPECIFIED.,.F.,.F.,
 .F.,(4,1,4),(2,2),(-0.0929203362873786,-0.0461713509441139,0.),(-0.1,0.001),
 .UNSPECIFIED.);
#191=B_SPLINE_SURFACE_WITH_KNOTS('',3,1,((#12879,#12880),(#12881,#12882),
(#12883,#12884),(#12885,#12886),(#12887,#12888)),.UNSPECIFIED.,.F.,.F.,
 .F.,(4,1,4),(2,2),(-0.122821027177299,-0.0541559338634705,0.),(-0.1,0.001),
 .UNSPECIFIED.);
#192=B_SPLINE_SURFACE_WITH_KNOTS('',3,1,((#12908,#12909),(#12910,#12911),
(#12912,#12913),(#12914,#12915),(#12916,#12917)),.UNSPECIFIED.,.F.,.F.,
 .F.,(4,1,4),(2,2),(-0.171049545885759,-0.0880058381138107,0.),(-0.1,0.001),
 .UNSPECIFIED.);
#193=B_SPLINE_SURFACE_WITH_KNOTS('',3,1,((#12925,#12926),(#12927,#12928),
(#12929,#12930),(#12931,#12932),(#12933,#12934)),.UNSPECIFIED.,.F.,.F.,
 .F.,(4,1,4),(2,2),(-0.175259986532926,-0.0882308520719447,0.),(-0.1,0.001),
 .UNSPECIFIED.);
#194=B_SPLINE_SURFACE_WITH_KNOTS('',3,1,((#12942,#12943),(#12944,#12945),
(#12946,#12947),(#12948,#12949),(#12950,#12951)),.UNSPECIFIED.,.F.,.F.,
 .F.,(4,1,4),(2,2),(-0.21014732880645,-0.0956287679054572,0.),(-0.1,0.001),
 .UNSPECIFIED.);
#195=B_SPLINE_SURFACE_WITH_KNOTS('',3,1,((#12959,#12960),(#12961,#12962),
(#12963,#12964),(#12965,#12966),(#12967,#12968)),.UNSPECIFIED.,.F.,.F.,
 .F.,(4,1,4),(2,2),(-0.217729731146934,-0.118611850814699,0.),(-0.1,0.001),
 .UNSPECIFIED.);
#196=B_SPLINE_SURFACE_WITH_KNOTS('',3,1,((#12976,#12977),(#12978,#12979),
(#12980,#12981),(#12982,#12983),(#12984,#12985)),.UNSPECIFIED.,.F.,.F.,
 .F.,(4,1,4),(2,2),(-0.17377428132195,-0.0883120499955123,0.),(-0.1,0.001),
 .UNSPECIFIED.);
#197=B_SPLINE_SURFACE_WITH_KNOTS('',3,1,((#12993,#12994),(#12995,#12996),
(#12997,#12998),(#12999,#13000),(#13001,#13002)),.UNSPECIFIED.,.F.,.F.,
 .F.,(4,1,4),(2,2),(-0.0910755554007109,-0.0444765826181178,0.),(-0.1,0.001),
 .UNSPECIFIED.);
#198=B_SPLINE_SURFACE_WITH_KNOTS('',3,1,((#13010,#13011),(#13012,#13013),
(#13014,#13015),(#13016,#13017),(#13018,#13019)),.UNSPECIFIED.,.F.,.F.,
 .F.,(4,1,4),(2,2),(-0.0999999225913237,-0.0487396201062728,0.),(-0.1,0.001),
 .UNSPECIFIED.);
#199=B_SPLINE_SURFACE_WITH_KNOTS('',3,1,((#13107,#13108),(#13109,#13110),
(#13111,#13112),(#13113,#13114),(#13115,#13116)),.UNSPECIFIED.,.F.,.F.,
 .F.,(4,1,4),(2,2),(-0.0910315374929745,-0.0533204536296388,0.),(-0.1,0.001),
 .UNSPECIFIED.);
#200=B_SPLINE_SURFACE_WITH_KNOTS('',3,1,((#13124,#13125),(#13126,#13127),
(#13128,#13129),(#13130,#13131),(#13132,#13133)),.UNSPECIFIED.,.F.,.F.,
 .F.,(4,1,4),(2,2),(-0.062251874152101,-0.0305459462875889,0.),(-0.1,0.001),
 .UNSPECIFIED.);
#201=B_SPLINE_SURFACE_WITH_KNOTS('',3,1,((#13141,#13142),(#13143,#13144),
(#13145,#13146),(#13147,#13148),(#13149,#13150)),.UNSPECIFIED.,.F.,.F.,
 .F.,(4,1,4),(2,2),(-0.0948489478770998,-0.0464730513428362,0.),(-0.1,0.001),
 .UNSPECIFIED.);
#202=B_SPLINE_SURFACE_WITH_KNOTS('',3,1,((#13162,#13163),(#13164,#13165),
(#13166,#13167),(#13168,#13169),(#13170,#13171)),.UNSPECIFIED.,.F.,.F.,
 .F.,(4,1,4),(2,2),(-0.0689601537654248,-0.0374499304614166,0.),(-0.1,0.001),
 .UNSPECIFIED.);
#203=B_SPLINE_SURFACE_WITH_KNOTS('',3,1,((#13179,#13180),(#13181,#13182),
(#13183,#13184),(#13185,#13186),(#13187,#13188)),.UNSPECIFIED.,.F.,.F.,
 .F.,(4,1,4),(2,2),(-0.0521094019353739,-0.0269054294908559,0.),(-0.1,0.001),
 .UNSPECIFIED.);
#204=B_SPLINE_SURFACE_WITH_KNOTS('',3,1,((#13196,#13197),(#13198,#13199),
(#13200,#13201),(#13202,#13203),(#13204,#13205)),.UNSPECIFIED.,.F.,.F.,
 .F.,(4,1,4),(2,2),(-0.0662098316117553,-0.0285677133639577,0.),(-0.1,0.001),
 .UNSPECIFIED.);
#205=B_SPLINE_SURFACE_WITH_KNOTS('',3,1,((#13213,#13214),(#13215,#13216),
(#13217,#13218),(#13219,#13220),(#13221,#13222)),.UNSPECIFIED.,.F.,.F.,
 .F.,(4,1,4),(2,2),(-0.174439816737909,-0.0647831472752962,0.),(-0.1,0.001),
 .UNSPECIFIED.);
#206=B_SPLINE_SURFACE_WITH_KNOTS('',3,1,((#13342,#13343),(#13344,#13345),
(#13346,#13347),(#13348,#13349),(#13350,#13351)),.UNSPECIFIED.,.F.,.F.,
 .F.,(4,1,4),(2,2),(-0.125817652364266,-0.0687277541148885,0.),(-0.1,0.001),
 .UNSPECIFIED.);
#207=B_SPLINE_SURFACE_WITH_KNOTS('',3,1,((#13361,#13362),(#13363,#13364),
(#13365,#13366),(#13367,#13368),(#13369,#13370)),.UNSPECIFIED.,.F.,.F.,
 .F.,(4,1,4),(2,2),(-0.101662575640898,-0.0511719274156608,0.),(-0.1,0.001),
 .UNSPECIFIED.);
#208=B_SPLINE_SURFACE_WITH_KNOTS('',3,1,((#13378,#13379),(#13380,#13381),
(#13382,#13383),(#13384,#13385),(#13386,#13387)),.UNSPECIFIED.,.F.,.F.,
 .F.,(4,1,4),(2,2),(-0.101456605662815,-0.0504308865003526,0.),(-0.1,0.001),
 .UNSPECIFIED.);
#209=B_SPLINE_SURFACE_WITH_KNOTS('',3,1,((#13395,#13396),(#13397,#13398),
(#13399,#13400),(#13401,#13402),(#13403,#13404)),.UNSPECIFIED.,.F.,.F.,
 .F.,(4,1,4),(2,2),(-0.126662209694495,-0.0572165119081359,0.),(-0.1,0.001),
 .UNSPECIFIED.);
#210=B_SPLINE_SURFACE_WITH_KNOTS('',3,1,((#13412,#13413),(#13414,#13415),
(#13416,#13417),(#13418,#13419),(#13420,#13421)),.UNSPECIFIED.,.F.,.F.,
 .F.,(4,1,4),(2,2),(-0.124781532279695,-0.067993739346548,0.),(-0.1,0.001),
 .UNSPECIFIED.);
#211=B_SPLINE_SURFACE_WITH_KNOTS('',3,1,((#13429,#13430),(#13431,#13432),
(#13433,#13434),(#13435,#13436),(#13437,#13438)),.UNSPECIFIED.,.F.,.F.,
 .F.,(4,1,4),(2,2),(-0.101456605662815,-0.0510257191624628,0.),(-0.1,0.001),
 .UNSPECIFIED.);
#212=B_SPLINE_SURFACE_WITH_KNOTS('',3,1,((#13446,#13447),(#13448,#13449),
(#13450,#13451),(#13452,#13453),(#13454,#13455)),.UNSPECIFIED.,.F.,.F.,
 .F.,(4,1,4),(2,2),(-0.101662575640898,-0.0504906482252372,0.),(-0.1,0.001),
 .UNSPECIFIED.);
#213=B_SPLINE_SURFACE_WITH_KNOTS('',3,1,((#13463,#13464),(#13465,#13466),
(#13467,#13468),(#13469,#13470),(#13471,#13472)),.UNSPECIFIED.,.F.,.F.,
 .F.,(4,1,4),(2,2),(-0.125817652364266,-0.057089898249378,0.),(-0.1,0.001),
 .UNSPECIFIED.);
#214=B_SPLINE_SURFACE_WITH_KNOTS('',3,1,((#13478,#13479),(#13480,#13481),
(#13482,#13483),(#13484,#13485),(#13486,#13487)),.UNSPECIFIED.,.F.,.F.,
 .F.,(4,1,4),(2,2),(-0.137584038721738,-0.0677860742930084,0.),(-0.1,0.001),
 .UNSPECIFIED.);
#215=B_SPLINE_SURFACE_WITH_KNOTS('',3,1,((#13497,#13498),(#13499,#13500),
(#13501,#13502),(#13503,#13504),(#13505,#13506)),.UNSPECIFIED.,.F.,.F.,
 .F.,(4,1,4),(2,2),(-0.138109915023789,-0.0695550438534262,0.),(-0.1,0.001),
 .UNSPECIFIED.);
#216=B_SPLINE_SURFACE_WITH_KNOTS('',3,1,((#13514,#13515),(#13516,#13517),
(#13518,#13519),(#13520,#13521),(#13522,#13523)),.UNSPECIFIED.,.F.,.F.,
 .F.,(4,1,4),(2,2),(-0.143140487058585,-0.0700825268182678,0.),(-0.1,0.001),
 .UNSPECIFIED.);
#217=B_SPLINE_SURFACE_WITH_KNOTS('',3,1,((#13531,#13532),(#13533,#13534),
(#13535,#13536),(#13537,#13538),(#13539,#13540)),.UNSPECIFIED.,.F.,.F.,
 .F.,(4,1,4),(2,2),(-0.211940626012134,-0.108746853623969,0.),(-0.1,0.001),
 .UNSPECIFIED.);
#218=B_SPLINE_SURFACE_WITH_KNOTS('',3,1,((#13548,#13549),(#13550,#13551),
(#13552,#13553),(#13554,#13555),(#13556,#13557)),.UNSPECIFIED.,.F.,.F.,
 .F.,(4,1,4),(2,2),(-0.211522731458644,-0.103249856474225,0.),(-0.1,0.001),
 .UNSPECIFIED.);
#219=B_SPLINE_SURFACE_WITH_KNOTS('',3,1,((#13565,#13566),(#13567,#13568),
(#13569,#13570),(#13571,#13572),(#13573,#13574)),.UNSPECIFIED.,.F.,.F.,
 .F.,(4,1,4),(2,2),(-0.213634337396482,-0.109266397509196,0.),(-0.1,0.001),
 .UNSPECIFIED.);
#220=B_SPLINE_SURFACE_WITH_KNOTS('',3,1,((#13582,#13583),(#13584,#13585),
(#13586,#13587),(#13588,#13589),(#13590,#13591)),.UNSPECIFIED.,.F.,.F.,
 .F.,(4,1,4),(2,2),(-0.210720517991375,-0.103551786332446,0.),(-0.1,0.001),
 .UNSPECIFIED.);
#221=B_SPLINE_SURFACE_WITH_KNOTS('',3,1,((#13599,#13600),(#13601,#13602),
(#13603,#13604),(#13605,#13606),(#13607,#13608)),.UNSPECIFIED.,.F.,.F.,
 .F.,(4,1,4),(2,2),(-0.140716304673641,-0.070105592624357,0.),(-0.1,0.001),
 .UNSPECIFIED.);
#222=B_SPLINE_SURFACE_WITH_KNOTS('',3,1,((#13616,#13617),(#13618,#13619),
(#13620,#13621),(#13622,#13623),(#13624,#13625)),.UNSPECIFIED.,.F.,.F.,
 .F.,(4,1,4),(2,2),(-0.138103013908069,-0.0694377849617647,0.),(-0.1,0.001),
 .UNSPECIFIED.);
#223=B_SPLINE_SURFACE_WITH_KNOTS('',3,1,((#13633,#13634),(#13635,#13636),
(#13637,#13638),(#13639,#13640),(#13641,#13642)),.UNSPECIFIED.,.F.,.F.,
 .F.,(4,1,4),(2,2),(-0.156519177397974,-0.0735101756185225,0.),(-0.1,0.001),
 .UNSPECIFIED.);
#224=B_SPLINE_SURFACE_WITH_KNOTS('',3,1,((#13782,#13783),(#13784,#13785),
(#13786,#13787),(#13788,#13789),(#13790,#13791)),.UNSPECIFIED.,.F.,.F.,
 .F.,(4,1,4),(2,2),(-0.135660896808096,-0.0764814346652285,0.),(-0.1,0.001),
 .UNSPECIFIED.);
#225=B_SPLINE_SURFACE_WITH_KNOTS('',3,1,((#13801,#13802),(#13803,#13804),
(#13805,#13806),(#13807,#13808),(#13809,#13810)),.UNSPECIFIED.,.F.,.F.,
 .F.,(4,1,4),(2,2),(-0.0967769634529692,-0.0495877872264478,0.),(-0.1,0.001),
 .UNSPECIFIED.);
#226=B_SPLINE_SURFACE_WITH_KNOTS('',3,1,((#13818,#13819),(#13820,#13821),
(#13822,#13823),(#13824,#13825),(#13826,#13827)),.UNSPECIFIED.,.F.,.F.,
 .F.,(4,1,4),(2,2),(-0.0907462815822619,-0.0448586807250399,0.),(-0.1,0.001),
 .UNSPECIFIED.);
#227=B_SPLINE_SURFACE_WITH_KNOTS('',3,1,((#13835,#13836),(#13837,#13838),
(#13839,#13840),(#13841,#13842),(#13843,#13844)),.UNSPECIFIED.,.F.,.F.,
 .F.,(4,1,4),(2,2),(-0.131469779042773,-0.0559176974168404,0.),(-0.1,0.001),
 .UNSPECIFIED.);
#228=B_SPLINE_SURFACE_WITH_KNOTS('',3,1,((#13852,#13853),(#13854,#13855),
(#13856,#13857),(#13858,#13859),(#13860,#13861)),.UNSPECIFIED.,.F.,.F.,
 .F.,(4,1,4),(2,2),(-0.12725377601638,-0.0715141401180496,0.),(-0.1,0.001),
 .UNSPECIFIED.);
#229=B_SPLINE_SURFACE_WITH_KNOTS('',3,1,((#13869,#13870),(#13871,#13872),
(#13873,#13874),(#13875,#13876),(#13877,#13878)),.UNSPECIFIED.,.F.,.F.,
 .F.,(4,1,4),(2,2),(-0.0926479638074174,-0.0471275203546908,0.),(-0.1,0.001),
 .UNSPECIFIED.);
#230=B_SPLINE_SURFACE_WITH_KNOTS('',3,1,((#13886,#13887),(#13888,#13889),
(#13890,#13891),(#13892,#13893),(#13894,#13895)),.UNSPECIFIED.,.F.,.F.,
 .F.,(4,1,4),(2,2),(-0.0944881778063417,-0.047032607873217,0.),(-0.1,0.001),
 .UNSPECIFIED.);
#231=B_SPLINE_SURFACE_WITH_KNOTS('',3,1,((#13903,#13904),(#13905,#13906),
(#13907,#13908),(#13909,#13910),(#13911,#13912)),.UNSPECIFIED.,.F.,.F.,
 .F.,(4,1,4),(2,2),(-0.121561377966677,-0.0542143723207414,0.),(-0.1,0.001),
 .UNSPECIFIED.);
#232=B_SPLINE_SURFACE_WITH_KNOTS('',3,1,((#13928,#13929),(#13930,#13931),
(#13932,#13933),(#13934,#13935),(#13936,#13937)),.UNSPECIFIED.,.F.,.F.,
 .F.,(4,1,4),(2,2),(-0.0932670671098162,-0.0459510015251922,0.),(-0.1,0.001),
 .UNSPECIFIED.);
#233=B_SPLINE_SURFACE_WITH_KNOTS('',3,1,((#13945,#13946),(#13947,#13948),
(#13949,#13950),(#13951,#13952),(#13953,#13954)),.UNSPECIFIED.,.F.,.F.,
 .F.,(4,1,4),(2,2),(-0.0982111118077548,-0.0483972997893449,0.),(-0.1,0.001),
 .UNSPECIFIED.);
#234=B_SPLINE_SURFACE_WITH_KNOTS('',3,1,((#13962,#13963),(#13964,#13965),
(#13966,#13967),(#13968,#13969),(#13970,#13971)),.UNSPECIFIED.,.F.,.F.,
 .F.,(4,1,4),(2,2),(-0.173073277396232,-0.0853515939254179,0.),(-0.1,0.001),
 .UNSPECIFIED.);
#235=B_SPLINE_SURFACE_WITH_KNOTS('',3,1,((#13979,#13980),(#13981,#13982),
(#13983,#13984),(#13985,#13986),(#13987,#13988)),.UNSPECIFIED.,.F.,.F.,
 .F.,(4,1,4),(2,2),(-0.210643387813288,-0.0969982870137477,0.),(-0.1,0.001),
 .UNSPECIFIED.);
#236=B_SPLINE_SURFACE_WITH_KNOTS('',3,1,((#13996,#13997),(#13998,#13999),
(#14000,#14001),(#14002,#14003),(#14004,#14005)),.UNSPECIFIED.,.F.,.F.,
 .F.,(4,1,4),(2,2),(-0.215227363427757,-0.116503323651861,0.),(-0.1,0.001),
 .UNSPECIFIED.);
#237=B_SPLINE_SURFACE_WITH_KNOTS('',3,1,((#14013,#14014),(#14015,#14016),
(#14017,#14018),(#14019,#14020),(#14021,#14022)),.UNSPECIFIED.,.F.,.F.,
 .F.,(4,1,4),(2,2),(-0.174103560026497,-0.0885688258572322,0.),(-0.1,0.001),
 .UNSPECIFIED.);
#238=B_SPLINE_SURFACE_WITH_KNOTS('',3,1,((#14030,#14031),(#14032,#14033),
(#14034,#14035),(#14036,#14037),(#14038,#14039)),.UNSPECIFIED.,.F.,.F.,
 .F.,(4,1,4),(2,2),(-0.0802643683548153,-0.0411768424206162,0.),(-0.1,0.001),
 .UNSPECIFIED.);
#239=B_SPLINE_SURFACE_WITH_KNOTS('',3,1,((#14047,#14048),(#14049,#14050),
(#14051,#14052),(#14053,#14054),(#14055,#14056)),.UNSPECIFIED.,.F.,.F.,
 .F.,(4,1,4),(2,2),(-0.0943648840678309,-0.0426796376735865,0.),(-0.1,0.001),
 .UNSPECIFIED.);
#240=B_SPLINE_SURFACE_WITH_KNOTS('',3,1,((#14178,#14179),(#14180,#14181),
(#14182,#14183),(#14184,#14185),(#14186,#14187)),.UNSPECIFIED.,.F.,.F.,
 .F.,(4,1,4),(2,2),(-0.0973079839980908,-0.053101462872159,0.),(-0.1,0.001),
 .UNSPECIFIED.);
#241=B_SPLINE_SURFACE_WITH_KNOTS('',3,1,((#14197,#14198),(#14199,#14200),
(#14201,#14202),(#14203,#14204),(#14205,#14206)),.UNSPECIFIED.,.F.,.F.,
 .F.,(4,1,4),(2,2),(-0.0795235933230992,-0.0399388711213389,0.),(-0.1,0.001),
 .UNSPECIFIED.);
#242=B_SPLINE_SURFACE_WITH_KNOTS('',3,1,((#14214,#14215),(#14216,#14217),
(#14218,#14219),(#14220,#14221),(#14222,#14223)),.UNSPECIFIED.,.F.,.F.,
 .F.,(4,1,4),(2,2),(-0.0831083324926513,-0.0418231133075935,0.),(-0.1,0.001),
 .UNSPECIFIED.);
#243=B_SPLINE_SURFACE_WITH_KNOTS('',3,1,((#14231,#14232),(#14233,#14234),
(#14235,#14236),(#14237,#14238),(#14239,#14240)),.UNSPECIFIED.,.F.,.F.,
 .F.,(4,1,4),(2,2),(-0.0951050461056856,-0.044333040251994,0.),(-0.1,0.001),
 .UNSPECIFIED.);
#244=B_SPLINE_SURFACE_WITH_KNOTS('',3,1,((#14256,#14257),(#14258,#14259),
(#14260,#14261),(#14262,#14263),(#14264,#14265)),.UNSPECIFIED.,.F.,.F.,
 .F.,(4,1,4),(2,2),(-0.143410260437987,-0.0744397236790569,0.),(-0.1,0.001),
 .UNSPECIFIED.);
#245=B_SPLINE_SURFACE_WITH_KNOTS('',3,1,((#14273,#14274),(#14275,#14276),
(#14277,#14278),(#14279,#14280),(#14281,#14282)),.UNSPECIFIED.,.F.,.F.,
 .F.,(4,1,4),(2,2),(-0.149409010379918,-0.0704867534942252,0.),(-0.1,0.001),
 .UNSPECIFIED.);
#246=B_SPLINE_SURFACE_WITH_KNOTS('',3,1,((#14290,#14291),(#14292,#14293),
(#14294,#14295),(#14296,#14297),(#14298,#14299)),.UNSPECIFIED.,.F.,.F.,
 .F.,(4,1,4),(2,2),(-0.225576595660682,-0.119732061014039,0.),(-0.1,0.001),
 .UNSPECIFIED.);
#247=B_SPLINE_SURFACE_WITH_KNOTS('',3,1,((#14307,#14308),(#14309,#14310),
(#14311,#14312),(#14313,#14314),(#14315,#14316)),.UNSPECIFIED.,.F.,.F.,
 .F.,(4,1,4),(2,2),(-0.188293854856607,-0.0888317163122224,0.),(-0.1,0.001),
 .UNSPECIFIED.);
#248=B_SPLINE_SURFACE_WITH_KNOTS('',3,1,((#14324,#14325),(#14326,#14327),
(#14328,#14329),(#14330,#14331),(#14332,#14333)),.UNSPECIFIED.,.F.,.F.,
 .F.,(4,1,4),(2,2),(-0.216748800101537,-0.116157214785991,0.),(-0.1,0.001),
 .UNSPECIFIED.);
#249=B_SPLINE_SURFACE_WITH_KNOTS('',3,1,((#14341,#14342),(#14343,#14344),
(#14345,#14346),(#14347,#14348),(#14349,#14350)),.UNSPECIFIED.,.F.,.F.,
 .F.,(4,1,4),(2,2),(-0.189774314215999,-0.0939051020610802,0.),(-0.1,0.001),
 .UNSPECIFIED.);
#250=B_SPLINE_SURFACE_WITH_KNOTS('',3,1,((#14358,#14359),(#14360,#14361),
(#14362,#14363),(#14364,#14365),(#14366,#14367)),.UNSPECIFIED.,.F.,.F.,
 .F.,(4,1,4),(2,2),(-0.202945452894285,-0.105263704971802,0.),(-0.1,0.001),
 .UNSPECIFIED.);
#251=B_SPLINE_SURFACE_WITH_KNOTS('',3,1,((#14375,#14376),(#14377,#14378),
(#14379,#14380),(#14381,#14382),(#14383,#14384)),.UNSPECIFIED.,.F.,.F.,
 .F.,(4,1,4),(2,2),(-0.246797236802654,-0.10864129226438,0.),(-0.1,0.001),
 .UNSPECIFIED.);
#252=B_SPLINE_SURFACE_WITH_KNOTS('',3,1,((#14396,#14397),(#14398,#14399),
(#14400,#14401),(#14402,#14403),(#14404,#14405)),.UNSPECIFIED.,.F.,.F.,
 .F.,(4,1,4),(2,2),(-0.102351789834908,-0.0550070351197756,0.),(-0.1,0.001),
 .UNSPECIFIED.);
#253=B_SPLINE_SURFACE_WITH_KNOTS('',3,1,((#14413,#14414),(#14415,#14416),
(#14417,#14418),(#14419,#14420),(#14421,#14422)),.UNSPECIFIED.,.F.,.F.,
 .F.,(4,1,4),(2,2),(-0.0880760454356589,-0.0437986256946662,0.),(-0.1,0.001),
 .UNSPECIFIED.);
#254=B_SPLINE_SURFACE_WITH_KNOTS('',3,1,((#14430,#14431),(#14432,#14433),
(#14434,#14435),(#14436,#14437),(#14438,#14439)),.UNSPECIFIED.,.F.,.F.,
 .F.,(4,1,4),(2,2),(-0.0578405463365342,-0.0299868399842787,0.),(-0.1,0.001),
 .UNSPECIFIED.);
#255=B_SPLINE_SURFACE_WITH_KNOTS('',3,1,((#14447,#14448),(#14449,#14450),
(#14451,#14452),(#14453,#14454),(#14455,#14456)),.UNSPECIFIED.,.F.,.F.,
 .F.,(4,1,4),(2,2),(-0.0664298929675642,-0.029977645492576,0.),(-0.1,0.001),
 .UNSPECIFIED.);
#256=B_SPLINE_CURVE_WITH_KNOTS('',3,(#8377,#8378,#8379,#8380,#8381),
 .UNSPECIFIED.,.F.,.F.,(4,1,4),(0.,0.0719456418813091,0.144366703280411),
 .UNSPECIFIED.);
#257=B_SPLINE_CURVE_WITH_KNOTS('',3,(#8385,#8386,#8387,#8388,#8389),
 .UNSPECIFIED.,.F.,.F.,(4,1,4),(0.,0.0376470167466259,0.0716034694074831),
 .UNSPECIFIED.);
#258=B_SPLINE_CURVE_WITH_KNOTS('',3,(#8391,#8392,#8393,#8394,#8395),
 .UNSPECIFIED.,.F.,.F.,(4,1,4),(0.,0.0357881032219352,0.079068915355823),
 .UNSPECIFIED.);
#259=B_SPLINE_CURVE_WITH_KNOTS('',3,(#8397,#8398,#8399,#8400,#8401),
 .UNSPECIFIED.,.F.,.F.,(4,1,4),(0.,0.0468858070631314,0.0834001371128627),
 .UNSPECIFIED.);
#260=B_SPLINE_CURVE_WITH_KNOTS('',3,(#8403,#8404,#8405,#8406,#8407),
 .UNSPECIFIED.,.F.,.F.,(4,1,4),(0.,0.0209598672304244,0.0420783840943488),
 .UNSPECIFIED.);
#261=B_SPLINE_CURVE_WITH_KNOTS('',3,(#8409,#8410,#8411,#8412,#8413),
 .UNSPECIFIED.,.F.,.F.,(4,1,4),(0.,0.0144893912936369,0.0282053367613152),
 .UNSPECIFIED.);
#262=B_SPLINE_CURVE_WITH_KNOTS('',3,(#8415,#8416,#8417,#8418,#8419),
 .UNSPECIFIED.,.F.,.F.,(4,1,4),(0.,0.019077758310654,0.0496297408706093),
 .UNSPECIFIED.);
#263=B_SPLINE_CURVE_WITH_KNOTS('',3,(#8421,#8422,#8423,#8424,#8425),
 .UNSPECIFIED.,.F.,.F.,(4,1,4),(0.,0.140072159733215,0.221401591320661),
 .UNSPECIFIED.);
#264=B_SPLINE_CURVE_WITH_KNOTS('',3,(#8427,#8428,#8429,#8430,#8431),
 .UNSPECIFIED.,.F.,.F.,(4,1,4),(0.,0.0681634547690158,0.136446602314484),
 .UNSPECIFIED.);
#265=B_SPLINE_CURVE_WITH_KNOTS('',3,(#8433,#8434,#8435,#8436,#8437),
 .UNSPECIFIED.,.F.,.F.,(4,1,4),(0.,0.0634231342529932,0.128399523040703),
 .UNSPECIFIED.);
#266=B_SPLINE_CURVE_WITH_KNOTS('',3,(#8439,#8440,#8441,#8442,#8443),
 .UNSPECIFIED.,.F.,.F.,(4,1,4),(0.,0.0761018088457878,0.173944952761495),
 .UNSPECIFIED.);
#267=B_SPLINE_CURVE_WITH_KNOTS('',3,(#8445,#8446,#8447,#8448,#8449),
 .UNSPECIFIED.,.F.,.F.,(4,1,4),(0.,0.0931773977912272,0.163584036601437),
 .UNSPECIFIED.);
#268=B_SPLINE_CURVE_WITH_KNOTS('',3,(#8451,#8452,#8453,#8454,#8455),
 .UNSPECIFIED.,.F.,.F.,(4,1,4),(0.,0.061287077755517,0.126935488554901),
 .UNSPECIFIED.);
#269=B_SPLINE_CURVE_WITH_KNOTS('',3,(#8459,#8460,#8461,#8462,#8463),
 .UNSPECIFIED.,.F.,.F.,(4,1,4),(0.,0.0293129558934464,0.0569777758886589),
 .UNSPECIFIED.);
#270=B_SPLINE_CURVE_WITH_KNOTS('',3,(#8465,#8466,#8467,#8468,#8469),
 .UNSPECIFIED.,.F.,.F.,(4,1,4),(0.,0.0306226827756865,0.0688603678885673),
 .UNSPECIFIED.);
#271=B_SPLINE_CURVE_WITH_KNOTS('',3,(#8471,#8472,#8473,#8474,#8475),
 .UNSPECIFIED.,.F.,.F.,(4,1,4),(0.,0.0466624846741728,0.079795974526519),
 .UNSPECIFIED.);
#272=B_SPLINE_CURVE_WITH_KNOTS('',3,(#8477,#8478,#8479,#8480,#8481),
 .UNSPECIFIED.,.F.,.F.,(4,1,4),(0.,0.0170098749819315,0.0329973581471476),
 .UNSPECIFIED.);
#273=B_SPLINE_CURVE_WITH_KNOTS('',3,(#8483,#8484,#8485,#8486,#8487),
 .UNSPECIFIED.,.F.,.F.,(4,1,4),(0.,0.0139742519458243,0.0292720536359161),
 .UNSPECIFIED.);
#274=B_SPLINE_CURVE_WITH_KNOTS('',3,(#8489,#8490,#8491,#8492,#8493),
 .UNSPECIFIED.,.F.,.F.,(4,1,4),(0.,0.0444857532246182,0.134105088753542),
 .UNSPECIFIED.);
#275=B_SPLINE_CURVE_WITH_KNOTS('',3,(#8495,#8496,#8497,#8498,#8499),
 .UNSPECIFIED.,.F.,.F.,(4,1,4),(0.,0.09711575662846,0.165747204812414),
 .UNSPECIFIED.);
#276=B_SPLINE_CURVE_WITH_KNOTS('',3,(#8501,#8502,#8503,#8504,#8505),
 .UNSPECIFIED.,.F.,.F.,(4,1,4),(0.,0.0543969473995617,0.113607089246716),
 .UNSPECIFIED.);
#277=B_SPLINE_CURVE_WITH_KNOTS('',3,(#8507,#8508,#8509,#8510,#8511),
 .UNSPECIFIED.,.F.,.F.,(4,1,4),(0.,0.067936598090087,0.139789987898507),
 .UNSPECIFIED.);
#278=B_SPLINE_CURVE_WITH_KNOTS('',3,(#8513,#8514,#8515,#8516,#8517),
 .UNSPECIFIED.,.F.,.F.,(4,1,4),(0.,0.0832632286512937,0.186479145984313),
 .UNSPECIFIED.);
#279=B_SPLINE_CURVE_WITH_KNOTS('',3,(#8518,#8519,#8520,#8521,#8522),
 .UNSPECIFIED.,.F.,.F.,(4,1,4),(0.,0.0955156514201915,0.175143328910886),
 .UNSPECIFIED.);
#280=B_SPLINE_CURVE_WITH_KNOTS('',3,(#8540,#8541,#8542,#8543,#8544),
 .UNSPECIFIED.,.F.,.F.,(4,1,4),(-0.0716034694074831,-0.0376470167466259,
0.),.UNSPECIFIED.);
#281=B_SPLINE_CURVE_WITH_KNOTS('',3,(#8557,#8558,#8559,#8560,#8561),
 .UNSPECIFIED.,.F.,.F.,(4,1,4),(-0.079068915355823,-0.0357881032219352,
0.),.UNSPECIFIED.);
#282=B_SPLINE_CURVE_WITH_KNOTS('',3,(#8574,#8575,#8576,#8577,#8578),
 .UNSPECIFIED.,.F.,.F.,(4,1,4),(-0.0834001371128627,-0.0468858070631314,
0.),.UNSPECIFIED.);
#283=B_SPLINE_CURVE_WITH_KNOTS('',3,(#8591,#8592,#8593,#8594,#8595),
 .UNSPECIFIED.,.F.,.F.,(4,1,4),(-0.0420783840943488,-0.0209598672304244,
0.),.UNSPECIFIED.);
#284=B_SPLINE_CURVE_WITH_KNOTS('',3,(#8608,#8609,#8610,#8611,#8612),
 .UNSPECIFIED.,.F.,.F.,(4,1,4),(-0.0282053367613152,-0.0144893912936369,
0.),.UNSPECIFIED.);
#285=B_SPLINE_CURVE_WITH_KNOTS('',3,(#8625,#8626,#8627,#8628,#8629),
 .UNSPECIFIED.,.F.,.F.,(4,1,4),(-0.0496297408706093,-0.019077758310654,
0.),.UNSPECIFIED.);
#286=B_SPLINE_CURVE_WITH_KNOTS('',3,(#8642,#8643,#8644,#8645,#8646),
 .UNSPECIFIED.,.F.,.F.,(4,1,4),(-0.221401591320661,-0.140072159733215,0.),
 .UNSPECIFIED.);
#287=B_SPLINE_CURVE_WITH_KNOTS('',3,(#8659,#8660,#8661,#8662,#8663),
 .UNSPECIFIED.,.F.,.F.,(4,1,4),(-0.136446602314484,-0.0681634547690158,
0.),.UNSPECIFIED.);
#288=B_SPLINE_CURVE_WITH_KNOTS('',3,(#8676,#8677,#8678,#8679,#8680),
 .UNSPECIFIED.,.F.,.F.,(4,1,4),(-0.128399523040703,-0.0634231342529932,
0.),.UNSPECIFIED.);
#289=B_SPLINE_CURVE_WITH_KNOTS('',3,(#8693,#8694,#8695,#8696,#8697),
 .UNSPECIFIED.,.F.,.F.,(4,1,4),(-0.173944952761495,-0.0761018088457878,
0.),.UNSPECIFIED.);
#290=B_SPLINE_CURVE_WITH_KNOTS('',3,(#8710,#8711,#8712,#8713,#8714),
 .UNSPECIFIED.,.F.,.F.,(4,1,4),(-0.163584036601437,-0.0931773977912272,
0.),.UNSPECIFIED.);
#291=B_SPLINE_CURVE_WITH_KNOTS('',3,(#8727,#8728,#8729,#8730,#8731),
 .UNSPECIFIED.,.F.,.F.,(4,1,4),(-0.126935488554901,-0.061287077755517,0.),
 .UNSPECIFIED.);
#292=B_SPLINE_CURVE_WITH_KNOTS('',3,(#8748,#8749,#8750,#8751,#8752),
 .UNSPECIFIED.,.F.,.F.,(4,1,4),(-0.0569777758886589,-0.0293129558934464,
0.),.UNSPECIFIED.);
#293=B_SPLINE_CURVE_WITH_KNOTS('',3,(#8765,#8766,#8767,#8768,#8769),
 .UNSPECIFIED.,.F.,.F.,(4,1,4),(-0.0688603678885673,-0.0306226827756865,
0.),.UNSPECIFIED.);
#294=B_SPLINE_CURVE_WITH_KNOTS('',3,(#8782,#8783,#8784,#8785,#8786),
 .UNSPECIFIED.,.F.,.F.,(4,1,4),(-0.079795974526519,-0.0466624846741728,
0.),.UNSPECIFIED.);
#295=B_SPLINE_CURVE_WITH_KNOTS('',3,(#8799,#8800,#8801,#8802,#8803),
 .UNSPECIFIED.,.F.,.F.,(4,1,4),(-0.0329973581471476,-0.0170098749819315,
0.),.UNSPECIFIED.);
#296=B_SPLINE_CURVE_WITH_KNOTS('',3,(#8816,#8817,#8818,#8819,#8820),
 .UNSPECIFIED.,.F.,.F.,(4,1,4),(-0.0292720536359161,-0.0139742519458243,
0.),.UNSPECIFIED.);
#297=B_SPLINE_CURVE_WITH_KNOTS('',3,(#8833,#8834,#8835,#8836,#8837),
 .UNSPECIFIED.,.F.,.F.,(4,1,4),(-0.134105088753542,-0.0444857532246182,
0.),.UNSPECIFIED.);
#298=B_SPLINE_CURVE_WITH_KNOTS('',3,(#8850,#8851,#8852,#8853,#8854),
 .UNSPECIFIED.,.F.,.F.,(4,1,4),(-0.165747204812414,-0.09711575662846,0.),
 .UNSPECIFIED.);
#299=B_SPLINE_CURVE_WITH_KNOTS('',3,(#8867,#8868,#8869,#8870,#8871),
 .UNSPECIFIED.,.F.,.F.,(4,1,4),(-0.113607089246716,-0.0543969473995617,
0.),.UNSPECIFIED.);
#300=B_SPLINE_CURVE_WITH_KNOTS('',3,(#8884,#8885,#8886,#8887,#8888),
 .UNSPECIFIED.,.F.,.F.,(4,1,4),(-0.139789987898507,-0.067936598090087,0.),
 .UNSPECIFIED.);
#301=B_SPLINE_CURVE_WITH_KNOTS('',3,(#8901,#8902,#8903,#8904,#8905),
 .UNSPECIFIED.,.F.,.F.,(4,1,4),(-0.186479145984313,-0.0832632286512937,
0.),.UNSPECIFIED.);
#302=B_SPLINE_CURVE_WITH_KNOTS('',3,(#8918,#8919,#8920,#8921,#8922),
 .UNSPECIFIED.,.F.,.F.,(4,1,4),(-0.175143328910886,-0.0955156514201915,
0.),.UNSPECIFIED.);
#303=B_SPLINE_CURVE_WITH_KNOTS('',3,(#8934,#8935,#8936,#8937,#8938),
 .UNSPECIFIED.,.F.,.F.,(4,1,4),(-0.144366703280411,-0.0719456418813091,
0.),.UNSPECIFIED.);
#304=B_SPLINE_CURVE_WITH_KNOTS('',3,(#9053,#9054,#9055,#9056,#9057),
 .UNSPECIFIED.,.F.,.F.,(4,1,4),(0.,0.0720872740182895,0.145644766918357),
 .UNSPECIFIED.);
#305=B_SPLINE_CURVE_WITH_KNOTS('',3,(#9059,#9060,#9061,#9062,#9063),
 .UNSPECIFIED.,.F.,.F.,(4,1,4),(0.,0.0950776701503334,0.231242398128544),
 .UNSPECIFIED.);
#306=B_SPLINE_CURVE_WITH_KNOTS('',3,(#9065,#9066,#9067,#9068,#9069),
 .UNSPECIFIED.,.F.,.F.,(4,1,4),(0.,0.104197219500538,0.163463204796745),
 .UNSPECIFIED.);
#307=B_SPLINE_CURVE_WITH_KNOTS('',3,(#9071,#9072,#9073,#9074,#9075),
 .UNSPECIFIED.,.F.,.F.,(4,1,4),(0.,0.0472763679843069,0.0896205166253329),
 .UNSPECIFIED.);
#308=B_SPLINE_CURVE_WITH_KNOTS('',3,(#9077,#9078,#9079,#9080,#9081),
 .UNSPECIFIED.,.F.,.F.,(4,1,4),(0.,0.0410538449913273,0.0762690673739133),
 .UNSPECIFIED.);
#309=B_SPLINE_CURVE_WITH_KNOTS('',3,(#9083,#9084,#9085,#9086,#9087),
 .UNSPECIFIED.,.F.,.F.,(4,1,4),(0.,0.0346972919080717,0.073941805753091),
 .UNSPECIFIED.);
#310=B_SPLINE_CURVE_WITH_KNOTS('',3,(#9089,#9090,#9091,#9092,#9093),
 .UNSPECIFIED.,.F.,.F.,(4,1,4),(0.,0.0391130120799507,0.0746639865951251),
 .UNSPECIFIED.);
#311=B_SPLINE_CURVE_WITH_KNOTS('',3,(#9095,#9096,#9097,#9098,#9099),
 .UNSPECIFIED.,.F.,.F.,(4,1,4),(0.,0.039821873063045,0.0921642793613881),
 .UNSPECIFIED.);
#312=B_SPLINE_CURVE_WITH_KNOTS('',3,(#9103,#9104,#9105,#9106,#9107),
 .UNSPECIFIED.,.F.,.F.,(4,1,4),(0.,0.100517916595888,0.183621355597339),
 .UNSPECIFIED.);
#313=B_SPLINE_CURVE_WITH_KNOTS('',3,(#9109,#9110,#9111,#9112,#9113),
 .UNSPECIFIED.,.F.,.F.,(4,1,4),(0.,0.0813985676719093,0.170875107517541),
 .UNSPECIFIED.);
#314=B_SPLINE_CURVE_WITH_KNOTS('',3,(#9115,#9116,#9117,#9118,#9119),
 .UNSPECIFIED.,.F.,.F.,(4,1,4),(0.,0.0956764962654744,0.179374547035932),
 .UNSPECIFIED.);
#315=B_SPLINE_CURVE_WITH_KNOTS('',3,(#9121,#9122,#9123,#9124,#9125),
 .UNSPECIFIED.,.F.,.F.,(4,1,4),(0.,0.0785443495402672,0.158002371755458),
 .UNSPECIFIED.);
#316=B_SPLINE_CURVE_WITH_KNOTS('',3,(#9127,#9128,#9129,#9130,#9131),
 .UNSPECIFIED.,.F.,.F.,(4,1,4),(0.,0.0473787734660174,0.0940853859211881),
 .UNSPECIFIED.);
#317=B_SPLINE_CURVE_WITH_KNOTS('',3,(#9133,#9134,#9135,#9136,#9137),
 .UNSPECIFIED.,.F.,.F.,(4,1,4),(0.,0.050033120272274,0.107040675034705),
 .UNSPECIFIED.);
#318=B_SPLINE_CURVE_WITH_KNOTS('',3,(#9139,#9140,#9141,#9142,#9143),
 .UNSPECIFIED.,.F.,.F.,(4,1,4),(0.,0.0521177337210716,0.128180469316661),
 .UNSPECIFIED.);
#319=B_SPLINE_CURVE_WITH_KNOTS('',3,(#9145,#9146,#9147,#9148,#9149),
 .UNSPECIFIED.,.F.,.F.,(4,1,4),(0.,0.0725909206004847,0.114152993882816),
 .UNSPECIFIED.);
#320=B_SPLINE_CURVE_WITH_KNOTS('',3,(#9150,#9151,#9152,#9153,#9154),
 .UNSPECIFIED.,.F.,.F.,(4,1,4),(0.,0.0248604965148793,0.0473751900900228),
 .UNSPECIFIED.);
#321=B_SPLINE_CURVE_WITH_KNOTS('',3,(#9176,#9177,#9178,#9179,#9180),
 .UNSPECIFIED.,.F.,.F.,(4,1,4),(-0.145644766918357,-0.0720872740182895,
0.),.UNSPECIFIED.);
#322=B_SPLINE_CURVE_WITH_KNOTS('',3,(#9193,#9194,#9195,#9196,#9197),
 .UNSPECIFIED.,.F.,.F.,(4,1,4),(-0.231242398128544,-0.0950776701503334,
0.),.UNSPECIFIED.);
#323=B_SPLINE_CURVE_WITH_KNOTS('',3,(#9210,#9211,#9212,#9213,#9214),
 .UNSPECIFIED.,.F.,.F.,(4,1,4),(-0.163463204796745,-0.104197219500538,0.),
 .UNSPECIFIED.);
#324=B_SPLINE_CURVE_WITH_KNOTS('',3,(#9227,#9228,#9229,#9230,#9231),
 .UNSPECIFIED.,.F.,.F.,(4,1,4),(-0.0896205166253329,-0.0472763679843069,
0.),.UNSPECIFIED.);
#325=B_SPLINE_CURVE_WITH_KNOTS('',3,(#9244,#9245,#9246,#9247,#9248),
 .UNSPECIFIED.,.F.,.F.,(4,1,4),(-0.0762690673739133,-0.0410538449913273,
0.),.UNSPECIFIED.);
#326=B_SPLINE_CURVE_WITH_KNOTS('',3,(#9261,#9262,#9263,#9264,#9265),
 .UNSPECIFIED.,.F.,.F.,(4,1,4),(-0.073941805753091,-0.0346972919080717,
0.),.UNSPECIFIED.);
#327=B_SPLINE_CURVE_WITH_KNOTS('',3,(#9278,#9279,#9280,#9281,#9282),
 .UNSPECIFIED.,.F.,.F.,(4,1,4),(-0.0746639865951251,-0.0391130120799507,
0.),.UNSPECIFIED.);
#328=B_SPLINE_CURVE_WITH_KNOTS('',3,(#9295,#9296,#9297,#9298,#9299),
 .UNSPECIFIED.,.F.,.F.,(4,1,4),(-0.0921642793613881,-0.039821873063045,
0.),.UNSPECIFIED.);
#329=B_SPLINE_CURVE_WITH_KNOTS('',3,(#9316,#9317,#9318,#9319,#9320),
 .UNSPECIFIED.,.F.,.F.,(4,1,4),(-0.183621355597339,-0.100517916595888,0.),
 .UNSPECIFIED.);
#330=B_SPLINE_CURVE_WITH_KNOTS('',3,(#9333,#9334,#9335,#9336,#9337),
 .UNSPECIFIED.,.F.,.F.,(4,1,4),(-0.170875107517541,-0.0813985676719093,
0.),.UNSPECIFIED.);
#331=B_SPLINE_CURVE_WITH_KNOTS('',3,(#9350,#9351,#9352,#9353,#9354),
 .UNSPECIFIED.,.F.,.F.,(4,1,4),(-0.179374547035932,-0.0956764962654744,
0.),.UNSPECIFIED.);
#332=B_SPLINE_CURVE_WITH_KNOTS('',3,(#9367,#9368,#9369,#9370,#9371),
 .UNSPECIFIED.,.F.,.F.,(4,1,4),(-0.158002371755458,-0.0785443495402672,
0.),.UNSPECIFIED.);
#333=B_SPLINE_CURVE_WITH_KNOTS('',3,(#9384,#9385,#9386,#9387,#9388),
 .UNSPECIFIED.,.F.,.F.,(4,1,4),(-0.0940853859211881,-0.0473787734660174,
0.),.UNSPECIFIED.);
#334=B_SPLINE_CURVE_WITH_KNOTS('',3,(#9401,#9402,#9403,#9404,#9405),
 .UNSPECIFIED.,.F.,.F.,(4,1,4),(-0.107040675034705,-0.050033120272274,0.),
 .UNSPECIFIED.);
#335=B_SPLINE_CURVE_WITH_KNOTS('',3,(#9418,#9419,#9420,#9421,#9422),
 .UNSPECIFIED.,.F.,.F.,(4,1,4),(-0.128180469316661,-0.0521177337210716,
0.),.UNSPECIFIED.);
#336=B_SPLINE_CURVE_WITH_KNOTS('',3,(#9435,#9436,#9437,#9438,#9439),
 .UNSPECIFIED.,.F.,.F.,(4,1,4),(-0.114152993882816,-0.0725909206004847,
0.),.UNSPECIFIED.);
#337=B_SPLINE_CURVE_WITH_KNOTS('',3,(#9452,#9453,#9454,#9455,#9456),
 .UNSPECIFIED.,.F.,.F.,(4,1,4),(-0.0473751900900228,-0.0248604965148793,
0.),.UNSPECIFIED.);
#338=B_SPLINE_CURVE_WITH_KNOTS('',3,(#9470,#9471,#9472,#9473,#9474),
 .UNSPECIFIED.,.F.,.F.,(4,1,4),(0.,0.0459510015251922,0.0932670671098162),
 .UNSPECIFIED.);
#339=B_SPLINE_CURVE_WITH_KNOTS('',3,(#9476,#9477,#9478,#9479,#9480),
 .UNSPECIFIED.,.F.,.F.,(4,1,4),(0.,0.0483972997893449,0.0982111118077548),
 .UNSPECIFIED.);
#340=B_SPLINE_CURVE_WITH_KNOTS('',3,(#9482,#9483,#9484,#9485,#9486),
 .UNSPECIFIED.,.F.,.F.,(4,1,4),(0.,0.0853515939254179,0.173073277396232),
 .UNSPECIFIED.);
#341=B_SPLINE_CURVE_WITH_KNOTS('',3,(#9488,#9489,#9490,#9491,#9492),
 .UNSPECIFIED.,.F.,.F.,(4,1,4),(0.,0.0969982870137477,0.210643387813288),
 .UNSPECIFIED.);
#342=B_SPLINE_CURVE_WITH_KNOTS('',3,(#9494,#9495,#9496,#9497,#9498),
 .UNSPECIFIED.,.F.,.F.,(4,1,4),(0.,0.116503323651861,0.215227363427757),
 .UNSPECIFIED.);
#343=B_SPLINE_CURVE_WITH_KNOTS('',3,(#9500,#9501,#9502,#9503,#9504),
 .UNSPECIFIED.,.F.,.F.,(4,1,4),(0.,0.0885688258572322,0.174103560026497),
 .UNSPECIFIED.);
#344=B_SPLINE_CURVE_WITH_KNOTS('',3,(#9506,#9507,#9508,#9509,#9510),
 .UNSPECIFIED.,.F.,.F.,(4,1,4),(0.,0.0411768424206162,0.0802643683548153),
 .UNSPECIFIED.);
#345=B_SPLINE_CURVE_WITH_KNOTS('',3,(#9512,#9513,#9514,#9515,#9516),
 .UNSPECIFIED.,.F.,.F.,(4,1,4),(0.,0.0426796376735865,0.0943648840678309),
 .UNSPECIFIED.);
#346=B_SPLINE_CURVE_WITH_KNOTS('',3,(#9522,#9523,#9524,#9525,#9526),
 .UNSPECIFIED.,.F.,.F.,(4,1,4),(0.,0.0542143723207414,0.121561377966677),
 .UNSPECIFIED.);
#347=B_SPLINE_CURVE_WITH_KNOTS('',3,(#9528,#9529,#9530,#9531,#9532),
 .UNSPECIFIED.,.F.,.F.,(4,1,4),(0.,0.0764814346652285,0.135660896808096),
 .UNSPECIFIED.);
#348=B_SPLINE_CURVE_WITH_KNOTS('',3,(#9534,#9535,#9536,#9537,#9538),
 .UNSPECIFIED.,.F.,.F.,(4,1,4),(0.,0.0495877872264478,0.0967769634529692),
 .UNSPECIFIED.);
#349=B_SPLINE_CURVE_WITH_KNOTS('',3,(#9540,#9541,#9542,#9543,#9544),
 .UNSPECIFIED.,.F.,.F.,(4,1,4),(0.,0.0448586807250399,0.0907462815822619),
 .UNSPECIFIED.);
#350=B_SPLINE_CURVE_WITH_KNOTS('',3,(#9546,#9547,#9548,#9549,#9550),
 .UNSPECIFIED.,.F.,.F.,(4,1,4),(0.,0.0559176974168404,0.131469779042773),
 .UNSPECIFIED.);
#351=B_SPLINE_CURVE_WITH_KNOTS('',3,(#9552,#9553,#9554,#9555,#9556),
 .UNSPECIFIED.,.F.,.F.,(4,1,4),(0.,0.0715141401180496,0.12725377601638),
 .UNSPECIFIED.);
#352=B_SPLINE_CURVE_WITH_KNOTS('',3,(#9558,#9559,#9560,#9561,#9562),
 .UNSPECIFIED.,.F.,.F.,(4,1,4),(0.,0.0471275203546908,0.0926479638074174),
 .UNSPECIFIED.);
#353=B_SPLINE_CURVE_WITH_KNOTS('',3,(#9563,#9564,#9565,#9566,#9567),
 .UNSPECIFIED.,.F.,.F.,(4,1,4),(0.,0.047032607873217,0.0944881778063417),
 .UNSPECIFIED.);
#354=B_SPLINE_CURVE_WITH_KNOTS('',3,(#9581,#9582,#9583,#9584,#9585),
 .UNSPECIFIED.,.F.,.F.,(4,1,4),(-0.135660896808096,-0.0764814346652285,
0.),.UNSPECIFIED.);
#355=B_SPLINE_CURVE_WITH_KNOTS('',3,(#9598,#9599,#9600,#9601,#9602),
 .UNSPECIFIED.,.F.,.F.,(4,1,4),(-0.0967769634529692,-0.0495877872264478,
0.),.UNSPECIFIED.);
#356=B_SPLINE_CURVE_WITH_KNOTS('',3,(#9615,#9616,#9617,#9618,#9619),
 .UNSPECIFIED.,.F.,.F.,(4,1,4),(-0.0907462815822619,-0.0448586807250399,
0.),.UNSPECIFIED.);
#357=B_SPLINE_CURVE_WITH_KNOTS('',3,(#9632,#9633,#9634,#9635,#9636),
 .UNSPECIFIED.,.F.,.F.,(4,1,4),(-0.131469779042773,-0.0559176974168404,
0.),.UNSPECIFIED.);
#358=B_SPLINE_CURVE_WITH_KNOTS('',3,(#9649,#9650,#9651,#9652,#9653),
 .UNSPECIFIED.,.F.,.F.,(4,1,4),(-0.12725377601638,-0.0715141401180496,0.),
 .UNSPECIFIED.);
#359=B_SPLINE_CURVE_WITH_KNOTS('',3,(#9666,#9667,#9668,#9669,#9670),
 .UNSPECIFIED.,.F.,.F.,(4,1,4),(-0.0926479638074174,-0.0471275203546908,
0.),.UNSPECIFIED.);
#360=B_SPLINE_CURVE_WITH_KNOTS('',3,(#9683,#9684,#9685,#9686,#9687),
 .UNSPECIFIED.,.F.,.F.,(4,1,4),(-0.0944881778063417,-0.047032607873217,
0.),.UNSPECIFIED.);
#361=B_SPLINE_CURVE_WITH_KNOTS('',3,(#9699,#9700,#9701,#9702,#9703),
 .UNSPECIFIED.,.F.,.F.,(4,1,4),(-0.121561377966677,-0.0542143723207414,
0.),.UNSPECIFIED.);
#362=B_SPLINE_CURVE_WITH_KNOTS('',3,(#9725,#9726,#9727,#9728,#9729),
 .UNSPECIFIED.,.F.,.F.,(4,1,4),(-0.0932670671098162,-0.0459510015251922,
0.),.UNSPECIFIED.);
#363=B_SPLINE_CURVE_WITH_KNOTS('',3,(#9742,#9743,#9744,#9745,#9746),
 .UNSPECIFIED.,.F.,.F.,(4,1,4),(-0.0982111118077548,-0.0483972997893449,
0.),.UNSPECIFIED.);
#364=B_SPLINE_CURVE_WITH_KNOTS('',3,(#9759,#9760,#9761,#9762,#9763),
 .UNSPECIFIED.,.F.,.F.,(4,1,4),(-0.173073277396232,-0.0853515939254179,
0.),.UNSPECIFIED.);
#365=B_SPLINE_CURVE_WITH_KNOTS('',3,(#9776,#9777,#9778,#9779,#9780),
 .UNSPECIFIED.,.F.,.F.,(4,1,4),(-0.210643387813288,-0.0969982870137477,
0.),.UNSPECIFIED.);
#366=B_SPLINE_CURVE_WITH_KNOTS('',3,(#9793,#9794,#9795,#9796,#9797),
 .UNSPECIFIED.,.F.,.F.,(4,1,4),(-0.215227363427757,-0.116503323651861,0.),
 .UNSPECIFIED.);
#367=B_SPLINE_CURVE_WITH_KNOTS('',3,(#9810,#9811,#9812,#9813,#9814),
 .UNSPECIFIED.,.F.,.F.,(4,1,4),(-0.174103560026497,-0.0885688258572322,
0.),.UNSPECIFIED.);
#368=B_SPLINE_CURVE_WITH_KNOTS('',3,(#9827,#9828,#9829,#9830,#9831),
 .UNSPECIFIED.,.F.,.F.,(4,1,4),(-0.0802643683548153,-0.0411768424206162,
0.),.UNSPECIFIED.);
#369=B_SPLINE_CURVE_WITH_KNOTS('',3,(#9844,#9845,#9846,#9847,#9848),
 .UNSPECIFIED.,.F.,.F.,(4,1,4),(-0.0943648840678309,-0.0426796376735865,
0.),.UNSPECIFIED.);
#370=B_SPLINE_CURVE_WITH_KNOTS('',3,(#9864,#9865,#9866,#9867,#9868),
 .UNSPECIFIED.,.F.,.F.,(4,1,4),(0.,0.0271617417703228,0.0611780421910763),
 .UNSPECIFIED.);
#371=B_SPLINE_CURVE_WITH_KNOTS('',3,(#9872,#9873,#9874,#9875,#9876),
 .UNSPECIFIED.,.F.,.F.,(4,1,4),(0.,0.0713930808179475,0.134768620170206),
 .UNSPECIFIED.);
#372=B_SPLINE_CURVE_WITH_KNOTS('',3,(#9878,#9879,#9880,#9881,#9882),
 .UNSPECIFIED.,.F.,.F.,(4,1,4),(0.,0.0692438938464755,0.158326121008272),
 .UNSPECIFIED.);
#373=B_SPLINE_CURVE_WITH_KNOTS('',3,(#9884,#9885,#9886,#9887,#9888),
 .UNSPECIFIED.,.F.,.F.,(4,1,4),(0.,0.0802621587547316,0.139200538614359),
 .UNSPECIFIED.);
#374=B_SPLINE_CURVE_WITH_KNOTS('',3,(#9890,#9891,#9892,#9893,#9894),
 .UNSPECIFIED.,.F.,.F.,(4,1,4),(0.,0.0455252307088915,0.0849522881825666),
 .UNSPECIFIED.);
#375=B_SPLINE_CURVE_WITH_KNOTS('',3,(#9896,#9897,#9898,#9899,#9900),
 .UNSPECIFIED.,.F.,.F.,(4,1,4),(0.,0.0493726504044471,0.124889937520712),
 .UNSPECIFIED.);
#376=B_SPLINE_CURVE_WITH_KNOTS('',3,(#9904,#9905,#9906,#9907,#9908),
 .UNSPECIFIED.,.F.,.F.,(4,1,4),(0.,0.0594100672916647,0.101146780077189),
 .UNSPECIFIED.);
#377=B_SPLINE_CURVE_WITH_KNOTS('',3,(#9910,#9911,#9912,#9913,#9914),
 .UNSPECIFIED.,.F.,.F.,(4,1,4),(0.,0.0349356831810097,0.0739658402320343),
 .UNSPECIFIED.);
#378=B_SPLINE_CURVE_WITH_KNOTS('',3,(#9918,#9919,#9920,#9921,#9922),
 .UNSPECIFIED.,.F.,.F.,(4,1,4),(0.,0.0179911929413466,0.0426270265060022),
 .UNSPECIFIED.);
#379=B_SPLINE_CURVE_WITH_KNOTS('',3,(#9924,#9925,#9926,#9927,#9928),
 .UNSPECIFIED.,.F.,.F.,(4,1,4),(0.,0.0105469032569789,0.0168391512886488),
 .UNSPECIFIED.);
#380=B_SPLINE_CURVE_WITH_KNOTS('',3,(#9930,#9931,#9932,#9933,#9934),
 .UNSPECIFIED.,.F.,.F.,(4,1,4),(0.,0.0470927268197452,0.0914008873111066),
 .UNSPECIFIED.);
#381=B_SPLINE_CURVE_WITH_KNOTS('',3,(#9936,#9937,#9938,#9939,#9940),
 .UNSPECIFIED.,.F.,.F.,(4,1,4),(0.,0.0433213763368656,0.0875953884704625),
 .UNSPECIFIED.);
#382=B_SPLINE_CURVE_WITH_KNOTS('',3,(#9942,#9943,#9944,#9945,#9946),
 .UNSPECIFIED.,.F.,.F.,(4,1,4),(0.,0.0724138595359263,0.136024704064777),
 .UNSPECIFIED.);
#383=B_SPLINE_CURVE_WITH_KNOTS('',3,(#9948,#9949,#9950,#9951,#9952),
 .UNSPECIFIED.,.F.,.F.,(4,1,4),(0.,0.0601475065243259,0.121903413287019),
 .UNSPECIFIED.);
#384=B_SPLINE_CURVE_WITH_KNOTS('',3,(#9954,#9955,#9956,#9957,#9958),
 .UNSPECIFIED.,.F.,.F.,(4,1,4),(0.,0.0418950665490869,0.0819265454570695),
 .UNSPECIFIED.);
#385=B_SPLINE_CURVE_WITH_KNOTS('',3,(#9960,#9961,#9962,#9963,#9964),
 .UNSPECIFIED.,.F.,.F.,(4,1,4),(0.,0.0394880480157997,0.0798616389772697),
 .UNSPECIFIED.);
#386=B_SPLINE_CURVE_WITH_KNOTS('',3,(#9966,#9967,#9968,#9969,#9970),
 .UNSPECIFIED.,.F.,.F.,(4,1,4),(0.,0.0492841407300579,0.113935613781932),
 .UNSPECIFIED.);
#387=B_SPLINE_CURVE_WITH_KNOTS('',3,(#9972,#9973,#9974,#9975,#9976),
 .UNSPECIFIED.,.F.,.F.,(4,1,4),(0.,0.0832711027165047,0.137632015889452),
 .UNSPECIFIED.);
#388=B_SPLINE_CURVE_WITH_KNOTS('',3,(#9980,#9981,#9982,#9983,#9984),
 .UNSPECIFIED.,.F.,.F.,(4,1,4),(0.,0.0342246169020763,0.0610912499907288),
 .UNSPECIFIED.);
#389=B_SPLINE_CURVE_WITH_KNOTS('',3,(#9986,#9987,#9988,#9989,#9990),
 .UNSPECIFIED.,.F.,.F.,(4,1,4),(0.,0.0308992852095918,0.0766258613207529),
 .UNSPECIFIED.);
#390=B_SPLINE_CURVE_WITH_KNOTS('',3,(#9991,#9992,#9993,#9994,#9995),
 .UNSPECIFIED.,.F.,.F.,(4,1,4),(0.,0.0327911057434352,0.0596002727046288),
 .UNSPECIFIED.);
#391=B_SPLINE_CURVE_WITH_KNOTS('',3,(#10000,#10001,#10002,#10003,#10004),
 .UNSPECIFIED.,.F.,.F.,(4,1,4),(0.,0.0353966020332616,0.0861217743640329),
 .UNSPECIFIED.);
#392=B_SPLINE_CURVE_WITH_KNOTS('',3,(#10006,#10007,#10008,#10009,#10010),
 .UNSPECIFIED.,.F.,.F.,(4,1,4),(0.,0.048762468064099,0.0786719366503418),
 .UNSPECIFIED.);
#393=B_SPLINE_CURVE_WITH_KNOTS('',3,(#10012,#10013,#10014,#10015,#10016),
 .UNSPECIFIED.,.F.,.F.,(4,1,4),(0.,0.0295384934034313,0.0571020672760175),
 .UNSPECIFIED.);
#394=B_SPLINE_CURVE_WITH_KNOTS('',3,(#10018,#10019,#10020,#10021,#10022),
 .UNSPECIFIED.,.F.,.F.,(4,1,4),(0.,0.0273873118405862,0.0554284329643387),
 .UNSPECIFIED.);
#395=B_SPLINE_CURVE_WITH_KNOTS('',3,(#10024,#10025,#10026,#10027,#10028),
 .UNSPECIFIED.,.F.,.F.,(4,1,4),(0.,0.029051965014104,0.0597770893444274),
 .UNSPECIFIED.);
#396=B_SPLINE_CURVE_WITH_KNOTS('',3,(#10030,#10031,#10032,#10033,#10034),
 .UNSPECIFIED.,.F.,.F.,(4,1,4),(0.,0.036765057197463,0.0758635894680693),
 .UNSPECIFIED.);
#397=B_SPLINE_CURVE_WITH_KNOTS('',3,(#10036,#10037,#10038,#10039,#10040),
 .UNSPECIFIED.,.F.,.F.,(4,1,4),(0.,0.0291750600636051,0.0567451205005749),
 .UNSPECIFIED.);
#398=B_SPLINE_CURVE_WITH_KNOTS('',3,(#10041,#10042,#10043,#10044,#10045),
 .UNSPECIFIED.,.F.,.F.,(4,1,4),(0.,0.0258287627781231,0.0672323783939437),
 .UNSPECIFIED.);
#399=B_SPLINE_CURVE_WITH_KNOTS('',3,(#10059,#10060,#10061,#10062,#10063),
 .UNSPECIFIED.,.F.,.F.,(4,1,4),(-0.0861217743640329,-0.0353966020332616,
0.),.UNSPECIFIED.);
#400=B_SPLINE_CURVE_WITH_KNOTS('',3,(#10076,#10077,#10078,#10079,#10080),
 .UNSPECIFIED.,.F.,.F.,(4,1,4),(-0.0786719366503418,-0.048762468064099,
0.),.UNSPECIFIED.);
#401=B_SPLINE_CURVE_WITH_KNOTS('',3,(#10093,#10094,#10095,#10096,#10097),
 .UNSPECIFIED.,.F.,.F.,(4,1,4),(-0.0571020672760175,-0.0295384934034313,
0.),.UNSPECIFIED.);
#402=B_SPLINE_CURVE_WITH_KNOTS('',3,(#10110,#10111,#10112,#10113,#10114),
 .UNSPECIFIED.,.F.,.F.,(4,1,4),(-0.0554284329643387,-0.0273873118405862,
0.),.UNSPECIFIED.);
#403=B_SPLINE_CURVE_WITH_KNOTS('',3,(#10127,#10128,#10129,#10130,#10131),
 .UNSPECIFIED.,.F.,.F.,(4,1,4),(-0.0597770893444274,-0.029051965014104,
0.),.UNSPECIFIED.);
#404=B_SPLINE_CURVE_WITH_KNOTS('',3,(#10144,#10145,#10146,#10147,#10148),
 .UNSPECIFIED.,.F.,.F.,(4,1,4),(-0.0758635894680693,-0.036765057197463,
0.),.UNSPECIFIED.);
#405=B_SPLINE_CURVE_WITH_KNOTS('',3,(#10161,#10162,#10163,#10164,#10165),
 .UNSPECIFIED.,.F.,.F.,(4,1,4),(-0.0567451205005749,-0.0291750600636051,
0.),.UNSPECIFIED.);
#406=B_SPLINE_CURVE_WITH_KNOTS('',3,(#10178,#10179,#10180,#10181,#10182),
 .UNSPECIFIED.,.F.,.F.,(4,1,4),(-0.0672323783939437,-0.0258287627781231,
0.),.UNSPECIFIED.);
#407=B_SPLINE_CURVE_WITH_KNOTS('',3,(#10203,#10204,#10205,#10206,#10207),
 .UNSPECIFIED.,.F.,.F.,(4,1,4),(-0.134768620170206,-0.0713930808179475,
0.),.UNSPECIFIED.);
#408=B_SPLINE_CURVE_WITH_KNOTS('',3,(#10220,#10221,#10222,#10223,#10224),
 .UNSPECIFIED.,.F.,.F.,(4,1,4),(-0.158326121008272,-0.0692438938464755,
0.),.UNSPECIFIED.);
#409=B_SPLINE_CURVE_WITH_KNOTS('',3,(#10237,#10238,#10239,#10240,#10241),
 .UNSPECIFIED.,.F.,.F.,(4,1,4),(-0.139200538614359,-0.0802621587547316,
0.),.UNSPECIFIED.);
#410=B_SPLINE_CURVE_WITH_KNOTS('',3,(#10254,#10255,#10256,#10257,#10258),
 .UNSPECIFIED.,.F.,.F.,(4,1,4),(-0.0849522881825666,-0.0455252307088915,
0.),.UNSPECIFIED.);
#411=B_SPLINE_CURVE_WITH_KNOTS('',3,(#10271,#10272,#10273,#10274,#10275),
 .UNSPECIFIED.,.F.,.F.,(4,1,4),(-0.124889937520712,-0.0493726504044471,
0.),.UNSPECIFIED.);
#412=B_SPLINE_CURVE_WITH_KNOTS('',3,(#10292,#10293,#10294,#10295,#10296),
 .UNSPECIFIED.,.F.,.F.,(4,1,4),(-0.101146780077189,-0.0594100672916647,
0.),.UNSPECIFIED.);
#413=B_SPLINE_CURVE_WITH_KNOTS('',3,(#10309,#10310,#10311,#10312,#10313),
 .UNSPECIFIED.,.F.,.F.,(4,1,4),(-0.0739658402320343,-0.0349356831810097,
0.),.UNSPECIFIED.);
#414=B_SPLINE_CURVE_WITH_KNOTS('',3,(#10330,#10331,#10332,#10333,#10334),
 .UNSPECIFIED.,.F.,.F.,(4,1,4),(-0.0426270265060022,-0.0179911929413466,
0.),.UNSPECIFIED.);
#415=B_SPLINE_CURVE_WITH_KNOTS('',3,(#10347,#10348,#10349,#10350,#10351),
 .UNSPECIFIED.,.F.,.F.,(4,1,4),(-0.0168391512886488,-0.0105469032569789,
0.),.UNSPECIFIED.);
#416=B_SPLINE_CURVE_WITH_KNOTS('',3,(#10364,#10365,#10366,#10367,#10368),
 .UNSPECIFIED.,.F.,.F.,(4,1,4),(-0.0914008873111066,-0.0470927268197452,
0.),.UNSPECIFIED.);
#417=B_SPLINE_CURVE_WITH_KNOTS('',3,(#10381,#10382,#10383,#10384,#10385),
 .UNSPECIFIED.,.F.,.F.,(4,1,4),(-0.0875953884704625,-0.0433213763368656,
0.),.UNSPECIFIED.);
#418=B_SPLINE_CURVE_WITH_KNOTS('',3,(#10398,#10399,#10400,#10401,#10402),
 .UNSPECIFIED.,.F.,.F.,(4,1,4),(-0.136024704064777,-0.0724138595359263,
0.),.UNSPECIFIED.);
#419=B_SPLINE_CURVE_WITH_KNOTS('',3,(#10415,#10416,#10417,#10418,#10419),
 .UNSPECIFIED.,.F.,.F.,(4,1,4),(-0.121903413287019,-0.0601475065243259,
0.),.UNSPECIFIED.);
#420=B_SPLINE_CURVE_WITH_KNOTS('',3,(#10432,#10433,#10434,#10435,#10436),
 .UNSPECIFIED.,.F.,.F.,(4,1,4),(-0.0819265454570695,-0.0418950665490869,
0.),.UNSPECIFIED.);
#421=B_SPLINE_CURVE_WITH_KNOTS('',3,(#10449,#10450,#10451,#10452,#10453),
 .UNSPECIFIED.,.F.,.F.,(4,1,4),(-0.0798616389772697,-0.0394880480157997,
0.),.UNSPECIFIED.);
#422=B_SPLINE_CURVE_WITH_KNOTS('',3,(#10466,#10467,#10468,#10469,#10470),
 .UNSPECIFIED.,.F.,.F.,(4,1,4),(-0.113935613781932,-0.0492841407300579,
0.),.UNSPECIFIED.);
#423=B_SPLINE_CURVE_WITH_KNOTS('',3,(#10483,#10484,#10485,#10486,#10487),
 .UNSPECIFIED.,.F.,.F.,(4,1,4),(-0.137632015889452,-0.0832711027165047,
0.),.UNSPECIFIED.);
#424=B_SPLINE_CURVE_WITH_KNOTS('',3,(#10504,#10505,#10506,#10507,#10508),
 .UNSPECIFIED.,.F.,.F.,(4,1,4),(-0.0610912499907288,-0.0342246169020763,
0.),.UNSPECIFIED.);
#425=B_SPLINE_CURVE_WITH_KNOTS('',3,(#10521,#10522,#10523,#10524,#10525),
 .UNSPECIFIED.,.F.,.F.,(4,1,4),(-0.0766258613207529,-0.0308992852095918,
0.),.UNSPECIFIED.);
#426=B_SPLINE_CURVE_WITH_KNOTS('',3,(#10538,#10539,#10540,#10541,#10542),
 .UNSPECIFIED.,.F.,.F.,(4,1,4),(-0.0596002727046288,-0.0327911057434352,
0.),.UNSPECIFIED.);
#427=B_SPLINE_CURVE_WITH_KNOTS('',3,(#10554,#10555,#10556,#10557,#10558),
 .UNSPECIFIED.,.F.,.F.,(4,1,4),(-0.0611780421910763,-0.0271617417703228,
0.),.UNSPECIFIED.);
#428=B_SPLINE_CURVE_WITH_KNOTS('',3,(#10569,#10570,#10571,#10572,#10573),
 .UNSPECIFIED.,.F.,.F.,(4,1,4),(0.,0.0519593113249158,0.100731022510341),
 .UNSPECIFIED.);
#429=B_SPLINE_CURVE_WITH_KNOTS('',3,(#10575,#10576,#10577,#10578,#10579),
 .UNSPECIFIED.,.F.,.F.,(4,1,4),(0.,0.046354985676363,0.0904530444624377),
 .UNSPECIFIED.);
#430=B_SPLINE_CURVE_WITH_KNOTS('',3,(#10581,#10582,#10583,#10584,#10585),
 .UNSPECIFIED.,.F.,.F.,(4,1,4),(0.,0.0848785088225358,0.173398972396404),
 .UNSPECIFIED.);
#431=B_SPLINE_CURVE_WITH_KNOTS('',3,(#10587,#10588,#10589,#10590,#10591),
 .UNSPECIFIED.,.F.,.F.,(4,1,4),(0.,0.0985988520709218,0.214385004805493),
 .UNSPECIFIED.);
#432=B_SPLINE_CURVE_WITH_KNOTS('',3,(#10593,#10594,#10595,#10596,#10597),
 .UNSPECIFIED.,.F.,.F.,(4,1,4),(0.,0.117058953671932,0.213435243472562),
 .UNSPECIFIED.);
#433=B_SPLINE_CURVE_WITH_KNOTS('',3,(#10599,#10600,#10601,#10602,#10603),
 .UNSPECIFIED.,.F.,.F.,(4,1,4),(0.,0.0870291344609812,0.175259986532926),
 .UNSPECIFIED.);
#434=B_SPLINE_CURVE_WITH_KNOTS('',3,(#10605,#10606,#10607,#10608,#10609),
 .UNSPECIFIED.,.F.,.F.,(4,1,4),(0.,0.083043707771948,0.171049545885759),
 .UNSPECIFIED.);
#435=B_SPLINE_CURVE_WITH_KNOTS('',3,(#10615,#10616,#10617,#10618,#10619),
 .UNSPECIFIED.,.F.,.F.,(4,1,4),(0.,0.0543478225884229,0.12241430983912),
 .UNSPECIFIED.);
#436=B_SPLINE_CURVE_WITH_KNOTS('',3,(#10621,#10622,#10623,#10624,#10625),
 .UNSPECIFIED.,.F.,.F.,(4,1,4),(0.,0.0717629139207691,0.123305648844763),
 .UNSPECIFIED.);
#437=B_SPLINE_CURVE_WITH_KNOTS('',3,(#10627,#10628,#10629,#10630,#10631),
 .UNSPECIFIED.,.F.,.F.,(4,1,4),(0.,0.0566248378456607,0.111278540083239),
 .UNSPECIFIED.);
#438=B_SPLINE_CURVE_WITH_KNOTS('',3,(#10633,#10634,#10635,#10636,#10637),
 .UNSPECIFIED.,.F.,.F.,(4,1,4),(0.,0.0449655155002131,0.0925349317327508),
 .UNSPECIFIED.);
#439=B_SPLINE_CURVE_WITH_KNOTS('',3,(#10639,#10640,#10641,#10642,#10643),
 .UNSPECIFIED.,.F.,.F.,(4,1,4),(0.,0.0560657995288578,0.126684741369415),
 .UNSPECIFIED.);
#440=B_SPLINE_CURVE_WITH_KNOTS('',3,(#10645,#10646,#10647,#10648,#10649),
 .UNSPECIFIED.,.F.,.F.,(4,1,4),(0.,0.0772644570920984,0.134442932901316),
 .UNSPECIFIED.);
#441=B_SPLINE_CURVE_WITH_KNOTS('',3,(#10651,#10652,#10653,#10654,#10655),
 .UNSPECIFIED.,.F.,.F.,(4,1,4),(0.,0.0471076358328634,0.093926852429377),
 .UNSPECIFIED.);
#442=B_SPLINE_CURVE_WITH_KNOTS('',3,(#10656,#10657,#10658,#10659,#10660),
 .UNSPECIFIED.,.F.,.F.,(4,1,4),(0.,0.0458985186636998,0.0929215019571199),
 .UNSPECIFIED.);
#443=B_SPLINE_CURVE_WITH_KNOTS('',3,(#10674,#10675,#10676,#10677,#10678),
 .UNSPECIFIED.,.F.,.F.,(4,1,4),(-0.123305648844763,-0.0717629139207691,
0.),.UNSPECIFIED.);
#444=B_SPLINE_CURVE_WITH_KNOTS('',3,(#10691,#10692,#10693,#10694,#10695),
 .UNSPECIFIED.,.F.,.F.,(4,1,4),(-0.111278540083239,-0.0566248378456607,
0.),.UNSPECIFIED.);
#445=B_SPLINE_CURVE_WITH_KNOTS('',3,(#10708,#10709,#10710,#10711,#10712),
 .UNSPECIFIED.,.F.,.F.,(4,1,4),(-0.0925349317327508,-0.0449655155002131,
0.),.UNSPECIFIED.);
#446=B_SPLINE_CURVE_WITH_KNOTS('',3,(#10725,#10726,#10727,#10728,#10729),
 .UNSPECIFIED.,.F.,.F.,(4,1,4),(-0.126684741369415,-0.0560657995288578,
0.),.UNSPECIFIED.);
#447=B_SPLINE_CURVE_WITH_KNOTS('',3,(#10742,#10743,#10744,#10745,#10746),
 .UNSPECIFIED.,.F.,.F.,(4,1,4),(-0.134442932901316,-0.0772644570920984,
0.),.UNSPECIFIED.);
#448=B_SPLINE_CURVE_WITH_KNOTS('',3,(#10759,#10760,#10761,#10762,#10763),
 .UNSPECIFIED.,.F.,.F.,(4,1,4),(-0.093926852429377,-0.0471076358328634,
0.),.UNSPECIFIED.);
#449=B_SPLINE_CURVE_WITH_KNOTS('',3,(#10776,#10777,#10778,#10779,#10780),
 .UNSPECIFIED.,.F.,.F.,(4,1,4),(-0.0929215019571199,-0.0458985186636998,
0.),.UNSPECIFIED.);
#450=B_SPLINE_CURVE_WITH_KNOTS('',3,(#10792,#10793,#10794,#10795,#10796),
 .UNSPECIFIED.,.F.,.F.,(4,1,4),(-0.12241430983912,-0.0543478225884229,0.),
 .UNSPECIFIED.);
#451=B_SPLINE_CURVE_WITH_KNOTS('',3,(#10818,#10819,#10820,#10821,#10822),
 .UNSPECIFIED.,.F.,.F.,(4,1,4),(-0.100731022510341,-0.0519593113249158,
0.),.UNSPECIFIED.);
#452=B_SPLINE_CURVE_WITH_KNOTS('',3,(#10835,#10836,#10837,#10838,#10839),
 .UNSPECIFIED.,.F.,.F.,(4,1,4),(-0.0904530444624377,-0.046354985676363,
0.),.UNSPECIFIED.);
#453=B_SPLINE_CURVE_WITH_KNOTS('',3,(#10852,#10853,#10854,#10855,#10856),
 .UNSPECIFIED.,.F.,.F.,(4,1,4),(-0.173398972396404,-0.0848785088225358,
0.),.UNSPECIFIED.);
#454=B_SPLINE_CURVE_WITH_KNOTS('',3,(#10869,#10870,#10871,#10872,#10873),
 .UNSPECIFIED.,.F.,.F.,(4,1,4),(-0.214385004805493,-0.0985988520709218,
0.),.UNSPECIFIED.);
#455=B_SPLINE_CURVE_WITH_KNOTS('',3,(#10886,#10887,#10888,#10889,#10890),
 .UNSPECIFIED.,.F.,.F.,(4,1,4),(-0.213435243472562,-0.117058953671932,0.),
 .UNSPECIFIED.);
#456=B_SPLINE_CURVE_WITH_KNOTS('',3,(#10903,#10904,#10905,#10906,#10907),
 .UNSPECIFIED.,.F.,.F.,(4,1,4),(-0.175259986532926,-0.0870291344609812,
0.),.UNSPECIFIED.);
#457=B_SPLINE_CURVE_WITH_KNOTS('',3,(#10920,#10921,#10922,#10923,#10924),
 .UNSPECIFIED.,.F.,.F.,(4,1,4),(-0.171049545885759,-0.083043707771948,0.),
 .UNSPECIFIED.);
#458=B_SPLINE_CURVE_WITH_KNOTS('',3,(#10946,#10947,#10948,#10949,#10950),
 .UNSPECIFIED.,.F.,.F.,(4,1,4),(0.,0.0459510015251922,0.0932670671098162),
 .UNSPECIFIED.);
#459=B_SPLINE_CURVE_WITH_KNOTS('',3,(#10952,#10953,#10954,#10955,#10956),
 .UNSPECIFIED.,.F.,.F.,(4,1,4),(0.,0.0483972997893449,0.0982111118077548),
 .UNSPECIFIED.);
#460=B_SPLINE_CURVE_WITH_KNOTS('',3,(#10958,#10959,#10960,#10961,#10962),
 .UNSPECIFIED.,.F.,.F.,(4,1,4),(0.,0.0853515939254179,0.173073277396232),
 .UNSPECIFIED.);
#461=B_SPLINE_CURVE_WITH_KNOTS('',3,(#10964,#10965,#10966,#10967,#10968),
 .UNSPECIFIED.,.F.,.F.,(4,1,4),(0.,0.0969982870137477,0.210643387813288),
 .UNSPECIFIED.);
#462=B_SPLINE_CURVE_WITH_KNOTS('',3,(#10970,#10971,#10972,#10973,#10974),
 .UNSPECIFIED.,.F.,.F.,(4,1,4),(0.,0.116503323651861,0.215227363427757),
 .UNSPECIFIED.);
#463=B_SPLINE_CURVE_WITH_KNOTS('',3,(#10976,#10977,#10978,#10979,#10980),
 .UNSPECIFIED.,.F.,.F.,(4,1,4),(0.,0.0885688258572322,0.174103560026497),
 .UNSPECIFIED.);
#464=B_SPLINE_CURVE_WITH_KNOTS('',3,(#10982,#10983,#10984,#10985,#10986),
 .UNSPECIFIED.,.F.,.F.,(4,1,4),(0.,0.0411768424206162,0.0802643683548153),
 .UNSPECIFIED.);
#465=B_SPLINE_CURVE_WITH_KNOTS('',3,(#10988,#10989,#10990,#10991,#10992),
 .UNSPECIFIED.,.F.,.F.,(4,1,4),(0.,0.0426796376735865,0.0943648840678309),
 .UNSPECIFIED.);
#466=B_SPLINE_CURVE_WITH_KNOTS('',3,(#10998,#10999,#11000,#11001,#11002),
 .UNSPECIFIED.,.F.,.F.,(4,1,4),(0.,0.0542143723207414,0.121561377966677),
 .UNSPECIFIED.);
#467=B_SPLINE_CURVE_WITH_KNOTS('',3,(#11004,#11005,#11006,#11007,#11008),
 .UNSPECIFIED.,.F.,.F.,(4,1,4),(0.,0.0764814346652285,0.135660896808096),
 .UNSPECIFIED.);
#468=B_SPLINE_CURVE_WITH_KNOTS('',3,(#11010,#11011,#11012,#11013,#11014),
 .UNSPECIFIED.,.F.,.F.,(4,1,4),(0.,0.0495877872264478,0.0967769634529692),
 .UNSPECIFIED.);
#469=B_SPLINE_CURVE_WITH_KNOTS('',3,(#11016,#11017,#11018,#11019,#11020),
 .UNSPECIFIED.,.F.,.F.,(4,1,4),(0.,0.0448586807250399,0.0907462815822619),
 .UNSPECIFIED.);
#470=B_SPLINE_CURVE_WITH_KNOTS('',3,(#11022,#11023,#11024,#11025,#11026),
 .UNSPECIFIED.,.F.,.F.,(4,1,4),(0.,0.0559176974168404,0.131469779042773),
 .UNSPECIFIED.);
#471=B_SPLINE_CURVE_WITH_KNOTS('',3,(#11028,#11029,#11030,#11031,#11032),
 .UNSPECIFIED.,.F.,.F.,(4,1,4),(0.,0.0715141401180496,0.12725377601638),
 .UNSPECIFIED.);
#472=B_SPLINE_CURVE_WITH_KNOTS('',3,(#11034,#11035,#11036,#11037,#11038),
 .UNSPECIFIED.,.F.,.F.,(4,1,4),(0.,0.0471275203546908,0.0926479638074174),
 .UNSPECIFIED.);
#473=B_SPLINE_CURVE_WITH_KNOTS('',3,(#11039,#11040,#11041,#11042,#11043),
 .UNSPECIFIED.,.F.,.F.,(4,1,4),(0.,0.047032607873217,0.0944881778063417),
 .UNSPECIFIED.);
#474=B_SPLINE_CURVE_WITH_KNOTS('',3,(#11057,#11058,#11059,#11060,#11061),
 .UNSPECIFIED.,.F.,.F.,(4,1,4),(-0.135660896808096,-0.0764814346652285,
0.),.UNSPECIFIED.);
#475=B_SPLINE_CURVE_WITH_KNOTS('',3,(#11074,#11075,#11076,#11077,#11078),
 .UNSPECIFIED.,.F.,.F.,(4,1,4),(-0.0967769634529692,-0.0495877872264478,
0.),.UNSPECIFIED.);
#476=B_SPLINE_CURVE_WITH_KNOTS('',3,(#11091,#11092,#11093,#11094,#11095),
 .UNSPECIFIED.,.F.,.F.,(4,1,4),(-0.0907462815822619,-0.0448586807250399,
0.),.UNSPECIFIED.);
#477=B_SPLINE_CURVE_WITH_KNOTS('',3,(#11108,#11109,#11110,#11111,#11112),
 .UNSPECIFIED.,.F.,.F.,(4,1,4),(-0.131469779042773,-0.0559176974168404,
0.),.UNSPECIFIED.);
#478=B_SPLINE_CURVE_WITH_KNOTS('',3,(#11125,#11126,#11127,#11128,#11129),
 .UNSPECIFIED.,.F.,.F.,(4,1,4),(-0.12725377601638,-0.0715141401180496,0.),
 .UNSPECIFIED.);
#479=B_SPLINE_CURVE_WITH_KNOTS('',3,(#11142,#11143,#11144,#11145,#11146),
 .UNSPECIFIED.,.F.,.F.,(4,1,4),(-0.0926479638074174,-0.0471275203546908,
0.),.UNSPECIFIED.);
#480=B_SPLINE_CURVE_WITH_KNOTS('',3,(#11159,#11160,#11161,#11162,#11163),
 .UNSPECIFIED.,.F.,.F.,(4,1,4),(-0.0944881778063417,-0.047032607873217,
0.),.UNSPECIFIED.);
#481=B_SPLINE_CURVE_WITH_KNOTS('',3,(#11175,#11176,#11177,#11178,#11179),
 .UNSPECIFIED.,.F.,.F.,(4,1,4),(-0.121561377966677,-0.0542143723207414,
0.),.UNSPECIFIED.);
#482=B_SPLINE_CURVE_WITH_KNOTS('',3,(#11201,#11202,#11203,#11204,#11205),
 .UNSPECIFIED.,.F.,.F.,(4,1,4),(-0.0932670671098162,-0.0459510015251922,
0.),.UNSPECIFIED.);
#483=B_SPLINE_CURVE_WITH_KNOTS('',3,(#11218,#11219,#11220,#11221,#11222),
 .UNSPECIFIED.,.F.,.F.,(4,1,4),(-0.0982111118077548,-0.0483972997893449,
0.),.UNSPECIFIED.);
#484=B_SPLINE_CURVE_WITH_KNOTS('',3,(#11235,#11236,#11237,#11238,#11239),
 .UNSPECIFIED.,.F.,.F.,(4,1,4),(-0.173073277396232,-0.0853515939254179,
0.),.UNSPECIFIED.);
#485=B_SPLINE_CURVE_WITH_KNOTS('',3,(#11252,#11253,#11254,#11255,#11256),
 .UNSPECIFIED.,.F.,.F.,(4,1,4),(-0.210643387813288,-0.0969982870137477,
0.),.UNSPECIFIED.);
#486=B_SPLINE_CURVE_WITH_KNOTS('',3,(#11269,#11270,#11271,#11272,#11273),
 .UNSPECIFIED.,.F.,.F.,(4,1,4),(-0.215227363427757,-0.116503323651861,0.),
 .UNSPECIFIED.);
#487=B_SPLINE_CURVE_WITH_KNOTS('',3,(#11286,#11287,#11288,#11289,#11290),
 .UNSPECIFIED.,.F.,.F.,(4,1,4),(-0.174103560026497,-0.0885688258572322,
0.),.UNSPECIFIED.);
#488=B_SPLINE_CURVE_WITH_KNOTS('',3,(#11303,#11304,#11305,#11306,#11307),
 .UNSPECIFIED.,.F.,.F.,(4,1,4),(-0.0802643683548153,-0.0411768424206162,
0.),.UNSPECIFIED.);
#489=B_SPLINE_CURVE_WITH_KNOTS('',3,(#11320,#11321,#11322,#11323,#11324),
 .UNSPECIFIED.,.F.,.F.,(4,1,4),(-0.0943648840678309,-0.0426796376735865,
0.),.UNSPECIFIED.);
#490=B_SPLINE_CURVE_WITH_KNOTS('',3,(#11366,#11367,#11368,#11369,#11370),
 .UNSPECIFIED.,.F.,.F.,(4,1,4),(0.,0.0271617417703228,0.0611780421910763),
 .UNSPECIFIED.);
#491=B_SPLINE_CURVE_WITH_KNOTS('',3,(#11374,#11375,#11376,#11377,#11378),
 .UNSPECIFIED.,.F.,.F.,(4,1,4),(0.,0.0713930808179475,0.134768620170206),
 .UNSPECIFIED.);
#492=B_SPLINE_CURVE_WITH_KNOTS('',3,(#11380,#11381,#11382,#11383,#11384),
 .UNSPECIFIED.,.F.,.F.,(4,1,4),(0.,0.0692438938464755,0.158326121008272),
 .UNSPECIFIED.);
#493=B_SPLINE_CURVE_WITH_KNOTS('',3,(#11386,#11387,#11388,#11389,#11390),
 .UNSPECIFIED.,.F.,.F.,(4,1,4),(0.,0.0802621587547316,0.139200538614359),
 .UNSPECIFIED.);
#494=B_SPLINE_CURVE_WITH_KNOTS('',3,(#11392,#11393,#11394,#11395,#11396),
 .UNSPECIFIED.,.F.,.F.,(4,1,4),(0.,0.0455252307088915,0.0849522881825666),
 .UNSPECIFIED.);
#495=B_SPLINE_CURVE_WITH_KNOTS('',3,(#11398,#11399,#11400,#11401,#11402),
 .UNSPECIFIED.,.F.,.F.,(4,1,4),(0.,0.0493726504044471,0.124889937520712),
 .UNSPECIFIED.);
#496=B_SPLINE_CURVE_WITH_KNOTS('',3,(#11406,#11407,#11408,#11409,#11410),
 .UNSPECIFIED.,.F.,.F.,(4,1,4),(0.,0.0594100672916647,0.101146780077189),
 .UNSPECIFIED.);
#497=B_SPLINE_CURVE_WITH_KNOTS('',3,(#11412,#11413,#11414,#11415,#11416),
 .UNSPECIFIED.,.F.,.F.,(4,1,4),(0.,0.0349356831810097,0.0739658402320343),
 .UNSPECIFIED.);
#498=B_SPLINE_CURVE_WITH_KNOTS('',3,(#11420,#11421,#11422,#11423,#11424),
 .UNSPECIFIED.,.F.,.F.,(4,1,4),(0.,0.0179911929413466,0.0426270265060022),
 .UNSPECIFIED.);
#499=B_SPLINE_CURVE_WITH_KNOTS('',3,(#11426,#11427,#11428,#11429,#11430),
 .UNSPECIFIED.,.F.,.F.,(4,1,4),(0.,0.0105469032569789,0.0168391512886488),
 .UNSPECIFIED.);
#500=B_SPLINE_CURVE_WITH_KNOTS('',3,(#11432,#11433,#11434,#11435,#11436),
 .UNSPECIFIED.,.F.,.F.,(4,1,4),(0.,0.0470927268197452,0.0914008873111066),
 .UNSPECIFIED.);
#501=B_SPLINE_CURVE_WITH_KNOTS('',3,(#11438,#11439,#11440,#11441,#11442),
 .UNSPECIFIED.,.F.,.F.,(4,1,4),(0.,0.0433213763368656,0.0875953884704625),
 .UNSPECIFIED.);
#502=B_SPLINE_CURVE_WITH_KNOTS('',3,(#11444,#11445,#11446,#11447,#11448),
 .UNSPECIFIED.,.F.,.F.,(4,1,4),(0.,0.0724138595359263,0.136024704064777),
 .UNSPECIFIED.);
#503=B_SPLINE_CURVE_WITH_KNOTS('',3,(#11450,#11451,#11452,#11453,#11454),
 .UNSPECIFIED.,.F.,.F.,(4,1,4),(0.,0.0601475065243259,0.121903413287019),
 .UNSPECIFIED.);
#504=B_SPLINE_CURVE_WITH_KNOTS('',3,(#11456,#11457,#11458,#11459,#11460),
 .UNSPECIFIED.,.F.,.F.,(4,1,4),(0.,0.0418950665490869,0.0819265454570695),
 .UNSPECIFIED.);
#505=B_SPLINE_CURVE_WITH_KNOTS('',3,(#11462,#11463,#11464,#11465,#11466),
 .UNSPECIFIED.,.F.,.F.,(4,1,4),(0.,0.0394880480157997,0.0798616389772697),
 .UNSPECIFIED.);
#506=B_SPLINE_CURVE_WITH_KNOTS('',3,(#11468,#11469,#11470,#11471,#11472),
 .UNSPECIFIED.,.F.,.F.,(4,1,4),(0.,0.0492841407300579,0.113935613781932),
 .UNSPECIFIED.);
#507=B_SPLINE_CURVE_WITH_KNOTS('',3,(#11474,#11475,#11476,#11477,#11478),
 .UNSPECIFIED.,.F.,.F.,(4,1,4),(0.,0.0832711027165047,0.137632015889452),
 .UNSPECIFIED.);
#508=B_SPLINE_CURVE_WITH_KNOTS('',3,(#11482,#11483,#11484,#11485,#11486),
 .UNSPECIFIED.,.F.,.F.,(4,1,4),(0.,0.0342246169020763,0.0610912499907288),
 .UNSPECIFIED.);
#509=B_SPLINE_CURVE_WITH_KNOTS('',3,(#11488,#11489,#11490,#11491,#11492),
 .UNSPECIFIED.,.F.,.F.,(4,1,4),(0.,0.0308992852095918,0.0766258613207529),
 .UNSPECIFIED.);
#510=B_SPLINE_CURVE_WITH_KNOTS('',3,(#11493,#11494,#11495,#11496,#11497),
 .UNSPECIFIED.,.F.,.F.,(4,1,4),(0.,0.0327911057434352,0.0596002727046288),
 .UNSPECIFIED.);
#511=B_SPLINE_CURVE_WITH_KNOTS('',3,(#11502,#11503,#11504,#11505,#11506),
 .UNSPECIFIED.,.F.,.F.,(4,1,4),(0.,0.0353966020332616,0.0861217743640329),
 .UNSPECIFIED.);
#512=B_SPLINE_CURVE_WITH_KNOTS('',3,(#11508,#11509,#11510,#11511,#11512),
 .UNSPECIFIED.,.F.,.F.,(4,1,4),(0.,0.048762468064099,0.0786719366503418),
 .UNSPECIFIED.);
#513=B_SPLINE_CURVE_WITH_KNOTS('',3,(#11514,#11515,#11516,#11517,#11518),
 .UNSPECIFIED.,.F.,.F.,(4,1,4),(0.,0.0295384934034313,0.0571020672760175),
 .UNSPECIFIED.);
#514=B_SPLINE_CURVE_WITH_KNOTS('',3,(#11520,#11521,#11522,#11523,#11524),
 .UNSPECIFIED.,.F.,.F.,(4,1,4),(0.,0.0273873118405862,0.0554284329643387),
 .UNSPECIFIED.);
#515=B_SPLINE_CURVE_WITH_KNOTS('',3,(#11526,#11527,#11528,#11529,#11530),
 .UNSPECIFIED.,.F.,.F.,(4,1,4),(0.,0.029051965014104,0.0597770893444274),
 .UNSPECIFIED.);
#516=B_SPLINE_CURVE_WITH_KNOTS('',3,(#11532,#11533,#11534,#11535,#11536),
 .UNSPECIFIED.,.F.,.F.,(4,1,4),(0.,0.036765057197463,0.0758635894680693),
 .UNSPECIFIED.);
#517=B_SPLINE_CURVE_WITH_KNOTS('',3,(#11538,#11539,#11540,#11541,#11542),
 .UNSPECIFIED.,.F.,.F.,(4,1,4),(0.,0.0291750600636051,0.0567451205005749),
 .UNSPECIFIED.);
#518=B_SPLINE_CURVE_WITH_KNOTS('',3,(#11543,#11544,#11545,#11546,#11547),
 .UNSPECIFIED.,.F.,.F.,(4,1,4),(0.,0.0258287627781231,0.0672323783939437),
 .UNSPECIFIED.);
#519=B_SPLINE_CURVE_WITH_KNOTS('',3,(#11561,#11562,#11563,#11564,#11565),
 .UNSPECIFIED.,.F.,.F.,(4,1,4),(-0.0861217743640329,-0.0353966020332616,
0.),.UNSPECIFIED.);
#520=B_SPLINE_CURVE_WITH_KNOTS('',3,(#11578,#11579,#11580,#11581,#11582),
 .UNSPECIFIED.,.F.,.F.,(4,1,4),(-0.0786719366503418,-0.048762468064099,
0.),.UNSPECIFIED.);
#521=B_SPLINE_CURVE_WITH_KNOTS('',3,(#11595,#11596,#11597,#11598,#11599),
 .UNSPECIFIED.,.F.,.F.,(4,1,4),(-0.0571020672760175,-0.0295384934034313,
0.),.UNSPECIFIED.);
#522=B_SPLINE_CURVE_WITH_KNOTS('',3,(#11612,#11613,#11614,#11615,#11616),
 .UNSPECIFIED.,.F.,.F.,(4,1,4),(-0.0554284329643387,-0.0273873118405862,
0.),.UNSPECIFIED.);
#523=B_SPLINE_CURVE_WITH_KNOTS('',3,(#11629,#11630,#11631,#11632,#11633),
 .UNSPECIFIED.,.F.,.F.,(4,1,4),(-0.0597770893444274,-0.029051965014104,
0.),.UNSPECIFIED.);
#524=B_SPLINE_CURVE_WITH_KNOTS('',3,(#11646,#11647,#11648,#11649,#11650),
 .UNSPECIFIED.,.F.,.F.,(4,1,4),(-0.0758635894680693,-0.036765057197463,
0.),.UNSPECIFIED.);
#525=B_SPLINE_CURVE_WITH_KNOTS('',3,(#11663,#11664,#11665,#11666,#11667),
 .UNSPECIFIED.,.F.,.F.,(4,1,4),(-0.0567451205005749,-0.0291750600636051,
0.),.UNSPECIFIED.);
#526=B_SPLINE_CURVE_WITH_KNOTS('',3,(#11680,#11681,#11682,#11683,#11684),
 .UNSPECIFIED.,.F.,.F.,(4,1,4),(-0.0672323783939437,-0.0258287627781231,
0.),.UNSPECIFIED.);
#527=B_SPLINE_CURVE_WITH_KNOTS('',3,(#11705,#11706,#11707,#11708,#11709),
 .UNSPECIFIED.,.F.,.F.,(4,1,4),(-0.134768620170206,-0.0713930808179475,
0.),.UNSPECIFIED.);
#528=B_SPLINE_CURVE_WITH_KNOTS('',3,(#11722,#11723,#11724,#11725,#11726),
 .UNSPECIFIED.,.F.,.F.,(4,1,4),(-0.158326121008272,-0.0692438938464755,
0.),.UNSPECIFIED.);
#529=B_SPLINE_CURVE_WITH_KNOTS('',3,(#11739,#11740,#11741,#11742,#11743),
 .UNSPECIFIED.,.F.,.F.,(4,1,4),(-0.139200538614359,-0.0802621587547316,
0.),.UNSPECIFIED.);
#530=B_SPLINE_CURVE_WITH_KNOTS('',3,(#11756,#11757,#11758,#11759,#11760),
 .UNSPECIFIED.,.F.,.F.,(4,1,4),(-0.0849522881825666,-0.0455252307088915,
0.),.UNSPECIFIED.);
#531=B_SPLINE_CURVE_WITH_KNOTS('',3,(#11773,#11774,#11775,#11776,#11777),
 .UNSPECIFIED.,.F.,.F.,(4,1,4),(-0.124889937520712,-0.0493726504044471,
0.),.UNSPECIFIED.);
#532=B_SPLINE_CURVE_WITH_KNOTS('',3,(#11794,#11795,#11796,#11797,#11798),
 .UNSPECIFIED.,.F.,.F.,(4,1,4),(-0.101146780077189,-0.0594100672916647,
0.),.UNSPECIFIED.);
#533=B_SPLINE_CURVE_WITH_KNOTS('',3,(#11811,#11812,#11813,#11814,#11815),
 .UNSPECIFIED.,.F.,.F.,(4,1,4),(-0.0739658402320343,-0.0349356831810097,
0.),.UNSPECIFIED.);
#534=B_SPLINE_CURVE_WITH_KNOTS('',3,(#11832,#11833,#11834,#11835,#11836),
 .UNSPECIFIED.,.F.,.F.,(4,1,4),(-0.0426270265060022,-0.0179911929413466,
0.),.UNSPECIFIED.);
#535=B_SPLINE_CURVE_WITH_KNOTS('',3,(#11849,#11850,#11851,#11852,#11853),
 .UNSPECIFIED.,.F.,.F.,(4,1,4),(-0.0168391512886488,-0.0105469032569789,
0.),.UNSPECIFIED.);
#536=B_SPLINE_CURVE_WITH_KNOTS('',3,(#11866,#11867,#11868,#11869,#11870),
 .UNSPECIFIED.,.F.,.F.,(4,1,4),(-0.0914008873111066,-0.0470927268197452,
0.),.UNSPECIFIED.);
#537=B_SPLINE_CURVE_WITH_KNOTS('',3,(#11883,#11884,#11885,#11886,#11887),
 .UNSPECIFIED.,.F.,.F.,(4,1,4),(-0.0875953884704625,-0.0433213763368656,
0.),.UNSPECIFIED.);
#538=B_SPLINE_CURVE_WITH_KNOTS('',3,(#11900,#11901,#11902,#11903,#11904),
 .UNSPECIFIED.,.F.,.F.,(4,1,4),(-0.136024704064777,-0.0724138595359263,
0.),.UNSPECIFIED.);
#539=B_SPLINE_CURVE_WITH_KNOTS('',3,(#11917,#11918,#11919,#11920,#11921),
 .UNSPECIFIED.,.F.,.F.,(4,1,4),(-0.121903413287019,-0.0601475065243259,
0.),.UNSPECIFIED.);
#540=B_SPLINE_CURVE_WITH_KNOTS('',3,(#11934,#11935,#11936,#11937,#11938),
 .UNSPECIFIED.,.F.,.F.,(4,1,4),(-0.0819265454570695,-0.0418950665490869,
0.),.UNSPECIFIED.);
#541=B_SPLINE_CURVE_WITH_KNOTS('',3,(#11951,#11952,#11953,#11954,#11955),
 .UNSPECIFIED.,.F.,.F.,(4,1,4),(-0.0798616389772697,-0.0394880480157997,
0.),.UNSPECIFIED.);
#542=B_SPLINE_CURVE_WITH_KNOTS('',3,(#11968,#11969,#11970,#11971,#11972),
 .UNSPECIFIED.,.F.,.F.,(4,1,4),(-0.113935613781932,-0.0492841407300579,
0.),.UNSPECIFIED.);
#543=B_SPLINE_CURVE_WITH_KNOTS('',3,(#11985,#11986,#11987,#11988,#11989),
 .UNSPECIFIED.,.F.,.F.,(4,1,4),(-0.137632015889452,-0.0832711027165047,
0.),.UNSPECIFIED.);
#544=B_SPLINE_CURVE_WITH_KNOTS('',3,(#12006,#12007,#12008,#12009,#12010),
 .UNSPECIFIED.,.F.,.F.,(4,1,4),(-0.0610912499907288,-0.0342246169020763,
0.),.UNSPECIFIED.);
#545=B_SPLINE_CURVE_WITH_KNOTS('',3,(#12023,#12024,#12025,#12026,#12027),
 .UNSPECIFIED.,.F.,.F.,(4,1,4),(-0.0766258613207529,-0.0308992852095918,
0.),.UNSPECIFIED.);
#546=B_SPLINE_CURVE_WITH_KNOTS('',3,(#12040,#12041,#12042,#12043,#12044),
 .UNSPECIFIED.,.F.,.F.,(4,1,4),(-0.0596002727046288,-0.0327911057434352,
0.),.UNSPECIFIED.);
#547=B_SPLINE_CURVE_WITH_KNOTS('',3,(#12056,#12057,#12058,#12059,#12060),
 .UNSPECIFIED.,.F.,.F.,(4,1,4),(-0.0611780421910763,-0.0271617417703228,
0.),.UNSPECIFIED.);
#548=B_SPLINE_CURVE_WITH_KNOTS('',3,(#12065,#12066,#12067,#12068,#12069),
 .UNSPECIFIED.,.F.,.F.,(4,1,4),(0.,0.081951670420114,0.167039691374302),
 .UNSPECIFIED.);
#549=B_SPLINE_CURVE_WITH_KNOTS('',3,(#12073,#12074,#12075,#12076,#12077),
 .UNSPECIFIED.,.F.,.F.,(4,1,4),(0.,0.0463071441745293,0.086091018276066),
 .UNSPECIFIED.);
#550=B_SPLINE_CURVE_WITH_KNOTS('',3,(#12079,#12080,#12081,#12082,#12083),
 .UNSPECIFIED.,.F.,.F.,(4,1,4),(0.,0.0367691100511911,0.0740005553636911),
 .UNSPECIFIED.);
#551=B_SPLINE_CURVE_WITH_KNOTS('',3,(#12085,#12086,#12087,#12088,#12089),
 .UNSPECIFIED.,.F.,.F.,(4,1,4),(0.,0.0399444672174099,0.0803743039878969),
 .UNSPECIFIED.);
#552=B_SPLINE_CURVE_WITH_KNOTS('',3,(#12091,#12092,#12093,#12094,#12095),
 .UNSPECIFIED.,.F.,.F.,(4,1,4),(0.,0.0436667621192301,0.0932736274655416),
 .UNSPECIFIED.);
#553=B_SPLINE_CURVE_WITH_KNOTS('',3,(#12097,#12098,#12099,#12100,#12101),
 .UNSPECIFIED.,.F.,.F.,(4,1,4),(0.,0.0469056664925509,0.0882125359273256),
 .UNSPECIFIED.);
#554=B_SPLINE_CURVE_WITH_KNOTS('',3,(#12103,#12104,#12105,#12106,#12107),
 .UNSPECIFIED.,.F.,.F.,(4,1,4),(0.,0.038331827500386,0.0760855130380274),
 .UNSPECIFIED.);
#555=B_SPLINE_CURVE_WITH_KNOTS('',3,(#12109,#12110,#12111,#12112,#12113),
 .UNSPECIFIED.,.F.,.F.,(4,1,4),(0.,0.0290440137581519,0.0639591107402408),
 .UNSPECIFIED.);
#556=B_SPLINE_CURVE_WITH_KNOTS('',3,(#12117,#12118,#12119,#12120,#12121),
 .UNSPECIFIED.,.F.,.F.,(4,1,4),(0.,0.0493587274536086,0.0899011892922643),
 .UNSPECIFIED.);
#557=B_SPLINE_CURVE_WITH_KNOTS('',3,(#12123,#12124,#12125,#12126,#12127),
 .UNSPECIFIED.,.F.,.F.,(4,1,4),(0.,0.0370620124135101,0.0760256342939499),
 .UNSPECIFIED.);
#558=B_SPLINE_CURVE_WITH_KNOTS('',3,(#12129,#12130,#12131,#12132,#12133),
 .UNSPECIFIED.,.F.,.F.,(4,1,4),(0.,0.0329119311117287,0.0627780240778955),
 .UNSPECIFIED.);
#559=B_SPLINE_CURVE_WITH_KNOTS('',3,(#12135,#12136,#12137,#12138,#12139),
 .UNSPECIFIED.,.F.,.F.,(4,1,4),(0.,0.0297633857585633,0.0623140703395139),
 .UNSPECIFIED.);
#560=B_SPLINE_CURVE_WITH_KNOTS('',3,(#12141,#12142,#12143,#12144,#12145),
 .UNSPECIFIED.,.F.,.F.,(4,1,4),(0.,0.0331593393078455,0.0661691471276452),
 .UNSPECIFIED.);
#561=B_SPLINE_CURVE_WITH_KNOTS('',3,(#12147,#12148,#12149,#12150,#12151),
 .UNSPECIFIED.,.F.,.F.,(4,1,4),(0.,0.0360907232163143,0.0786055541910897),
 .UNSPECIFIED.);
#562=B_SPLINE_CURVE_WITH_KNOTS('',3,(#12155,#12156,#12157,#12158,#12159),
 .UNSPECIFIED.,.F.,.F.,(4,1,4),(0.,0.0607074331475593,0.111671240393394),
 .UNSPECIFIED.);
#563=B_SPLINE_CURVE_WITH_KNOTS('',3,(#12161,#12162,#12163,#12164,#12165),
 .UNSPECIFIED.,.F.,.F.,(4,1,4),(0.,0.0470844991365213,0.0969790128113749),
 .UNSPECIFIED.);
#564=B_SPLINE_CURVE_WITH_KNOTS('',3,(#12167,#12168,#12169,#12170,#12171),
 .UNSPECIFIED.,.F.,.F.,(4,1,4),(0.,0.0531552088622632,0.10964231444415),
 .UNSPECIFIED.);
#565=B_SPLINE_CURVE_WITH_KNOTS('',3,(#12173,#12174,#12175,#12176,#12177),
 .UNSPECIFIED.,.F.,.F.,(4,1,4),(0.,0.0924790379253424,0.178409948650176),
 .UNSPECIFIED.);
#566=B_SPLINE_CURVE_WITH_KNOTS('',3,(#12179,#12180,#12181,#12182,#12183),
 .UNSPECIFIED.,.F.,.F.,(4,1,4),(0.,0.0676451290232189,0.131876040537338),
 .UNSPECIFIED.);
#567=B_SPLINE_CURVE_WITH_KNOTS('',3,(#12185,#12186,#12187,#12188,#12189),
 .UNSPECIFIED.,.F.,.F.,(4,1,4),(0.,0.0885457524123619,0.189954741551361),
 .UNSPECIFIED.);
#568=B_SPLINE_CURVE_WITH_KNOTS('',3,(#12191,#12192,#12193,#12194,#12195),
 .UNSPECIFIED.,.F.,.F.,(4,1,4),(0.,0.0593376305585333,0.116559481127549),
 .UNSPECIFIED.);
#569=B_SPLINE_CURVE_WITH_KNOTS('',3,(#12197,#12198,#12199,#12200,#12201),
 .UNSPECIFIED.,.F.,.F.,(4,1,4),(0.,0.0577132184466218,0.118595503810254),
 .UNSPECIFIED.);
#570=B_SPLINE_CURVE_WITH_KNOTS('',3,(#12203,#12204,#12205,#12206,#12207),
 .UNSPECIFIED.,.F.,.F.,(4,1,4),(0.,0.0889612056855102,0.178674996128412),
 .UNSPECIFIED.);
#571=B_SPLINE_CURVE_WITH_KNOTS('',3,(#12209,#12210,#12211,#12212,#12213),
 .UNSPECIFIED.,.F.,.F.,(4,1,4),(0.,0.0919306166332755,0.187499822126852),
 .UNSPECIFIED.);
#572=B_SPLINE_CURVE_WITH_KNOTS('',3,(#12214,#12215,#12216,#12217,#12218),
 .UNSPECIFIED.,.F.,.F.,(4,1,4),(0.,0.0899596296274156,0.173509268127623),
 .UNSPECIFIED.);
#573=B_SPLINE_CURVE_WITH_KNOTS('',3,(#12236,#12237,#12238,#12239,#12240),
 .UNSPECIFIED.,.F.,.F.,(4,1,4),(-0.086091018276066,-0.0463071441745293,
0.),.UNSPECIFIED.);
#574=B_SPLINE_CURVE_WITH_KNOTS('',3,(#12253,#12254,#12255,#12256,#12257),
 .UNSPECIFIED.,.F.,.F.,(4,1,4),(-0.0740005553636911,-0.0367691100511911,
0.),.UNSPECIFIED.);
#575=B_SPLINE_CURVE_WITH_KNOTS('',3,(#12270,#12271,#12272,#12273,#12274),
 .UNSPECIFIED.,.F.,.F.,(4,1,4),(-0.0803743039878969,-0.0399444672174099,
0.),.UNSPECIFIED.);
#576=B_SPLINE_CURVE_WITH_KNOTS('',3,(#12287,#12288,#12289,#12290,#12291),
 .UNSPECIFIED.,.F.,.F.,(4,1,4),(-0.0932736274655416,-0.0436667621192301,
0.),.UNSPECIFIED.);
#577=B_SPLINE_CURVE_WITH_KNOTS('',3,(#12304,#12305,#12306,#12307,#12308),
 .UNSPECIFIED.,.F.,.F.,(4,1,4),(-0.0882125359273256,-0.0469056664925509,
0.),.UNSPECIFIED.);
#578=B_SPLINE_CURVE_WITH_KNOTS('',3,(#12321,#12322,#12323,#12324,#12325),
 .UNSPECIFIED.,.F.,.F.,(4,1,4),(-0.0760855130380274,-0.038331827500386,
0.),.UNSPECIFIED.);
#579=B_SPLINE_CURVE_WITH_KNOTS('',3,(#12338,#12339,#12340,#12341,#12342),
 .UNSPECIFIED.,.F.,.F.,(4,1,4),(-0.0639591107402408,-0.0290440137581519,
0.),.UNSPECIFIED.);
#580=B_SPLINE_CURVE_WITH_KNOTS('',3,(#12359,#12360,#12361,#12362,#12363),
 .UNSPECIFIED.,.F.,.F.,(4,1,4),(-0.0899011892922643,-0.0493587274536086,
0.),.UNSPECIFIED.);
#581=B_SPLINE_CURVE_WITH_KNOTS('',3,(#12376,#12377,#12378,#12379,#12380),
 .UNSPECIFIED.,.F.,.F.,(4,1,4),(-0.0760256342939499,-0.0370620124135101,
0.),.UNSPECIFIED.);
#582=B_SPLINE_CURVE_WITH_KNOTS('',3,(#12393,#12394,#12395,#12396,#12397),
 .UNSPECIFIED.,.F.,.F.,(4,1,4),(-0.0627780240778955,-0.0329119311117287,
0.),.UNSPECIFIED.);
#583=B_SPLINE_CURVE_WITH_KNOTS('',3,(#12410,#12411,#12412,#12413,#12414),
 .UNSPECIFIED.,.F.,.F.,(4,1,4),(-0.0623140703395139,-0.0297633857585633,
0.),.UNSPECIFIED.);
#584=B_SPLINE_CURVE_WITH_KNOTS('',3,(#12427,#12428,#12429,#12430,#12431),
 .UNSPECIFIED.,.F.,.F.,(4,1,4),(-0.0661691471276452,-0.0331593393078455,
0.),.UNSPECIFIED.);
#585=B_SPLINE_CURVE_WITH_KNOTS('',3,(#12444,#12445,#12446,#12447,#12448),
 .UNSPECIFIED.,.F.,.F.,(4,1,4),(-0.0786055541910897,-0.0360907232163143,
0.),.UNSPECIFIED.);
#586=B_SPLINE_CURVE_WITH_KNOTS('',3,(#12465,#12466,#12467,#12468,#12469),
 .UNSPECIFIED.,.F.,.F.,(4,1,4),(-0.111671240393394,-0.0607074331475593,
0.),.UNSPECIFIED.);
#587=B_SPLINE_CURVE_WITH_KNOTS('',3,(#12482,#12483,#12484,#12485,#12486),
 .UNSPECIFIED.,.F.,.F.,(4,1,4),(-0.0969790128113749,-0.0470844991365213,
0.),.UNSPECIFIED.);
#588=B_SPLINE_CURVE_WITH_KNOTS('',3,(#12499,#12500,#12501,#12502,#12503),
 .UNSPECIFIED.,.F.,.F.,(4,1,4),(-0.10964231444415,-0.0531552088622632,0.),
 .UNSPECIFIED.);
#589=B_SPLINE_CURVE_WITH_KNOTS('',3,(#12516,#12517,#12518,#12519,#12520),
 .UNSPECIFIED.,.F.,.F.,(4,1,4),(-0.178409948650176,-0.0924790379253424,
0.),.UNSPECIFIED.);
#590=B_SPLINE_CURVE_WITH_KNOTS('',3,(#12533,#12534,#12535,#12536,#12537),
 .UNSPECIFIED.,.F.,.F.,(4,1,4),(-0.131876040537338,-0.0676451290232189,
0.),.UNSPECIFIED.);
#591=B_SPLINE_CURVE_WITH_KNOTS('',3,(#12550,#12551,#12552,#12553,#12554),
 .UNSPECIFIED.,.F.,.F.,(4,1,4),(-0.189954741551361,-0.0885457524123619,
0.),.UNSPECIFIED.);
#592=B_SPLINE_CURVE_WITH_KNOTS('',3,(#12567,#12568,#12569,#12570,#12571),
 .UNSPECIFIED.,.F.,.F.,(4,1,4),(-0.116559481127549,-0.0593376305585333,
0.),.UNSPECIFIED.);
#593=B_SPLINE_CURVE_WITH_KNOTS('',3,(#12584,#12585,#12586,#12587,#12588),
 .UNSPECIFIED.,.F.,.F.,(4,1,4),(-0.118595503810254,-0.0577132184466218,
0.),.UNSPECIFIED.);
#594=B_SPLINE_CURVE_WITH_KNOTS('',3,(#12601,#12602,#12603,#12604,#12605),
 .UNSPECIFIED.,.F.,.F.,(4,1,4),(-0.178674996128412,-0.0889612056855102,
0.),.UNSPECIFIED.);
#595=B_SPLINE_CURVE_WITH_KNOTS('',3,(#12618,#12619,#12620,#12621,#12622),
 .UNSPECIFIED.,.F.,.F.,(4,1,4),(-0.187499822126852,-0.0919306166332755,
0.),.UNSPECIFIED.);
#596=B_SPLINE_CURVE_WITH_KNOTS('',3,(#12635,#12636,#12637,#12638,#12639),
 .UNSPECIFIED.,.F.,.F.,(4,1,4),(-0.173509268127623,-0.0899596296274156,
0.),.UNSPECIFIED.);
#597=B_SPLINE_CURVE_WITH_KNOTS('',3,(#12651,#12652,#12653,#12654,#12655),
 .UNSPECIFIED.,.F.,.F.,(4,1,4),(-0.167039691374302,-0.081951670420114,0.),
 .UNSPECIFIED.);
#598=B_SPLINE_CURVE_WITH_KNOTS('',3,(#12668,#12669,#12670,#12671,#12672),
 .UNSPECIFIED.,.F.,.F.,(4,1,4),(0.,0.0880058381138107,0.171049545885759),
 .UNSPECIFIED.);
#599=B_SPLINE_CURVE_WITH_KNOTS('',3,(#12674,#12675,#12676,#12677,#12678),
 .UNSPECIFIED.,.F.,.F.,(4,1,4),(0.,0.0882308520719447,0.175259986532926),
 .UNSPECIFIED.);
#600=B_SPLINE_CURVE_WITH_KNOTS('',3,(#12680,#12681,#12682,#12683,#12684),
 .UNSPECIFIED.,.F.,.F.,(4,1,4),(0.,0.0956287679054572,0.21014732880645),
 .UNSPECIFIED.);
#601=B_SPLINE_CURVE_WITH_KNOTS('',3,(#12686,#12687,#12688,#12689,#12690),
 .UNSPECIFIED.,.F.,.F.,(4,1,4),(0.,0.118611850814699,0.217729731146934),
 .UNSPECIFIED.);
#602=B_SPLINE_CURVE_WITH_KNOTS('',3,(#12692,#12693,#12694,#12695,#12696),
 .UNSPECIFIED.,.F.,.F.,(4,1,4),(0.,0.0883120499955123,0.17377428132195),
 .UNSPECIFIED.);
#603=B_SPLINE_CURVE_WITH_KNOTS('',3,(#12698,#12699,#12700,#12701,#12702),
 .UNSPECIFIED.,.F.,.F.,(4,1,4),(0.,0.0444765826181178,0.0910755554007109),
 .UNSPECIFIED.);
#604=B_SPLINE_CURVE_WITH_KNOTS('',3,(#12704,#12705,#12706,#12707,#12708),
 .UNSPECIFIED.,.F.,.F.,(4,1,4),(0.,0.0487396201062728,0.0999999225913237),
 .UNSPECIFIED.);
#605=B_SPLINE_CURVE_WITH_KNOTS('',3,(#12712,#12713,#12714,#12715,#12716),
 .UNSPECIFIED.,.F.,.F.,(4,1,4),(0.,0.0541559338634705,0.122821027177299),
 .UNSPECIFIED.);
#606=B_SPLINE_CURVE_WITH_KNOTS('',3,(#12718,#12719,#12720,#12721,#12722),
 .UNSPECIFIED.,.F.,.F.,(4,1,4),(0.,0.0703552963562255,0.122992943647722),
 .UNSPECIFIED.);
#607=B_SPLINE_CURVE_WITH_KNOTS('',3,(#12724,#12725,#12726,#12727,#12728),
 .UNSPECIFIED.,.F.,.F.,(4,1,4),(0.,0.0583511416182187,0.11330176767763),
 .UNSPECIFIED.);
#608=B_SPLINE_CURVE_WITH_KNOTS('',3,(#12730,#12731,#12732,#12733,#12734),
 .UNSPECIFIED.,.F.,.F.,(4,1,4),(0.,0.0431584591918149,0.0889458113893969),
 .UNSPECIFIED.);
#609=B_SPLINE_CURVE_WITH_KNOTS('',3,(#12736,#12737,#12738,#12739,#12740),
 .UNSPECIFIED.,.F.,.F.,(4,1,4),(0.,0.0554449890178883,0.128212258282095),
 .UNSPECIFIED.);
#610=B_SPLINE_CURVE_WITH_KNOTS('',3,(#12742,#12743,#12744,#12745,#12746),
 .UNSPECIFIED.,.F.,.F.,(4,1,4),(0.,0.0769002519785097,0.13396812307226),
 .UNSPECIFIED.);
#611=B_SPLINE_CURVE_WITH_KNOTS('',3,(#12748,#12749,#12750,#12751,#12752),
 .UNSPECIFIED.,.F.,.F.,(4,1,4),(0.,0.0471076358328634,0.093926852429377),
 .UNSPECIFIED.);
#612=B_SPLINE_CURVE_WITH_KNOTS('',3,(#12753,#12754,#12755,#12756,#12757),
 .UNSPECIFIED.,.F.,.F.,(4,1,4),(0.,0.0461713509441139,0.0929203362873786),
 .UNSPECIFIED.);
#613=B_SPLINE_CURVE_WITH_KNOTS('',3,(#12771,#12772,#12773,#12774,#12775),
 .UNSPECIFIED.,.F.,.F.,(4,1,4),(-0.122992943647722,-0.0703552963562255,
0.),.UNSPECIFIED.);
#614=B_SPLINE_CURVE_WITH_KNOTS('',3,(#12788,#12789,#12790,#12791,#12792),
 .UNSPECIFIED.,.F.,.F.,(4,1,4),(-0.11330176767763,-0.0583511416182187,0.),
 .UNSPECIFIED.);
#615=B_SPLINE_CURVE_WITH_KNOTS('',3,(#12805,#12806,#12807,#12808,#12809),
 .UNSPECIFIED.,.F.,.F.,(4,1,4),(-0.0889458113893969,-0.0431584591918149,
0.),.UNSPECIFIED.);
#616=B_SPLINE_CURVE_WITH_KNOTS('',3,(#12822,#12823,#12824,#12825,#12826),
 .UNSPECIFIED.,.F.,.F.,(4,1,4),(-0.128212258282095,-0.0554449890178883,
0.),.UNSPECIFIED.);
#617=B_SPLINE_CURVE_WITH_KNOTS('',3,(#12839,#12840,#12841,#12842,#12843),
 .UNSPECIFIED.,.F.,.F.,(4,1,4),(-0.13396812307226,-0.0769002519785097,0.),
 .UNSPECIFIED.);
#618=B_SPLINE_CURVE_WITH_KNOTS('',3,(#12856,#12857,#12858,#12859,#12860),
 .UNSPECIFIED.,.F.,.F.,(4,1,4),(-0.093926852429377,-0.0471076358328634,
0.),.UNSPECIFIED.);
#619=B_SPLINE_CURVE_WITH_KNOTS('',3,(#12873,#12874,#12875,#12876,#12877),
 .UNSPECIFIED.,.F.,.F.,(4,1,4),(-0.0929203362873786,-0.0461713509441139,
0.),.UNSPECIFIED.);
#620=B_SPLINE_CURVE_WITH_KNOTS('',3,(#12889,#12890,#12891,#12892,#12893),
 .UNSPECIFIED.,.F.,.F.,(4,1,4),(-0.122821027177299,-0.0541559338634705,
0.),.UNSPECIFIED.);
#621=B_SPLINE_CURVE_WITH_KNOTS('',3,(#12919,#12920,#12921,#12922,#12923),
 .UNSPECIFIED.,.F.,.F.,(4,1,4),(-0.171049545885759,-0.0880058381138107,
0.),.UNSPECIFIED.);
#622=B_SPLINE_CURVE_WITH_KNOTS('',3,(#12936,#12937,#12938,#12939,#12940),
 .UNSPECIFIED.,.F.,.F.,(4,1,4),(-0.175259986532926,-0.0882308520719447,
0.),.UNSPECIFIED.);
#623=B_SPLINE_CURVE_WITH_KNOTS('',3,(#12953,#12954,#12955,#12956,#12957),
 .UNSPECIFIED.,.F.,.F.,(4,1,4),(-0.21014732880645,-0.0956287679054572,0.),
 .UNSPECIFIED.);
#624=B_SPLINE_CURVE_WITH_KNOTS('',3,(#12970,#12971,#12972,#12973,#12974),
 .UNSPECIFIED.,.F.,.F.,(4,1,4),(-0.217729731146934,-0.118611850814699,0.),
 .UNSPECIFIED.);
#625=B_SPLINE_CURVE_WITH_KNOTS('',3,(#12987,#12988,#12989,#12990,#12991),
 .UNSPECIFIED.,.F.,.F.,(4,1,4),(-0.17377428132195,-0.0883120499955123,0.),
 .UNSPECIFIED.);
#626=B_SPLINE_CURVE_WITH_KNOTS('',3,(#13004,#13005,#13006,#13007,#13008),
 .UNSPECIFIED.,.F.,.F.,(4,1,4),(-0.0910755554007109,-0.0444765826181178,
0.),.UNSPECIFIED.);
#627=B_SPLINE_CURVE_WITH_KNOTS('',3,(#13021,#13022,#13023,#13024,#13025),
 .UNSPECIFIED.,.F.,.F.,(4,1,4),(-0.0999999225913237,-0.0487396201062728,
0.),.UNSPECIFIED.);
#628=B_SPLINE_CURVE_WITH_KNOTS('',3,(#13047,#13048,#13049,#13050,#13051),
 .UNSPECIFIED.,.F.,.F.,(4,1,4),(0.,0.0533204536296388,0.0910315374929745),
 .UNSPECIFIED.);
#629=B_SPLINE_CURVE_WITH_KNOTS('',3,(#13053,#13054,#13055,#13056,#13057),
 .UNSPECIFIED.,.F.,.F.,(4,1,4),(0.,0.0305459462875889,0.062251874152101),
 .UNSPECIFIED.);
#630=B_SPLINE_CURVE_WITH_KNOTS('',3,(#13059,#13060,#13061,#13062,#13063),
 .UNSPECIFIED.,.F.,.F.,(4,1,4),(0.,0.0464730513428362,0.0948489478770998),
 .UNSPECIFIED.);
#631=B_SPLINE_CURVE_WITH_KNOTS('',3,(#13067,#13068,#13069,#13070,#13071),
 .UNSPECIFIED.,.F.,.F.,(4,1,4),(0.,0.0374499304614166,0.0689601537654248),
 .UNSPECIFIED.);
#632=B_SPLINE_CURVE_WITH_KNOTS('',3,(#13073,#13074,#13075,#13076,#13077),
 .UNSPECIFIED.,.F.,.F.,(4,1,4),(0.,0.0269054294908559,0.0521094019353739),
 .UNSPECIFIED.);
#633=B_SPLINE_CURVE_WITH_KNOTS('',3,(#13079,#13080,#13081,#13082,#13083),
 .UNSPECIFIED.,.F.,.F.,(4,1,4),(0.,0.0285677133639577,0.0662098316117553),
 .UNSPECIFIED.);
#634=B_SPLINE_CURVE_WITH_KNOTS('',3,(#13084,#13085,#13086,#13087,#13088),
 .UNSPECIFIED.,.F.,.F.,(4,1,4),(0.,0.0647831472752962,0.174439816737909),
 .UNSPECIFIED.);
#635=B_SPLINE_CURVE_WITH_KNOTS('',3,(#13118,#13119,#13120,#13121,#13122),
 .UNSPECIFIED.,.F.,.F.,(4,1,4),(-0.0910315374929745,-0.0533204536296388,
0.),.UNSPECIFIED.);
#636=B_SPLINE_CURVE_WITH_KNOTS('',3,(#13135,#13136,#13137,#13138,#13139),
 .UNSPECIFIED.,.F.,.F.,(4,1,4),(-0.062251874152101,-0.0305459462875889,
0.),.UNSPECIFIED.);
#637=B_SPLINE_CURVE_WITH_KNOTS('',3,(#13152,#13153,#13154,#13155,#13156),
 .UNSPECIFIED.,.F.,.F.,(4,1,4),(-0.0948489478770998,-0.0464730513428362,
0.),.UNSPECIFIED.);
#638=B_SPLINE_CURVE_WITH_KNOTS('',3,(#13173,#13174,#13175,#13176,#13177),
 .UNSPECIFIED.,.F.,.F.,(4,1,4),(-0.0689601537654248,-0.0374499304614166,
0.),.UNSPECIFIED.);
#639=B_SPLINE_CURVE_WITH_KNOTS('',3,(#13190,#13191,#13192,#13193,#13194),
 .UNSPECIFIED.,.F.,.F.,(4,1,4),(-0.0521094019353739,-0.0269054294908559,
0.),.UNSPECIFIED.);
#640=B_SPLINE_CURVE_WITH_KNOTS('',3,(#13207,#13208,#13209,#13210,#13211),
 .UNSPECIFIED.,.F.,.F.,(4,1,4),(-0.0662098316117553,-0.0285677133639577,
0.),.UNSPECIFIED.);
#641=B_SPLINE_CURVE_WITH_KNOTS('',3,(#13224,#13225,#13226,#13227,#13228),
 .UNSPECIFIED.,.F.,.F.,(4,1,4),(-0.174439816737909,-0.0647831472752962,
0.),.UNSPECIFIED.);
#642=B_SPLINE_CURVE_WITH_KNOTS('',3,(#13236,#13237,#13238,#13239,#13240),
 .UNSPECIFIED.,.F.,.F.,(4,1,4),(0.,0.0735101756185225,0.156519177397974),
 .UNSPECIFIED.);
#643=B_SPLINE_CURVE_WITH_KNOTS('',3,(#13242,#13243,#13244,#13245,#13246),
 .UNSPECIFIED.,.F.,.F.,(4,1,4),(0.,0.0677860742930084,0.137584038721738),
 .UNSPECIFIED.);
#644=B_SPLINE_CURVE_WITH_KNOTS('',3,(#13248,#13249,#13250,#13251,#13252),
 .UNSPECIFIED.,.F.,.F.,(4,1,4),(0.,0.0695550438534262,0.138109915023789),
 .UNSPECIFIED.);
#645=B_SPLINE_CURVE_WITH_KNOTS('',3,(#13254,#13255,#13256,#13257,#13258),
 .UNSPECIFIED.,.F.,.F.,(4,1,4),(0.,0.0700825268182678,0.143140487058585),
 .UNSPECIFIED.);
#646=B_SPLINE_CURVE_WITH_KNOTS('',3,(#13260,#13261,#13262,#13263,#13264),
 .UNSPECIFIED.,.F.,.F.,(4,1,4),(0.,0.108746853623969,0.211940626012134),
 .UNSPECIFIED.);
#647=B_SPLINE_CURVE_WITH_KNOTS('',3,(#13266,#13267,#13268,#13269,#13270),
 .UNSPECIFIED.,.F.,.F.,(4,1,4),(0.,0.103249856474225,0.211522731458644),
 .UNSPECIFIED.);
#648=B_SPLINE_CURVE_WITH_KNOTS('',3,(#13272,#13273,#13274,#13275,#13276),
 .UNSPECIFIED.,.F.,.F.,(4,1,4),(0.,0.109266397509196,0.213634337396482),
 .UNSPECIFIED.);
#649=B_SPLINE_CURVE_WITH_KNOTS('',3,(#13278,#13279,#13280,#13281,#13282),
 .UNSPECIFIED.,.F.,.F.,(4,1,4),(0.,0.103551786332446,0.210720517991375),
 .UNSPECIFIED.);
#650=B_SPLINE_CURVE_WITH_KNOTS('',3,(#13284,#13285,#13286,#13287,#13288),
 .UNSPECIFIED.,.F.,.F.,(4,1,4),(0.,0.070105592624357,0.140716304673641),
 .UNSPECIFIED.);
#651=B_SPLINE_CURVE_WITH_KNOTS('',3,(#13289,#13290,#13291,#13292,#13293),
 .UNSPECIFIED.,.F.,.F.,(4,1,4),(0.,0.0694377849617647,0.138103013908069),
 .UNSPECIFIED.);
#652=B_SPLINE_CURVE_WITH_KNOTS('',3,(#13296,#13297,#13298,#13299,#13300),
 .UNSPECIFIED.,.F.,.F.,(4,1,4),(0.,0.057089898249378,0.125817652364266),
 .UNSPECIFIED.);
#653=B_SPLINE_CURVE_WITH_KNOTS('',3,(#13302,#13303,#13304,#13305,#13306),
 .UNSPECIFIED.,.F.,.F.,(4,1,4),(0.,0.0687277541148885,0.125817652364266),
 .UNSPECIFIED.);
#654=B_SPLINE_CURVE_WITH_KNOTS('',3,(#13308,#13309,#13310,#13311,#13312),
 .UNSPECIFIED.,.F.,.F.,(4,1,4),(0.,0.0511719274156608,0.101662575640898),
 .UNSPECIFIED.);
#655=B_SPLINE_CURVE_WITH_KNOTS('',3,(#13314,#13315,#13316,#13317,#13318),
 .UNSPECIFIED.,.F.,.F.,(4,1,4),(0.,0.0504308865003526,0.101456605662815),
 .UNSPECIFIED.);
#656=B_SPLINE_CURVE_WITH_KNOTS('',3,(#13320,#13321,#13322,#13323,#13324),
 .UNSPECIFIED.,.F.,.F.,(4,1,4),(0.,0.0572165119081359,0.126662209694495),
 .UNSPECIFIED.);
#657=B_SPLINE_CURVE_WITH_KNOTS('',3,(#13326,#13327,#13328,#13329,#13330),
 .UNSPECIFIED.,.F.,.F.,(4,1,4),(0.,0.067993739346548,0.124781532279695),
 .UNSPECIFIED.);
#658=B_SPLINE_CURVE_WITH_KNOTS('',3,(#13332,#13333,#13334,#13335,#13336),
 .UNSPECIFIED.,.F.,.F.,(4,1,4),(0.,0.0510257191624628,0.101456605662815),
 .UNSPECIFIED.);
#659=B_SPLINE_CURVE_WITH_KNOTS('',3,(#13337,#13338,#13339,#13340,#13341),
 .UNSPECIFIED.,.F.,.F.,(4,1,4),(0.,0.0504906482252372,0.101662575640898),
 .UNSPECIFIED.);
#660=B_SPLINE_CURVE_WITH_KNOTS('',3,(#13355,#13356,#13357,#13358,#13359),
 .UNSPECIFIED.,.F.,.F.,(4,1,4),(-0.125817652364266,-0.0687277541148885,
0.),.UNSPECIFIED.);
#661=B_SPLINE_CURVE_WITH_KNOTS('',3,(#13372,#13373,#13374,#13375,#13376),
 .UNSPECIFIED.,.F.,.F.,(4,1,4),(-0.101662575640898,-0.0511719274156608,
0.),.UNSPECIFIED.);
#662=B_SPLINE_CURVE_WITH_KNOTS('',3,(#13389,#13390,#13391,#13392,#13393),
 .UNSPECIFIED.,.F.,.F.,(4,1,4),(-0.101456605662815,-0.0504308865003526,
0.),.UNSPECIFIED.);
#663=B_SPLINE_CURVE_WITH_KNOTS('',3,(#13406,#13407,#13408,#13409,#13410),
 .UNSPECIFIED.,.F.,.F.,(4,1,4),(-0.126662209694495,-0.0572165119081359,
0.),.UNSPECIFIED.);
#664=B_SPLINE_CURVE_WITH_KNOTS('',3,(#13423,#13424,#13425,#13426,#13427),
 .UNSPECIFIED.,.F.,.F.,(4,1,4),(-0.124781532279695,-0.067993739346548,0.),
 .UNSPECIFIED.);
#665=B_SPLINE_CURVE_WITH_KNOTS('',3,(#13440,#13441,#13442,#13443,#13444),
 .UNSPECIFIED.,.F.,.F.,(4,1,4),(-0.101456605662815,-0.0510257191624628,
0.),.UNSPECIFIED.);
#666=B_SPLINE_CURVE_WITH_KNOTS('',3,(#13457,#13458,#13459,#13460,#13461),
 .UNSPECIFIED.,.F.,.F.,(4,1,4),(-0.101662575640898,-0.0504906482252372,
0.),.UNSPECIFIED.);
#667=B_SPLINE_CURVE_WITH_KNOTS('',3,(#13473,#13474,#13475,#13476,#13477),
 .UNSPECIFIED.,.F.,.F.,(4,1,4),(-0.125817652364266,-0.057089898249378,0.),
 .UNSPECIFIED.);
#668=B_SPLINE_CURVE_WITH_KNOTS('',3,(#13491,#13492,#13493,#13494,#13495),
 .UNSPECIFIED.,.F.,.F.,(4,1,4),(-0.137584038721738,-0.0677860742930084,
0.),.UNSPECIFIED.);
#669=B_SPLINE_CURVE_WITH_KNOTS('',3,(#13508,#13509,#13510,#13511,#13512),
 .UNSPECIFIED.,.F.,.F.,(4,1,4),(-0.138109915023789,-0.0695550438534262,
0.),.UNSPECIFIED.);
#670=B_SPLINE_CURVE_WITH_KNOTS('',3,(#13525,#13526,#13527,#13528,#13529),
 .UNSPECIFIED.,.F.,.F.,(4,1,4),(-0.143140487058585,-0.0700825268182678,
0.),.UNSPECIFIED.);
#671=B_SPLINE_CURVE_WITH_KNOTS('',3,(#13542,#13543,#13544,#13545,#13546),
 .UNSPECIFIED.,.F.,.F.,(4,1,4),(-0.211940626012134,-0.108746853623969,0.),
 .UNSPECIFIED.);
#672=B_SPLINE_CURVE_WITH_KNOTS('',3,(#13559,#13560,#13561,#13562,#13563),
 .UNSPECIFIED.,.F.,.F.,(4,1,4),(-0.211522731458644,-0.103249856474225,0.),
 .UNSPECIFIED.);
#673=B_SPLINE_CURVE_WITH_KNOTS('',3,(#13576,#13577,#13578,#13579,#13580),
 .UNSPECIFIED.,.F.,.F.,(4,1,4),(-0.213634337396482,-0.109266397509196,0.),
 .UNSPECIFIED.);
#674=B_SPLINE_CURVE_WITH_KNOTS('',3,(#13593,#13594,#13595,#13596,#13597),
 .UNSPECIFIED.,.F.,.F.,(4,1,4),(-0.210720517991375,-0.103551786332446,0.),
 .UNSPECIFIED.);
#675=B_SPLINE_CURVE_WITH_KNOTS('',3,(#13610,#13611,#13612,#13613,#13614),
 .UNSPECIFIED.,.F.,.F.,(4,1,4),(-0.140716304673641,-0.070105592624357,0.),
 .UNSPECIFIED.);
#676=B_SPLINE_CURVE_WITH_KNOTS('',3,(#13627,#13628,#13629,#13630,#13631),
 .UNSPECIFIED.,.F.,.F.,(4,1,4),(-0.138103013908069,-0.0694377849617647,
0.),.UNSPECIFIED.);
#677=B_SPLINE_CURVE_WITH_KNOTS('',3,(#13643,#13644,#13645,#13646,#13647),
 .UNSPECIFIED.,.F.,.F.,(4,1,4),(-0.156519177397974,-0.0735101756185225,
0.),.UNSPECIFIED.);
#678=B_SPLINE_CURVE_WITH_KNOTS('',3,(#13684,#13685,#13686,#13687,#13688),
 .UNSPECIFIED.,.F.,.F.,(4,1,4),(0.,0.0459510015251922,0.0932670671098162),
 .UNSPECIFIED.);
#679=B_SPLINE_CURVE_WITH_KNOTS('',3,(#13690,#13691,#13692,#13693,#13694),
 .UNSPECIFIED.,.F.,.F.,(4,1,4),(0.,0.0483972997893449,0.0982111118077548),
 .UNSPECIFIED.);
#680=B_SPLINE_CURVE_WITH_KNOTS('',3,(#13696,#13697,#13698,#13699,#13700),
 .UNSPECIFIED.,.F.,.F.,(4,1,4),(0.,0.0853515939254179,0.173073277396232),
 .UNSPECIFIED.);
#681=B_SPLINE_CURVE_WITH_KNOTS('',3,(#13702,#13703,#13704,#13705,#13706),
 .UNSPECIFIED.,.F.,.F.,(4,1,4),(0.,0.0969982870137477,0.210643387813288),
 .UNSPECIFIED.);
#682=B_SPLINE_CURVE_WITH_KNOTS('',3,(#13708,#13709,#13710,#13711,#13712),
 .UNSPECIFIED.,.F.,.F.,(4,1,4),(0.,0.116503323651861,0.215227363427757),
 .UNSPECIFIED.);
#683=B_SPLINE_CURVE_WITH_KNOTS('',3,(#13714,#13715,#13716,#13717,#13718),
 .UNSPECIFIED.,.F.,.F.,(4,1,4),(0.,0.0885688258572322,0.174103560026497),
 .UNSPECIFIED.);
#684=B_SPLINE_CURVE_WITH_KNOTS('',3,(#13720,#13721,#13722,#13723,#13724),
 .UNSPECIFIED.,.F.,.F.,(4,1,4),(0.,0.0411768424206162,0.0802643683548153),
 .UNSPECIFIED.);
#685=B_SPLINE_CURVE_WITH_KNOTS('',3,(#13726,#13727,#13728,#13729,#13730),
 .UNSPECIFIED.,.F.,.F.,(4,1,4),(0.,0.0426796376735865,0.0943648840678309),
 .UNSPECIFIED.);
#686=B_SPLINE_CURVE_WITH_KNOTS('',3,(#13736,#13737,#13738,#13739,#13740),
 .UNSPECIFIED.,.F.,.F.,(4,1,4),(0.,0.0542143723207414,0.121561377966677),
 .UNSPECIFIED.);
#687=B_SPLINE_CURVE_WITH_KNOTS('',3,(#13742,#13743,#13744,#13745,#13746),
 .UNSPECIFIED.,.F.,.F.,(4,1,4),(0.,0.0764814346652285,0.135660896808096),
 .UNSPECIFIED.);
#688=B_SPLINE_CURVE_WITH_KNOTS('',3,(#13748,#13749,#13750,#13751,#13752),
 .UNSPECIFIED.,.F.,.F.,(4,1,4),(0.,0.0495877872264478,0.0967769634529692),
 .UNSPECIFIED.);
#689=B_SPLINE_CURVE_WITH_KNOTS('',3,(#13754,#13755,#13756,#13757,#13758),
 .UNSPECIFIED.,.F.,.F.,(4,1,4),(0.,0.0448586807250399,0.0907462815822619),
 .UNSPECIFIED.);
#690=B_SPLINE_CURVE_WITH_KNOTS('',3,(#13760,#13761,#13762,#13763,#13764),
 .UNSPECIFIED.,.F.,.F.,(4,1,4),(0.,0.0559176974168404,0.131469779042773),
 .UNSPECIFIED.);
#691=B_SPLINE_CURVE_WITH_KNOTS('',3,(#13766,#13767,#13768,#13769,#13770),
 .UNSPECIFIED.,.F.,.F.,(4,1,4),(0.,0.0715141401180496,0.12725377601638),
 .UNSPECIFIED.);
#692=B_SPLINE_CURVE_WITH_KNOTS('',3,(#13772,#13773,#13774,#13775,#13776),
 .UNSPECIFIED.,.F.,.F.,(4,1,4),(0.,0.0471275203546908,0.0926479638074174),
 .UNSPECIFIED.);
#693=B_SPLINE_CURVE_WITH_KNOTS('',3,(#13777,#13778,#13779,#13780,#13781),
 .UNSPECIFIED.,.F.,.F.,(4,1,4),(0.,0.047032607873217,0.0944881778063417),
 .UNSPECIFIED.);
#694=B_SPLINE_CURVE_WITH_KNOTS('',3,(#13795,#13796,#13797,#13798,#13799),
 .UNSPECIFIED.,.F.,.F.,(4,1,4),(-0.135660896808096,-0.0764814346652285,
0.),.UNSPECIFIED.);
#695=B_SPLINE_CURVE_WITH_KNOTS('',3,(#13812,#13813,#13814,#13815,#13816),
 .UNSPECIFIED.,.F.,.F.,(4,1,4),(-0.0967769634529692,-0.0495877872264478,
0.),.UNSPECIFIED.);
#696=B_SPLINE_CURVE_WITH_KNOTS('',3,(#13829,#13830,#13831,#13832,#13833),
 .UNSPECIFIED.,.F.,.F.,(4,1,4),(-0.0907462815822619,-0.0448586807250399,
0.),.UNSPECIFIED.);
#697=B_SPLINE_CURVE_WITH_KNOTS('',3,(#13846,#13847,#13848,#13849,#13850),
 .UNSPECIFIED.,.F.,.F.,(4,1,4),(-0.131469779042773,-0.0559176974168404,
0.),.UNSPECIFIED.);
#698=B_SPLINE_CURVE_WITH_KNOTS('',3,(#13863,#13864,#13865,#13866,#13867),
 .UNSPECIFIED.,.F.,.F.,(4,1,4),(-0.12725377601638,-0.0715141401180496,0.),
 .UNSPECIFIED.);
#699=B_SPLINE_CURVE_WITH_KNOTS('',3,(#13880,#13881,#13882,#13883,#13884),
 .UNSPECIFIED.,.F.,.F.,(4,1,4),(-0.0926479638074174,-0.0471275203546908,
0.),.UNSPECIFIED.);
#700=B_SPLINE_CURVE_WITH_KNOTS('',3,(#13897,#13898,#13899,#13900,#13901),
 .UNSPECIFIED.,.F.,.F.,(4,1,4),(-0.0944881778063417,-0.047032607873217,
0.),.UNSPECIFIED.);
#701=B_SPLINE_CURVE_WITH_KNOTS('',3,(#13913,#13914,#13915,#13916,#13917),
 .UNSPECIFIED.,.F.,.F.,(4,1,4),(-0.121561377966677,-0.0542143723207414,
0.),.UNSPECIFIED.);
#702=B_SPLINE_CURVE_WITH_KNOTS('',3,(#13939,#13940,#13941,#13942,#13943),
 .UNSPECIFIED.,.F.,.F.,(4,1,4),(-0.0932670671098162,-0.0459510015251922,
0.),.UNSPECIFIED.);
#703=B_SPLINE_CURVE_WITH_KNOTS('',3,(#13956,#13957,#13958,#13959,#13960),
 .UNSPECIFIED.,.F.,.F.,(4,1,4),(-0.0982111118077548,-0.0483972997893449,
0.),.UNSPECIFIED.);
#704=B_SPLINE_CURVE_WITH_KNOTS('',3,(#13973,#13974,#13975,#13976,#13977),
 .UNSPECIFIED.,.F.,.F.,(4,1,4),(-0.173073277396232,-0.0853515939254179,
0.),.UNSPECIFIED.);
#705=B_SPLINE_CURVE_WITH_KNOTS('',3,(#13990,#13991,#13992,#13993,#13994),
 .UNSPECIFIED.,.F.,.F.,(4,1,4),(-0.210643387813288,-0.0969982870137477,
0.),.UNSPECIFIED.);
#706=B_SPLINE_CURVE_WITH_KNOTS('',3,(#14007,#14008,#14009,#14010,#14011),
 .UNSPECIFIED.,.F.,.F.,(4,1,4),(-0.215227363427757,-0.116503323651861,0.),
 .UNSPECIFIED.);
#707=B_SPLINE_CURVE_WITH_KNOTS('',3,(#14024,#14025,#14026,#14027,#14028),
 .UNSPECIFIED.,.F.,.F.,(4,1,4),(-0.174103560026497,-0.0885688258572322,
0.),.UNSPECIFIED.);
#708=B_SPLINE_CURVE_WITH_KNOTS('',3,(#14041,#14042,#14043,#14044,#14045),
 .UNSPECIFIED.,.F.,.F.,(4,1,4),(-0.0802643683548153,-0.0411768424206162,
0.),.UNSPECIFIED.);
#709=B_SPLINE_CURVE_WITH_KNOTS('',3,(#14058,#14059,#14060,#14061,#14062),
 .UNSPECIFIED.,.F.,.F.,(4,1,4),(-0.0943648840678309,-0.0426796376735865,
0.),.UNSPECIFIED.);
#710=B_SPLINE_CURVE_WITH_KNOTS('',3,(#14078,#14079,#14080,#14081,#14082),
 .UNSPECIFIED.,.F.,.F.,(4,1,4),(0.,0.029977645492576,0.0664298929675642),
 .UNSPECIFIED.);
#711=B_SPLINE_CURVE_WITH_KNOTS('',3,(#14086,#14087,#14088,#14089,#14090),
 .UNSPECIFIED.,.F.,.F.,(4,1,4),(0.,0.0744397236790569,0.143410260437987),
 .UNSPECIFIED.);
#712=B_SPLINE_CURVE_WITH_KNOTS('',3,(#14092,#14093,#14094,#14095,#14096),
 .UNSPECIFIED.,.F.,.F.,(4,1,4),(0.,0.0704867534942252,0.149409010379918),
 .UNSPECIFIED.);
#713=B_SPLINE_CURVE_WITH_KNOTS('',3,(#14098,#14099,#14100,#14101,#14102),
 .UNSPECIFIED.,.F.,.F.,(4,1,4),(0.,0.119732061014039,0.225576595660682),
 .UNSPECIFIED.);
#714=B_SPLINE_CURVE_WITH_KNOTS('',3,(#14104,#14105,#14106,#14107,#14108),
 .UNSPECIFIED.,.F.,.F.,(4,1,4),(0.,0.0888317163122224,0.188293854856607),
 .UNSPECIFIED.);
#715=B_SPLINE_CURVE_WITH_KNOTS('',3,(#14110,#14111,#14112,#14113,#14114),
 .UNSPECIFIED.,.F.,.F.,(4,1,4),(0.,0.116157214785991,0.216748800101537),
 .UNSPECIFIED.);
#716=B_SPLINE_CURVE_WITH_KNOTS('',3,(#14116,#14117,#14118,#14119,#14120),
 .UNSPECIFIED.,.F.,.F.,(4,1,4),(0.,0.0939051020610802,0.189774314215999),
 .UNSPECIFIED.);
#717=B_SPLINE_CURVE_WITH_KNOTS('',3,(#14122,#14123,#14124,#14125,#14126),
 .UNSPECIFIED.,.F.,.F.,(4,1,4),(0.,0.105263704971802,0.202945452894285),
 .UNSPECIFIED.);
#718=B_SPLINE_CURVE_WITH_KNOTS('',3,(#14128,#14129,#14130,#14131,#14132),
 .UNSPECIFIED.,.F.,.F.,(4,1,4),(0.,0.10864129226438,0.246797236802654),
 .UNSPECIFIED.);
#719=B_SPLINE_CURVE_WITH_KNOTS('',3,(#14136,#14137,#14138,#14139,#14140),
 .UNSPECIFIED.,.F.,.F.,(4,1,4),(0.,0.0550070351197756,0.102351789834908),
 .UNSPECIFIED.);
#720=B_SPLINE_CURVE_WITH_KNOTS('',3,(#14142,#14143,#14144,#14145,#14146),
 .UNSPECIFIED.,.F.,.F.,(4,1,4),(0.,0.0437986256946662,0.0880760454356589),
 .UNSPECIFIED.);
#721=B_SPLINE_CURVE_WITH_KNOTS('',3,(#14147,#14148,#14149,#14150,#14151),
 .UNSPECIFIED.,.F.,.F.,(4,1,4),(0.,0.0299868399842787,0.0578405463365342),
 .UNSPECIFIED.);
#722=B_SPLINE_CURVE_WITH_KNOTS('',3,(#14156,#14157,#14158,#14159,#14160),
 .UNSPECIFIED.,.F.,.F.,(4,1,4),(0.,0.053101462872159,0.0973079839980908),
 .UNSPECIFIED.);
#723=B_SPLINE_CURVE_WITH_KNOTS('',3,(#14162,#14163,#14164,#14165,#14166),
 .UNSPECIFIED.,.F.,.F.,(4,1,4),(0.,0.0399388711213389,0.0795235933230992),
 .UNSPECIFIED.);
#724=B_SPLINE_CURVE_WITH_KNOTS('',3,(#14168,#14169,#14170,#14171,#14172),
 .UNSPECIFIED.,.F.,.F.,(4,1,4),(0.,0.0418231133075935,0.0831083324926513),
 .UNSPECIFIED.);
#725=B_SPLINE_CURVE_WITH_KNOTS('',3,(#14173,#14174,#14175,#14176,#14177),
 .UNSPECIFIED.,.F.,.F.,(4,1,4),(0.,0.044333040251994,0.0951050461056856),
 .UNSPECIFIED.);
#726=B_SPLINE_CURVE_WITH_KNOTS('',3,(#14191,#14192,#14193,#14194,#14195),
 .UNSPECIFIED.,.F.,.F.,(4,1,4),(-0.0973079839980908,-0.053101462872159,
0.),.UNSPECIFIED.);
#727=B_SPLINE_CURVE_WITH_KNOTS('',3,(#14208,#14209,#14210,#14211,#14212),
 .UNSPECIFIED.,.F.,.F.,(4,1,4),(-0.0795235933230992,-0.0399388711213389,
0.),.UNSPECIFIED.);
#728=B_SPLINE_CURVE_WITH_KNOTS('',3,(#14225,#14226,#14227,#14228,#14229),
 .UNSPECIFIED.,.F.,.F.,(4,1,4),(-0.0831083324926513,-0.0418231133075935,
0.),.UNSPECIFIED.);
#729=B_SPLINE_CURVE_WITH_KNOTS('',3,(#14242,#14243,#14244,#14245,#14246),
 .UNSPECIFIED.,.F.,.F.,(4,1,4),(-0.0951050461056856,-0.044333040251994,
0.),.UNSPECIFIED.);
#730=B_SPLINE_CURVE_WITH_KNOTS('',3,(#14267,#14268,#14269,#14270,#14271),
 .UNSPECIFIED.,.F.,.F.,(4,1,4),(-0.143410260437987,-0.0744397236790569,
0.),.UNSPECIFIED.);
#731=B_SPLINE_CURVE_WITH_KNOTS('',3,(#14284,#14285,#14286,#14287,#14288),
 .UNSPECIFIED.,.F.,.F.,(4,1,4),(-0.149409010379918,-0.0704867534942252,
0.),.UNSPECIFIED.);
#732=B_SPLINE_CURVE_WITH_KNOTS('',3,(#14301,#14302,#14303,#14304,#14305),
 .UNSPECIFIED.,.F.,.F.,(4,1,4),(-0.225576595660682,-0.119732061014039,0.),
 .UNSPECIFIED.);
#733=B_SPLINE_CURVE_WITH_KNOTS('',3,(#14318,#14319,#14320,#14321,#14322),
 .UNSPECIFIED.,.F.,.F.,(4,1,4),(-0.188293854856607,-0.0888317163122224,
0.),.UNSPECIFIED.);
#734=B_SPLINE_CURVE_WITH_KNOTS('',3,(#14335,#14336,#14337,#14338,#14339),
 .UNSPECIFIED.,.F.,.F.,(4,1,4),(-0.216748800101537,-0.116157214785991,0.),
 .UNSPECIFIED.);
#735=B_SPLINE_CURVE_WITH_KNOTS('',3,(#14352,#14353,#14354,#14355,#14356),
 .UNSPECIFIED.,.F.,.F.,(4,1,4),(-0.189774314215999,-0.0939051020610802,
0.),.UNSPECIFIED.);
#736=B_SPLINE_CURVE_WITH_KNOTS('',3,(#14369,#14370,#14371,#14372,#14373),
 .UNSPECIFIED.,.F.,.F.,(4,1,4),(-0.202945452894285,-0.105263704971802,0.),
 .UNSPECIFIED.);
#737=B_SPLINE_CURVE_WITH_KNOTS('',3,(#14386,#14387,#14388,#14389,#14390),
 .UNSPECIFIED.,.F.,.F.,(4,1,4),(-0.246797236802654,-0.10864129226438,0.),
 .UNSPECIFIED.);
#738=B_SPLINE_CURVE_WITH_KNOTS('',3,(#14407,#14408,#14409,#14410,#14411),
 .UNSPECIFIED.,.F.,.F.,(4,1,4),(-0.102351789834908,-0.0550070351197756,
0.),.UNSPECIFIED.);
#739=B_SPLINE_CURVE_WITH_KNOTS('',3,(#14424,#14425,#14426,#14427,#14428),
 .UNSPECIFIED.,.F.,.F.,(4,1,4),(-0.0880760454356589,-0.0437986256946662,
0.),.UNSPECIFIED.);
#740=B_SPLINE_CURVE_WITH_KNOTS('',3,(#14441,#14442,#14443,#14444,#14445),
 .UNSPECIFIED.,.F.,.F.,(4,1,4),(-0.0578405463365342,-0.0299868399842787,
0.),.UNSPECIFIED.);
#741=B_SPLINE_CURVE_WITH_KNOTS('',3,(#14457,#14458,#14459,#14460,#14461),
 .UNSPECIFIED.,.F.,.F.,(4,1,4),(-0.0664298929675642,-0.029977645492576,
0.),.UNSPECIFIED.);
#742=STYLED_ITEM('',(#14482),#762);
#743=STYLED_ITEM('',(#14483),#763);
#744=STYLED_ITEM('',(#14483),#764);
#745=STYLED_ITEM('',(#14483),#765);
#746=STYLED_ITEM('',(#14483),#766);
#747=STYLED_ITEM('',(#14483),#767);
#748=STYLED_ITEM('',(#14483),#768);
#749=STYLED_ITEM('',(#14483),#769);
#750=STYLED_ITEM('',(#14483),#770);
#751=STYLED_ITEM('',(#14483),#771);
#752=STYLED_ITEM('',(#14483),#772);
#753=STYLED_ITEM('',(#14483),#773);
#754=STYLED_ITEM('',(#14483),#774);
#755=STYLED_ITEM('',(#14483),#775);
#756=STYLED_ITEM('',(#14483),#776);
#757=STYLED_ITEM('',(#14483),#777);
#758=STYLED_ITEM('',(#14483),#778);
#759=STYLED_ITEM('',(#14483),#779);
#760=STYLED_ITEM('',(#14483),#780);
#761=STYLED_ITEM('',(#14483),#781);
#762=MANIFOLD_SOLID_BREP('Board',#7071);
#763=MANIFOLD_SOLID_BREP('Body2',#7072);
#764=MANIFOLD_SOLID_BREP('Body31',#7073);
#765=MANIFOLD_SOLID_BREP('Body32',#7074);
#766=MANIFOLD_SOLID_BREP('Body33',#7075);
#767=MANIFOLD_SOLID_BREP('Body34',#7076);
#768=MANIFOLD_SOLID_BREP('Body17',#7077);
#769=MANIFOLD_SOLID_BREP('Body18',#7078);
#770=MANIFOLD_SOLID_BREP('Body19',#7079);
#771=MANIFOLD_SOLID_BREP('Body20',#7080);
#772=MANIFOLD_SOLID_BREP('Body21',#7081);
#773=MANIFOLD_SOLID_BREP('Body22',#7082);
#774=MANIFOLD_SOLID_BREP('Body23',#7083);
#775=MANIFOLD_SOLID_BREP('Body24',#7084);
#776=MANIFOLD_SOLID_BREP('Body25',#7085);
#777=MANIFOLD_SOLID_BREP('Body26',#7086);
#778=MANIFOLD_SOLID_BREP('Body27',#7087);
#779=MANIFOLD_SOLID_BREP('Body28',#7088);
#780=MANIFOLD_SOLID_BREP('Body29',#7089);
#781=MANIFOLD_SOLID_BREP('Body30',#7090);
#782=FACE_BOUND('',#1281,.T.);
#783=FACE_BOUND('',#1282,.T.);
#784=FACE_BOUND('',#1283,.T.);
#785=FACE_BOUND('',#1284,.T.);
#786=FACE_BOUND('',#1288,.T.);
#787=FACE_BOUND('',#1292,.T.);
#788=FACE_BOUND('',#1296,.T.);
#789=FACE_BOUND('',#1300,.T.);
#790=FACE_BOUND('',#1394,.T.);
#791=FACE_BOUND('',#1417,.T.);
#792=FACE_BOUND('',#1419,.T.);
#793=FACE_BOUND('',#1455,.T.);
#794=FACE_BOUND('',#1457,.T.);
#795=FACE_BOUND('',#1479,.T.);
#796=FACE_BOUND('',#1481,.T.);
#797=FACE_BOUND('',#1504,.T.);
#798=FACE_BOUND('',#1512,.T.);
#799=FACE_BOUND('',#1548,.T.);
#800=FACE_BOUND('',#1580,.T.);
#801=FACE_BOUND('',#1602,.T.);
#802=FACE_BOUND('',#1619,.T.);
#803=FACE_BOUND('',#1639,.T.);
#804=FACE_BOUND('',#1647,.T.);
#805=FACE_BOUND('',#1670,.T.);
#806=FACE_BOUND('',#1672,.T.);
#807=FACE_BOUND('',#1693,.T.);
#808=CYLINDRICAL_SURFACE('',#7120,3.);
#809=CYLINDRICAL_SURFACE('',#7123,3.);
#810=CYLINDRICAL_SURFACE('',#7134,1.45);
#811=CYLINDRICAL_SURFACE('',#7141,1.45);
#812=CYLINDRICAL_SURFACE('',#7148,1.45);
#813=CYLINDRICAL_SURFACE('',#7155,1.45);
#814=CYLINDRICAL_SURFACE('',#7161,3.45);
#815=CYLINDRICAL_SURFACE('',#7164,3.45000000000001);
#816=CYLINDRICAL_SURFACE('',#7167,3.45000000000001);
#817=CYLINDRICAL_SURFACE('',#7170,3.45);
#818=CYLINDRICAL_SURFACE('',#7171,3.);
#819=CYLINDRICAL_SURFACE('',#7174,3.);
#820=CIRCLE('',#7106,3.);
#821=CIRCLE('',#7107,2.5);
#822=CIRCLE('',#7110,3.);
#823=CIRCLE('',#7111,2.5);
#824=CIRCLE('',#7114,3.);
#825=CIRCLE('',#7115,2.5);
#826=CIRCLE('',#7118,3.);
#827=CIRCLE('',#7119,2.50000000000001);
#828=CIRCLE('',#7121,3.);
#829=CIRCLE('',#7124,3.);
#830=CIRCLE('',#7127,4.45);
#831=CIRCLE('',#7128,4.45);
#832=CIRCLE('',#7129,4.45);
#833=CIRCLE('',#7130,4.45);
#834=CIRCLE('',#7132,2.44999999999999);
#835=CIRCLE('',#7133,1.45);
#836=CIRCLE('',#7135,1.45);
#837=CIRCLE('',#7137,3.45000000000001);
#838=CIRCLE('',#7139,2.44999999999999);
#839=CIRCLE('',#7140,1.45);
#840=CIRCLE('',#7142,1.45);
#841=CIRCLE('',#7144,3.45000000000001);
#842=CIRCLE('',#7146,2.45);
#843=CIRCLE('',#7147,1.45);
#844=CIRCLE('',#7149,1.45);
#845=CIRCLE('',#7151,3.45);
#846=CIRCLE('',#7153,2.45);
#847=CIRCLE('',#7154,1.45);
#848=CIRCLE('',#7156,1.45);
#849=CIRCLE('',#7158,3.45);
#850=CIRCLE('',#7160,3.45);
#851=CIRCLE('',#7163,3.45000000000001);
#852=CIRCLE('',#7166,3.45000000000001);
#853=CIRCLE('',#7169,3.45);
#854=CIRCLE('',#7172,3.);
#855=CIRCLE('',#7175,3.);
#856=CONICAL_SURFACE('',#7105,2.75,0.785398163397449);
#857=CONICAL_SURFACE('',#7109,2.75,0.785398163397449);
#858=CONICAL_SURFACE('',#7113,2.75,0.785398163397448);
#859=CONICAL_SURFACE('',#7117,2.75,0.785398163397442);
#860=CONICAL_SURFACE('',#7131,1.94999999999999,0.785398163397447);
#861=CONICAL_SURFACE('',#7138,1.94999999999999,0.785398163397447);
#862=CONICAL_SURFACE('',#7145,1.95,0.785398163397448);
#863=CONICAL_SURFACE('',#7152,1.95,0.785398163397448);
#864=CONICAL_SURFACE('',#7159,3.95,0.785398163397448);
#865=CONICAL_SURFACE('',#7162,3.95,0.785398163397447);
#866=CONICAL_SURFACE('',#7165,3.95,0.785398163397447);
#867=CONICAL_SURFACE('',#7168,3.95,0.785398163397448);
#868=FACE_OUTER_BOUND('',#1268,.T.);
#869=FACE_OUTER_BOUND('',#1269,.T.);
#870=FACE_OUTER_BOUND('',#1270,.T.);
#871=FACE_OUTER_BOUND('',#1271,.T.);
#872=FACE_OUTER_BOUND('',#1272,.T.);
#873=FACE_OUTER_BOUND('',#1273,.T.);
#874=FACE_OUTER_BOUND('',#1274,.T.);
#875=FACE_OUTER_BOUND('',#1275,.T.);
#876=FACE_OUTER_BOUND('',#1276,.T.);
#877=FACE_OUTER_BOUND('',#1277,.T.);
#878=FACE_OUTER_BOUND('',#1278,.T.);
#879=FACE_OUTER_BOUND('',#1279,.T.);
#880=FACE_OUTER_BOUND('',#1280,.T.);
#881=FACE_OUTER_BOUND('',#1285,.T.);
#882=FACE_OUTER_BOUND('',#1286,.T.);
#883=FACE_OUTER_BOUND('',#1287,.T.);
#884=FACE_OUTER_BOUND('',#1289,.T.);
#885=FACE_OUTER_BOUND('',#1290,.T.);
#886=FACE_OUTER_BOUND('',#1291,.T.);
#887=FACE_OUTER_BOUND('',#1293,.T.);
#888=FACE_OUTER_BOUND('',#1294,.T.);
#889=FACE_OUTER_BOUND('',#1295,.T.);
#890=FACE_OUTER_BOUND('',#1297,.T.);
#891=FACE_OUTER_BOUND('',#1298,.T.);
#892=FACE_OUTER_BOUND('',#1299,.T.);
#893=FACE_OUTER_BOUND('',#1301,.T.);
#894=FACE_OUTER_BOUND('',#1302,.T.);
#895=FACE_OUTER_BOUND('',#1303,.T.);
#896=FACE_OUTER_BOUND('',#1304,.T.);
#897=FACE_OUTER_BOUND('',#1305,.T.);
#898=FACE_OUTER_BOUND('',#1306,.T.);
#899=FACE_OUTER_BOUND('',#1307,.T.);
#900=FACE_OUTER_BOUND('',#1308,.T.);
#901=FACE_OUTER_BOUND('',#1309,.T.);
#902=FACE_OUTER_BOUND('',#1310,.T.);
#903=FACE_OUTER_BOUND('',#1311,.T.);
#904=FACE_OUTER_BOUND('',#1312,.T.);
#905=FACE_OUTER_BOUND('',#1313,.T.);
#906=FACE_OUTER_BOUND('',#1314,.T.);
#907=FACE_OUTER_BOUND('',#1315,.T.);
#908=FACE_OUTER_BOUND('',#1316,.T.);
#909=FACE_OUTER_BOUND('',#1317,.T.);
#910=FACE_OUTER_BOUND('',#1318,.T.);
#911=FACE_OUTER_BOUND('',#1319,.T.);
#912=FACE_OUTER_BOUND('',#1320,.T.);
#913=FACE_OUTER_BOUND('',#1321,.T.);
#914=FACE_OUTER_BOUND('',#1322,.T.);
#915=FACE_OUTER_BOUND('',#1323,.T.);
#916=FACE_OUTER_BOUND('',#1324,.T.);
#917=FACE_OUTER_BOUND('',#1325,.T.);
#918=FACE_OUTER_BOUND('',#1326,.T.);
#919=FACE_OUTER_BOUND('',#1327,.T.);
#920=FACE_OUTER_BOUND('',#1328,.T.);
#921=FACE_OUTER_BOUND('',#1329,.T.);
#922=FACE_OUTER_BOUND('',#1330,.T.);
#923=FACE_OUTER_BOUND('',#1331,.T.);
#924=FACE_OUTER_BOUND('',#1332,.T.);
#925=FACE_OUTER_BOUND('',#1333,.T.);
#926=FACE_OUTER_BOUND('',#1334,.T.);
#927=FACE_OUTER_BOUND('',#1335,.T.);
#928=FACE_OUTER_BOUND('',#1336,.T.);
#929=FACE_OUTER_BOUND('',#1337,.T.);
#930=FACE_OUTER_BOUND('',#1338,.T.);
#931=FACE_OUTER_BOUND('',#1339,.T.);
#932=FACE_OUTER_BOUND('',#1340,.T.);
#933=FACE_OUTER_BOUND('',#1341,.T.);
#934=FACE_OUTER_BOUND('',#1342,.T.);
#935=FACE_OUTER_BOUND('',#1343,.T.);
#936=FACE_OUTER_BOUND('',#1344,.T.);
#937=FACE_OUTER_BOUND('',#1345,.T.);
#938=FACE_OUTER_BOUND('',#1346,.T.);
#939=FACE_OUTER_BOUND('',#1347,.T.);
#940=FACE_OUTER_BOUND('',#1348,.T.);
#941=FACE_OUTER_BOUND('',#1349,.T.);
#942=FACE_OUTER_BOUND('',#1350,.T.);
#943=FACE_OUTER_BOUND('',#1351,.T.);
#944=FACE_OUTER_BOUND('',#1352,.T.);
#945=FACE_OUTER_BOUND('',#1353,.T.);
#946=FACE_OUTER_BOUND('',#1354,.T.);
#947=FACE_OUTER_BOUND('',#1355,.T.);
#948=FACE_OUTER_BOUND('',#1356,.T.);
#949=FACE_OUTER_BOUND('',#1357,.T.);
#950=FACE_OUTER_BOUND('',#1358,.T.);
#951=FACE_OUTER_BOUND('',#1359,.T.);
#952=FACE_OUTER_BOUND('',#1360,.T.);
#953=FACE_OUTER_BOUND('',#1361,.T.);
#954=FACE_OUTER_BOUND('',#1362,.T.);
#955=FACE_OUTER_BOUND('',#1363,.T.);
#956=FACE_OUTER_BOUND('',#1364,.T.);
#957=FACE_OUTER_BOUND('',#1365,.T.);
#958=FACE_OUTER_BOUND('',#1366,.T.);
#959=FACE_OUTER_BOUND('',#1367,.T.);
#960=FACE_OUTER_BOUND('',#1368,.T.);
#961=FACE_OUTER_BOUND('',#1369,.T.);
#962=FACE_OUTER_BOUND('',#1370,.T.);
#963=FACE_OUTER_BOUND('',#1371,.T.);
#964=FACE_OUTER_BOUND('',#1372,.T.);
#965=FACE_OUTER_BOUND('',#1373,.T.);
#966=FACE_OUTER_BOUND('',#1374,.T.);
#967=FACE_OUTER_BOUND('',#1375,.T.);
#968=FACE_OUTER_BOUND('',#1376,.T.);
#969=FACE_OUTER_BOUND('',#1377,.T.);
#970=FACE_OUTER_BOUND('',#1378,.T.);
#971=FACE_OUTER_BOUND('',#1379,.T.);
#972=FACE_OUTER_BOUND('',#1380,.T.);
#973=FACE_OUTER_BOUND('',#1381,.T.);
#974=FACE_OUTER_BOUND('',#1382,.T.);
#975=FACE_OUTER_BOUND('',#1383,.T.);
#976=FACE_OUTER_BOUND('',#1384,.T.);
#977=FACE_OUTER_BOUND('',#1385,.T.);
#978=FACE_OUTER_BOUND('',#1386,.T.);
#979=FACE_OUTER_BOUND('',#1387,.T.);
#980=FACE_OUTER_BOUND('',#1388,.T.);
#981=FACE_OUTER_BOUND('',#1389,.T.);
#982=FACE_OUTER_BOUND('',#1390,.T.);
#983=FACE_OUTER_BOUND('',#1391,.T.);
#984=FACE_OUTER_BOUND('',#1392,.T.);
#985=FACE_OUTER_BOUND('',#1393,.T.);
#986=FACE_OUTER_BOUND('',#1395,.T.);
#987=FACE_OUTER_BOUND('',#1396,.T.);
#988=FACE_OUTER_BOUND('',#1397,.T.);
#989=FACE_OUTER_BOUND('',#1398,.T.);
#990=FACE_OUTER_BOUND('',#1399,.T.);
#991=FACE_OUTER_BOUND('',#1400,.T.);
#992=FACE_OUTER_BOUND('',#1401,.T.);
#993=FACE_OUTER_BOUND('',#1402,.T.);
#994=FACE_OUTER_BOUND('',#1403,.T.);
#995=FACE_OUTER_BOUND('',#1404,.T.);
#996=FACE_OUTER_BOUND('',#1405,.T.);
#997=FACE_OUTER_BOUND('',#1406,.T.);
#998=FACE_OUTER_BOUND('',#1407,.T.);
#999=FACE_OUTER_BOUND('',#1408,.T.);
#1000=FACE_OUTER_BOUND('',#1409,.T.);
#1001=FACE_OUTER_BOUND('',#1410,.T.);
#1002=FACE_OUTER_BOUND('',#1411,.T.);
#1003=FACE_OUTER_BOUND('',#1412,.T.);
#1004=FACE_OUTER_BOUND('',#1413,.T.);
#1005=FACE_OUTER_BOUND('',#1414,.T.);
#1006=FACE_OUTER_BOUND('',#1415,.T.);
#1007=FACE_OUTER_BOUND('',#1416,.T.);
#1008=FACE_OUTER_BOUND('',#1418,.T.);
#1009=FACE_OUTER_BOUND('',#1420,.T.);
#1010=FACE_OUTER_BOUND('',#1421,.T.);
#1011=FACE_OUTER_BOUND('',#1422,.T.);
#1012=FACE_OUTER_BOUND('',#1423,.T.);
#1013=FACE_OUTER_BOUND('',#1424,.T.);
#1014=FACE_OUTER_BOUND('',#1425,.T.);
#1015=FACE_OUTER_BOUND('',#1426,.T.);
#1016=FACE_OUTER_BOUND('',#1427,.T.);
#1017=FACE_OUTER_BOUND('',#1428,.T.);
#1018=FACE_OUTER_BOUND('',#1429,.T.);
#1019=FACE_OUTER_BOUND('',#1430,.T.);
#1020=FACE_OUTER_BOUND('',#1431,.T.);
#1021=FACE_OUTER_BOUND('',#1432,.T.);
#1022=FACE_OUTER_BOUND('',#1433,.T.);
#1023=FACE_OUTER_BOUND('',#1434,.T.);
#1024=FACE_OUTER_BOUND('',#1435,.T.);
#1025=FACE_OUTER_BOUND('',#1436,.T.);
#1026=FACE_OUTER_BOUND('',#1437,.T.);
#1027=FACE_OUTER_BOUND('',#1438,.T.);
#1028=FACE_OUTER_BOUND('',#1439,.T.);
#1029=FACE_OUTER_BOUND('',#1440,.T.);
#1030=FACE_OUTER_BOUND('',#1441,.T.);
#1031=FACE_OUTER_BOUND('',#1442,.T.);
#1032=FACE_OUTER_BOUND('',#1443,.T.);
#1033=FACE_OUTER_BOUND('',#1444,.T.);
#1034=FACE_OUTER_BOUND('',#1445,.T.);
#1035=FACE_OUTER_BOUND('',#1446,.T.);
#1036=FACE_OUTER_BOUND('',#1447,.T.);
#1037=FACE_OUTER_BOUND('',#1448,.T.);
#1038=FACE_OUTER_BOUND('',#1449,.T.);
#1039=FACE_OUTER_BOUND('',#1450,.T.);
#1040=FACE_OUTER_BOUND('',#1451,.T.);
#1041=FACE_OUTER_BOUND('',#1452,.T.);
#1042=FACE_OUTER_BOUND('',#1453,.T.);
#1043=FACE_OUTER_BOUND('',#1454,.T.);
#1044=FACE_OUTER_BOUND('',#1456,.T.);
#1045=FACE_OUTER_BOUND('',#1458,.T.);
#1046=FACE_OUTER_BOUND('',#1459,.T.);
#1047=FACE_OUTER_BOUND('',#1460,.T.);
#1048=FACE_OUTER_BOUND('',#1461,.T.);
#1049=FACE_OUTER_BOUND('',#1462,.T.);
#1050=FACE_OUTER_BOUND('',#1463,.T.);
#1051=FACE_OUTER_BOUND('',#1464,.T.);
#1052=FACE_OUTER_BOUND('',#1465,.T.);
#1053=FACE_OUTER_BOUND('',#1466,.T.);
#1054=FACE_OUTER_BOUND('',#1467,.T.);
#1055=FACE_OUTER_BOUND('',#1468,.T.);
#1056=FACE_OUTER_BOUND('',#1469,.T.);
#1057=FACE_OUTER_BOUND('',#1470,.T.);
#1058=FACE_OUTER_BOUND('',#1471,.T.);
#1059=FACE_OUTER_BOUND('',#1472,.T.);
#1060=FACE_OUTER_BOUND('',#1473,.T.);
#1061=FACE_OUTER_BOUND('',#1474,.T.);
#1062=FACE_OUTER_BOUND('',#1475,.T.);
#1063=FACE_OUTER_BOUND('',#1476,.T.);
#1064=FACE_OUTER_BOUND('',#1477,.T.);
#1065=FACE_OUTER_BOUND('',#1478,.T.);
#1066=FACE_OUTER_BOUND('',#1480,.T.);
#1067=FACE_OUTER_BOUND('',#1482,.T.);
#1068=FACE_OUTER_BOUND('',#1483,.T.);
#1069=FACE_OUTER_BOUND('',#1484,.T.);
#1070=FACE_OUTER_BOUND('',#1485,.T.);
#1071=FACE_OUTER_BOUND('',#1486,.T.);
#1072=FACE_OUTER_BOUND('',#1487,.T.);
#1073=FACE_OUTER_BOUND('',#1488,.T.);
#1074=FACE_OUTER_BOUND('',#1489,.T.);
#1075=FACE_OUTER_BOUND('',#1490,.T.);
#1076=FACE_OUTER_BOUND('',#1491,.T.);
#1077=FACE_OUTER_BOUND('',#1492,.T.);
#1078=FACE_OUTER_BOUND('',#1493,.T.);
#1079=FACE_OUTER_BOUND('',#1494,.T.);
#1080=FACE_OUTER_BOUND('',#1495,.T.);
#1081=FACE_OUTER_BOUND('',#1496,.T.);
#1082=FACE_OUTER_BOUND('',#1497,.T.);
#1083=FACE_OUTER_BOUND('',#1498,.T.);
#1084=FACE_OUTER_BOUND('',#1499,.T.);
#1085=FACE_OUTER_BOUND('',#1500,.T.);
#1086=FACE_OUTER_BOUND('',#1501,.T.);
#1087=FACE_OUTER_BOUND('',#1502,.T.);
#1088=FACE_OUTER_BOUND('',#1503,.T.);
#1089=FACE_OUTER_BOUND('',#1505,.T.);
#1090=FACE_OUTER_BOUND('',#1506,.T.);
#1091=FACE_OUTER_BOUND('',#1507,.T.);
#1092=FACE_OUTER_BOUND('',#1508,.T.);
#1093=FACE_OUTER_BOUND('',#1509,.T.);
#1094=FACE_OUTER_BOUND('',#1510,.T.);
#1095=FACE_OUTER_BOUND('',#1511,.T.);
#1096=FACE_OUTER_BOUND('',#1513,.T.);
#1097=FACE_OUTER_BOUND('',#1514,.T.);
#1098=FACE_OUTER_BOUND('',#1515,.T.);
#1099=FACE_OUTER_BOUND('',#1516,.T.);
#1100=FACE_OUTER_BOUND('',#1517,.T.);
#1101=FACE_OUTER_BOUND('',#1518,.T.);
#1102=FACE_OUTER_BOUND('',#1519,.T.);
#1103=FACE_OUTER_BOUND('',#1520,.T.);
#1104=FACE_OUTER_BOUND('',#1521,.T.);
#1105=FACE_OUTER_BOUND('',#1522,.T.);
#1106=FACE_OUTER_BOUND('',#1523,.T.);
#1107=FACE_OUTER_BOUND('',#1524,.T.);
#1108=FACE_OUTER_BOUND('',#1525,.T.);
#1109=FACE_OUTER_BOUND('',#1526,.T.);
#1110=FACE_OUTER_BOUND('',#1527,.T.);
#1111=FACE_OUTER_BOUND('',#1528,.T.);
#1112=FACE_OUTER_BOUND('',#1529,.T.);
#1113=FACE_OUTER_BOUND('',#1530,.T.);
#1114=FACE_OUTER_BOUND('',#1531,.T.);
#1115=FACE_OUTER_BOUND('',#1532,.T.);
#1116=FACE_OUTER_BOUND('',#1533,.T.);
#1117=FACE_OUTER_BOUND('',#1534,.T.);
#1118=FACE_OUTER_BOUND('',#1535,.T.);
#1119=FACE_OUTER_BOUND('',#1536,.T.);
#1120=FACE_OUTER_BOUND('',#1537,.T.);
#1121=FACE_OUTER_BOUND('',#1538,.T.);
#1122=FACE_OUTER_BOUND('',#1539,.T.);
#1123=FACE_OUTER_BOUND('',#1540,.T.);
#1124=FACE_OUTER_BOUND('',#1541,.T.);
#1125=FACE_OUTER_BOUND('',#1542,.T.);
#1126=FACE_OUTER_BOUND('',#1543,.T.);
#1127=FACE_OUTER_BOUND('',#1544,.T.);
#1128=FACE_OUTER_BOUND('',#1545,.T.);
#1129=FACE_OUTER_BOUND('',#1546,.T.);
#1130=FACE_OUTER_BOUND('',#1547,.T.);
#1131=FACE_OUTER_BOUND('',#1549,.T.);
#1132=FACE_OUTER_BOUND('',#1550,.T.);
#1133=FACE_OUTER_BOUND('',#1551,.T.);
#1134=FACE_OUTER_BOUND('',#1552,.T.);
#1135=FACE_OUTER_BOUND('',#1553,.T.);
#1136=FACE_OUTER_BOUND('',#1554,.T.);
#1137=FACE_OUTER_BOUND('',#1555,.T.);
#1138=FACE_OUTER_BOUND('',#1556,.T.);
#1139=FACE_OUTER_BOUND('',#1557,.T.);
#1140=FACE_OUTER_BOUND('',#1558,.T.);
#1141=FACE_OUTER_BOUND('',#1559,.T.);
#1142=FACE_OUTER_BOUND('',#1560,.T.);
#1143=FACE_OUTER_BOUND('',#1561,.T.);
#1144=FACE_OUTER_BOUND('',#1562,.T.);
#1145=FACE_OUTER_BOUND('',#1563,.T.);
#1146=FACE_OUTER_BOUND('',#1564,.T.);
#1147=FACE_OUTER_BOUND('',#1565,.T.);
#1148=FACE_OUTER_BOUND('',#1566,.T.);
#1149=FACE_OUTER_BOUND('',#1567,.T.);
#1150=FACE_OUTER_BOUND('',#1568,.T.);
#1151=FACE_OUTER_BOUND('',#1569,.T.);
#1152=FACE_OUTER_BOUND('',#1570,.T.);
#1153=FACE_OUTER_BOUND('',#1571,.T.);
#1154=FACE_OUTER_BOUND('',#1572,.T.);
#1155=FACE_OUTER_BOUND('',#1573,.T.);
#1156=FACE_OUTER_BOUND('',#1574,.T.);
#1157=FACE_OUTER_BOUND('',#1575,.T.);
#1158=FACE_OUTER_BOUND('',#1576,.T.);
#1159=FACE_OUTER_BOUND('',#1577,.T.);
#1160=FACE_OUTER_BOUND('',#1578,.T.);
#1161=FACE_OUTER_BOUND('',#1579,.T.);
#1162=FACE_OUTER_BOUND('',#1581,.T.);
#1163=FACE_OUTER_BOUND('',#1582,.T.);
#1164=FACE_OUTER_BOUND('',#1583,.T.);
#1165=FACE_OUTER_BOUND('',#1584,.T.);
#1166=FACE_OUTER_BOUND('',#1585,.T.);
#1167=FACE_OUTER_BOUND('',#1586,.T.);
#1168=FACE_OUTER_BOUND('',#1587,.T.);
#1169=FACE_OUTER_BOUND('',#1588,.T.);
#1170=FACE_OUTER_BOUND('',#1589,.T.);
#1171=FACE_OUTER_BOUND('',#1590,.T.);
#1172=FACE_OUTER_BOUND('',#1591,.T.);
#1173=FACE_OUTER_BOUND('',#1592,.T.);
#1174=FACE_OUTER_BOUND('',#1593,.T.);
#1175=FACE_OUTER_BOUND('',#1594,.T.);
#1176=FACE_OUTER_BOUND('',#1595,.T.);
#1177=FACE_OUTER_BOUND('',#1596,.T.);
#1178=FACE_OUTER_BOUND('',#1597,.T.);
#1179=FACE_OUTER_BOUND('',#1598,.T.);
#1180=FACE_OUTER_BOUND('',#1599,.T.);
#1181=FACE_OUTER_BOUND('',#1600,.T.);
#1182=FACE_OUTER_BOUND('',#1601,.T.);
#1183=FACE_OUTER_BOUND('',#1603,.T.);
#1184=FACE_OUTER_BOUND('',#1604,.T.);
#1185=FACE_OUTER_BOUND('',#1605,.T.);
#1186=FACE_OUTER_BOUND('',#1606,.T.);
#1187=FACE_OUTER_BOUND('',#1607,.T.);
#1188=FACE_OUTER_BOUND('',#1608,.T.);
#1189=FACE_OUTER_BOUND('',#1609,.T.);
#1190=FACE_OUTER_BOUND('',#1610,.T.);
#1191=FACE_OUTER_BOUND('',#1611,.T.);
#1192=FACE_OUTER_BOUND('',#1612,.T.);
#1193=FACE_OUTER_BOUND('',#1613,.T.);
#1194=FACE_OUTER_BOUND('',#1614,.T.);
#1195=FACE_OUTER_BOUND('',#1615,.T.);
#1196=FACE_OUTER_BOUND('',#1616,.T.);
#1197=FACE_OUTER_BOUND('',#1617,.T.);
#1198=FACE_OUTER_BOUND('',#1618,.T.);
#1199=FACE_OUTER_BOUND('',#1620,.T.);
#1200=FACE_OUTER_BOUND('',#1621,.T.);
#1201=FACE_OUTER_BOUND('',#1622,.T.);
#1202=FACE_OUTER_BOUND('',#1623,.T.);
#1203=FACE_OUTER_BOUND('',#1624,.T.);
#1204=FACE_OUTER_BOUND('',#1625,.T.);
#1205=FACE_OUTER_BOUND('',#1626,.T.);
#1206=FACE_OUTER_BOUND('',#1627,.T.);
#1207=FACE_OUTER_BOUND('',#1628,.T.);
#1208=FACE_OUTER_BOUND('',#1629,.T.);
#1209=FACE_OUTER_BOUND('',#1630,.T.);
#1210=FACE_OUTER_BOUND('',#1631,.T.);
#1211=FACE_OUTER_BOUND('',#1632,.T.);
#1212=FACE_OUTER_BOUND('',#1633,.T.);
#1213=FACE_OUTER_BOUND('',#1634,.T.);
#1214=FACE_OUTER_BOUND('',#1635,.T.);
#1215=FACE_OUTER_BOUND('',#1636,.T.);
#1216=FACE_OUTER_BOUND('',#1637,.T.);
#1217=FACE_OUTER_BOUND('',#1638,.T.);
#1218=FACE_OUTER_BOUND('',#1640,.T.);
#1219=FACE_OUTER_BOUND('',#1641,.T.);
#1220=FACE_OUTER_BOUND('',#1642,.T.);
#1221=FACE_OUTER_BOUND('',#1643,.T.);
#1222=FACE_OUTER_BOUND('',#1644,.T.);
#1223=FACE_OUTER_BOUND('',#1645,.T.);
#1224=FACE_OUTER_BOUND('',#1646,.T.);
#1225=FACE_OUTER_BOUND('',#1648,.T.);
#1226=FACE_OUTER_BOUND('',#1649,.T.);
#1227=FACE_OUTER_BOUND('',#1650,.T.);
#1228=FACE_OUTER_BOUND('',#1651,.T.);
#1229=FACE_OUTER_BOUND('',#1652,.T.);
#1230=FACE_OUTER_BOUND('',#1653,.T.);
#1231=FACE_OUTER_BOUND('',#1654,.T.);
#1232=FACE_OUTER_BOUND('',#1655,.T.);
#1233=FACE_OUTER_BOUND('',#1656,.T.);
#1234=FACE_OUTER_BOUND('',#1657,.T.);
#1235=FACE_OUTER_BOUND('',#1658,.T.);
#1236=FACE_OUTER_BOUND('',#1659,.T.);
#1237=FACE_OUTER_BOUND('',#1660,.T.);
#1238=FACE_OUTER_BOUND('',#1661,.T.);
#1239=FACE_OUTER_BOUND('',#1662,.T.);
#1240=FACE_OUTER_BOUND('',#1663,.T.);
#1241=FACE_OUTER_BOUND('',#1664,.T.);
#1242=FACE_OUTER_BOUND('',#1665,.T.);
#1243=FACE_OUTER_BOUND('',#1666,.T.);
#1244=FACE_OUTER_BOUND('',#1667,.T.);
#1245=FACE_OUTER_BOUND('',#1668,.T.);
#1246=FACE_OUTER_BOUND('',#1669,.T.);
#1247=FACE_OUTER_BOUND('',#1671,.T.);
#1248=FACE_OUTER_BOUND('',#1673,.T.);
#1249=FACE_OUTER_BOUND('',#1674,.T.);
#1250=FACE_OUTER_BOUND('',#1675,.T.);
#1251=FACE_OUTER_BOUND('',#1676,.T.);
#1252=FACE_OUTER_BOUND('',#1677,.T.);
#1253=FACE_OUTER_BOUND('',#1678,.T.);
#1254=FACE_OUTER_BOUND('',#1679,.T.);
#1255=FACE_OUTER_BOUND('',#1680,.T.);
#1256=FACE_OUTER_BOUND('',#1681,.T.);
#1257=FACE_OUTER_BOUND('',#1682,.T.);
#1258=FACE_OUTER_BOUND('',#1683,.T.);
#1259=FACE_OUTER_BOUND('',#1684,.T.);
#1260=FACE_OUTER_BOUND('',#1685,.T.);
#1261=FACE_OUTER_BOUND('',#1686,.T.);
#1262=FACE_OUTER_BOUND('',#1687,.T.);
#1263=FACE_OUTER_BOUND('',#1688,.T.);
#1264=FACE_OUTER_BOUND('',#1689,.T.);
#1265=FACE_OUTER_BOUND('',#1690,.T.);
#1266=FACE_OUTER_BOUND('',#1691,.T.);
#1267=FACE_OUTER_BOUND('',#1692,.T.);
#1268=EDGE_LOOP('',(#4458,#4459,#4460,#4461));
#1269=EDGE_LOOP('',(#4462,#4463,#4464,#4465));
#1270=EDGE_LOOP('',(#4466,#4467,#4468,#4469));
#1271=EDGE_LOOP('',(#4470,#4471,#4472,#4473));
#1272=EDGE_LOOP('',(#4474,#4475,#4476,#4477));
#1273=EDGE_LOOP('',(#4478,#4479,#4480,#4481));
#1274=EDGE_LOOP('',(#4482,#4483,#4484,#4485));
#1275=EDGE_LOOP('',(#4486,#4487,#4488,#4489));
#1276=EDGE_LOOP('',(#4490,#4491,#4492,#4493));
#1277=EDGE_LOOP('',(#4494,#4495,#4496,#4497));
#1278=EDGE_LOOP('',(#4498,#4499,#4500,#4501));
#1279=EDGE_LOOP('',(#4502,#4503,#4504,#4505));
#1280=EDGE_LOOP('',(#4506,#4507,#4508,#4509,#4510,#4511,#4512,#4513));
#1281=EDGE_LOOP('',(#4514));
#1282=EDGE_LOOP('',(#4515));
#1283=EDGE_LOOP('',(#4516));
#1284=EDGE_LOOP('',(#4517));
#1285=EDGE_LOOP('',(#4518,#4519,#4520,#4521));
#1286=EDGE_LOOP('',(#4522,#4523,#4524,#4525));
#1287=EDGE_LOOP('',(#4526));
#1288=EDGE_LOOP('',(#4527));
#1289=EDGE_LOOP('',(#4528,#4529,#4530,#4531));
#1290=EDGE_LOOP('',(#4532,#4533,#4534,#4535));
#1291=EDGE_LOOP('',(#4536));
#1292=EDGE_LOOP('',(#4537));
#1293=EDGE_LOOP('',(#4538,#4539,#4540,#4541));
#1294=EDGE_LOOP('',(#4542,#4543,#4544,#4545));
#1295=EDGE_LOOP('',(#4546));
#1296=EDGE_LOOP('',(#4547));
#1297=EDGE_LOOP('',(#4548,#4549,#4550,#4551));
#1298=EDGE_LOOP('',(#4552,#4553,#4554,#4555));
#1299=EDGE_LOOP('',(#4556));
#1300=EDGE_LOOP('',(#4557));
#1301=EDGE_LOOP('',(#4558,#4559,#4560,#4561));
#1302=EDGE_LOOP('',(#4562,#4563,#4564,#4565));
#1303=EDGE_LOOP('',(#4566,#4567,#4568,#4569));
#1304=EDGE_LOOP('',(#4570,#4571,#4572,#4573));
#1305=EDGE_LOOP('',(#4574,#4575,#4576,#4577));
#1306=EDGE_LOOP('',(#4578,#4579,#4580,#4581));
#1307=EDGE_LOOP('',(#4582,#4583,#4584,#4585));
#1308=EDGE_LOOP('',(#4586,#4587,#4588,#4589));
#1309=EDGE_LOOP('',(#4590,#4591,#4592,#4593));
#1310=EDGE_LOOP('',(#4594,#4595,#4596,#4597));
#1311=EDGE_LOOP('',(#4598,#4599,#4600,#4601));
#1312=EDGE_LOOP('',(#4602,#4603,#4604,#4605));
#1313=EDGE_LOOP('',(#4606));
#1314=EDGE_LOOP('',(#4607));
#1315=EDGE_LOOP('',(#4608));
#1316=EDGE_LOOP('',(#4609));
#1317=EDGE_LOOP('',(#4610,#4611,#4612,#4613,#4614,#4615,#4616,#4617));
#1318=EDGE_LOOP('',(#4618,#4619,#4620,#4621,#4622,#4623,#4624,#4625,#4626,
#4627,#4628,#4629,#4630,#4631,#4632,#4633,#4634,#4635,#4636,#4637,#4638,
#4639,#4640,#4641,#4642,#4643));
#1319=EDGE_LOOP('',(#4644,#4645,#4646,#4647));
#1320=EDGE_LOOP('',(#4648,#4649,#4650,#4651));
#1321=EDGE_LOOP('',(#4652,#4653,#4654,#4655));
#1322=EDGE_LOOP('',(#4656,#4657,#4658,#4659));
#1323=EDGE_LOOP('',(#4660,#4661,#4662,#4663));
#1324=EDGE_LOOP('',(#4664,#4665,#4666,#4667));
#1325=EDGE_LOOP('',(#4668,#4669,#4670,#4671));
#1326=EDGE_LOOP('',(#4672,#4673,#4674,#4675));
#1327=EDGE_LOOP('',(#4676,#4677,#4678,#4679));
#1328=EDGE_LOOP('',(#4680,#4681,#4682,#4683));
#1329=EDGE_LOOP('',(#4684,#4685,#4686,#4687));
#1330=EDGE_LOOP('',(#4688,#4689,#4690,#4691));
#1331=EDGE_LOOP('',(#4692,#4693,#4694,#4695));
#1332=EDGE_LOOP('',(#4696,#4697,#4698,#4699));
#1333=EDGE_LOOP('',(#4700,#4701,#4702,#4703));
#1334=EDGE_LOOP('',(#4704,#4705,#4706,#4707));
#1335=EDGE_LOOP('',(#4708,#4709,#4710,#4711));
#1336=EDGE_LOOP('',(#4712,#4713,#4714,#4715));
#1337=EDGE_LOOP('',(#4716,#4717,#4718,#4719));
#1338=EDGE_LOOP('',(#4720,#4721,#4722,#4723));
#1339=EDGE_LOOP('',(#4724,#4725,#4726,#4727));
#1340=EDGE_LOOP('',(#4728,#4729,#4730,#4731));
#1341=EDGE_LOOP('',(#4732,#4733,#4734,#4735));
#1342=EDGE_LOOP('',(#4736,#4737,#4738,#4739));
#1343=EDGE_LOOP('',(#4740,#4741,#4742,#4743));
#1344=EDGE_LOOP('',(#4744,#4745,#4746,#4747));
#1345=EDGE_LOOP('',(#4748,#4749,#4750,#4751,#4752,#4753,#4754,#4755,#4756,
#4757,#4758,#4759,#4760,#4761,#4762,#4763,#4764,#4765,#4766,#4767,#4768,
#4769,#4770,#4771,#4772,#4773));
#1346=EDGE_LOOP('',(#4774,#4775,#4776,#4777));
#1347=EDGE_LOOP('',(#4778,#4779,#4780,#4781));
#1348=EDGE_LOOP('',(#4782,#4783,#4784,#4785));
#1349=EDGE_LOOP('',(#4786,#4787,#4788,#4789));
#1350=EDGE_LOOP('',(#4790,#4791,#4792,#4793));
#1351=EDGE_LOOP('',(#4794,#4795,#4796,#4797));
#1352=EDGE_LOOP('',(#4798,#4799,#4800,#4801));
#1353=EDGE_LOOP('',(#4802,#4803,#4804,#4805));
#1354=EDGE_LOOP('',(#4806,#4807,#4808,#4809));
#1355=EDGE_LOOP('',(#4810,#4811,#4812,#4813));
#1356=EDGE_LOOP('',(#4814,#4815,#4816,#4817));
#1357=EDGE_LOOP('',(#4818,#4819,#4820,#4821));
#1358=EDGE_LOOP('',(#4822,#4823,#4824,#4825));
#1359=EDGE_LOOP('',(#4826,#4827,#4828,#4829));
#1360=EDGE_LOOP('',(#4830,#4831,#4832,#4833));
#1361=EDGE_LOOP('',(#4834,#4835,#4836,#4837));
#1362=EDGE_LOOP('',(#4838,#4839,#4840,#4841));
#1363=EDGE_LOOP('',(#4842,#4843,#4844,#4845));
#1364=EDGE_LOOP('',(#4846,#4847,#4848,#4849));
#1365=EDGE_LOOP('',(#4850,#4851,#4852,#4853));
#1366=EDGE_LOOP('',(#4854,#4855,#4856,#4857));
#1367=EDGE_LOOP('',(#4858,#4859,#4860,#4861));
#1368=EDGE_LOOP('',(#4862,#4863,#4864,#4865));
#1369=EDGE_LOOP('',(#4866,#4867,#4868,#4869));
#1370=EDGE_LOOP('',(#4870,#4871,#4872,#4873,#4874,#4875,#4876,#4877,#4878,
#4879,#4880,#4881,#4882,#4883,#4884,#4885,#4886,#4887,#4888,#4889,#4890));
#1371=EDGE_LOOP('',(#4891,#4892,#4893,#4894));
#1372=EDGE_LOOP('',(#4895,#4896,#4897,#4898));
#1373=EDGE_LOOP('',(#4899,#4900,#4901,#4902));
#1374=EDGE_LOOP('',(#4903,#4904,#4905,#4906));
#1375=EDGE_LOOP('',(#4907,#4908,#4909,#4910));
#1376=EDGE_LOOP('',(#4911,#4912,#4913,#4914));
#1377=EDGE_LOOP('',(#4915,#4916,#4917,#4918));
#1378=EDGE_LOOP('',(#4919,#4920,#4921,#4922));
#1379=EDGE_LOOP('',(#4923,#4924,#4925,#4926));
#1380=EDGE_LOOP('',(#4927,#4928,#4929,#4930));
#1381=EDGE_LOOP('',(#4931,#4932,#4933,#4934));
#1382=EDGE_LOOP('',(#4935,#4936,#4937,#4938));
#1383=EDGE_LOOP('',(#4939,#4940,#4941,#4942));
#1384=EDGE_LOOP('',(#4943,#4944,#4945,#4946));
#1385=EDGE_LOOP('',(#4947,#4948,#4949,#4950));
#1386=EDGE_LOOP('',(#4951,#4952,#4953,#4954));
#1387=EDGE_LOOP('',(#4955,#4956,#4957,#4958));
#1388=EDGE_LOOP('',(#4959,#4960,#4961,#4962));
#1389=EDGE_LOOP('',(#4963,#4964,#4965,#4966));
#1390=EDGE_LOOP('',(#4967,#4968,#4969,#4970));
#1391=EDGE_LOOP('',(#4971,#4972,#4973,#4974));
#1392=EDGE_LOOP('',(#4975,#4976,#4977,#4978,#4979,#4980,#4981,#4982,#4983,
#4984,#4985,#4986,#4987,#4988,#4989,#4990,#4991,#4992,#4993,#4994,#4995));
#1393=EDGE_LOOP('',(#4996,#4997,#4998,#4999,#5000,#5001,#5002,#5003,#5004,
#5005,#5006,#5007,#5008));
#1394=EDGE_LOOP('',(#5009,#5010,#5011,#5012,#5013,#5014,#5015,#5016));
#1395=EDGE_LOOP('',(#5017,#5018,#5019,#5020));
#1396=EDGE_LOOP('',(#5021,#5022,#5023,#5024));
#1397=EDGE_LOOP('',(#5025,#5026,#5027,#5028));
#1398=EDGE_LOOP('',(#5029,#5030,#5031,#5032));
#1399=EDGE_LOOP('',(#5033,#5034,#5035,#5036));
#1400=EDGE_LOOP('',(#5037,#5038,#5039,#5040));
#1401=EDGE_LOOP('',(#5041,#5042,#5043,#5044));
#1402=EDGE_LOOP('',(#5045,#5046,#5047,#5048));
#1403=EDGE_LOOP('',(#5049,#5050,#5051,#5052));
#1404=EDGE_LOOP('',(#5053,#5054,#5055,#5056));
#1405=EDGE_LOOP('',(#5057,#5058,#5059,#5060));
#1406=EDGE_LOOP('',(#5061,#5062,#5063,#5064));
#1407=EDGE_LOOP('',(#5065,#5066,#5067,#5068));
#1408=EDGE_LOOP('',(#5069,#5070,#5071,#5072));
#1409=EDGE_LOOP('',(#5073,#5074,#5075,#5076));
#1410=EDGE_LOOP('',(#5077,#5078,#5079,#5080));
#1411=EDGE_LOOP('',(#5081,#5082,#5083,#5084));
#1412=EDGE_LOOP('',(#5085,#5086,#5087,#5088));
#1413=EDGE_LOOP('',(#5089,#5090,#5091,#5092));
#1414=EDGE_LOOP('',(#5093,#5094,#5095,#5096));
#1415=EDGE_LOOP('',(#5097,#5098,#5099,#5100));
#1416=EDGE_LOOP('',(#5101,#5102,#5103,#5104,#5105,#5106,#5107,#5108,#5109,
#5110,#5111,#5112,#5113));
#1417=EDGE_LOOP('',(#5114,#5115,#5116,#5117,#5118,#5119,#5120,#5121));
#1418=EDGE_LOOP('',(#5122,#5123,#5124,#5125,#5126,#5127,#5128,#5129,#5130,
#5131,#5132,#5133,#5134,#5135,#5136,#5137,#5138,#5139,#5140,#5141,#5142,
#5143,#5144,#5145,#5146));
#1419=EDGE_LOOP('',(#5147,#5148,#5149,#5150,#5151,#5152,#5153,#5154,#5155));
#1420=EDGE_LOOP('',(#5156,#5157,#5158,#5159));
#1421=EDGE_LOOP('',(#5160,#5161,#5162,#5163));
#1422=EDGE_LOOP('',(#5164,#5165,#5166,#5167));
#1423=EDGE_LOOP('',(#5168,#5169,#5170,#5171));
#1424=EDGE_LOOP('',(#5172,#5173,#5174,#5175));
#1425=EDGE_LOOP('',(#5176,#5177,#5178,#5179));
#1426=EDGE_LOOP('',(#5180,#5181,#5182,#5183));
#1427=EDGE_LOOP('',(#5184,#5185,#5186,#5187));
#1428=EDGE_LOOP('',(#5188,#5189,#5190,#5191));
#1429=EDGE_LOOP('',(#5192,#5193,#5194,#5195));
#1430=EDGE_LOOP('',(#5196,#5197,#5198,#5199));
#1431=EDGE_LOOP('',(#5200,#5201,#5202,#5203));
#1432=EDGE_LOOP('',(#5204,#5205,#5206,#5207));
#1433=EDGE_LOOP('',(#5208,#5209,#5210,#5211));
#1434=EDGE_LOOP('',(#5212,#5213,#5214,#5215));
#1435=EDGE_LOOP('',(#5216,#5217,#5218,#5219));
#1436=EDGE_LOOP('',(#5220,#5221,#5222,#5223));
#1437=EDGE_LOOP('',(#5224,#5225,#5226,#5227));
#1438=EDGE_LOOP('',(#5228,#5229,#5230,#5231));
#1439=EDGE_LOOP('',(#5232,#5233,#5234,#5235));
#1440=EDGE_LOOP('',(#5236,#5237,#5238,#5239));
#1441=EDGE_LOOP('',(#5240,#5241,#5242,#5243));
#1442=EDGE_LOOP('',(#5244,#5245,#5246,#5247));
#1443=EDGE_LOOP('',(#5248,#5249,#5250,#5251));
#1444=EDGE_LOOP('',(#5252,#5253,#5254,#5255));
#1445=EDGE_LOOP('',(#5256,#5257,#5258,#5259));
#1446=EDGE_LOOP('',(#5260,#5261,#5262,#5263));
#1447=EDGE_LOOP('',(#5264,#5265,#5266,#5267));
#1448=EDGE_LOOP('',(#5268,#5269,#5270,#5271));
#1449=EDGE_LOOP('',(#5272,#5273,#5274,#5275));
#1450=EDGE_LOOP('',(#5276,#5277,#5278,#5279));
#1451=EDGE_LOOP('',(#5280,#5281,#5282,#5283));
#1452=EDGE_LOOP('',(#5284,#5285,#5286,#5287));
#1453=EDGE_LOOP('',(#5288,#5289,#5290,#5291));
#1454=EDGE_LOOP('',(#5292,#5293,#5294,#5295,#5296,#5297,#5298,#5299,#5300,
#5301,#5302,#5303,#5304,#5305,#5306,#5307,#5308,#5309,#5310,#5311,#5312,
#5313,#5314,#5315,#5316));
#1455=EDGE_LOOP('',(#5317,#5318,#5319,#5320,#5321,#5322,#5323,#5324,#5325));
#1456=EDGE_LOOP('',(#5326,#5327,#5328,#5329,#5330,#5331,#5332,#5333,#5334,
#5335,#5336,#5337));
#1457=EDGE_LOOP('',(#5338,#5339,#5340,#5341,#5342,#5343,#5344,#5345));
#1458=EDGE_LOOP('',(#5346,#5347,#5348,#5349));
#1459=EDGE_LOOP('',(#5350,#5351,#5352,#5353));
#1460=EDGE_LOOP('',(#5354,#5355,#5356,#5357));
#1461=EDGE_LOOP('',(#5358,#5359,#5360,#5361));
#1462=EDGE_LOOP('',(#5362,#5363,#5364,#5365));
#1463=EDGE_LOOP('',(#5366,#5367,#5368,#5369));
#1464=EDGE_LOOP('',(#5370,#5371,#5372,#5373));
#1465=EDGE_LOOP('',(#5374,#5375,#5376,#5377));
#1466=EDGE_LOOP('',(#5378,#5379,#5380,#5381));
#1467=EDGE_LOOP('',(#5382,#5383,#5384,#5385));
#1468=EDGE_LOOP('',(#5386,#5387,#5388,#5389));
#1469=EDGE_LOOP('',(#5390,#5391,#5392,#5393));
#1470=EDGE_LOOP('',(#5394,#5395,#5396,#5397));
#1471=EDGE_LOOP('',(#5398,#5399,#5400,#5401));
#1472=EDGE_LOOP('',(#5402,#5403,#5404,#5405));
#1473=EDGE_LOOP('',(#5406,#5407,#5408,#5409));
#1474=EDGE_LOOP('',(#5410,#5411,#5412,#5413));
#1475=EDGE_LOOP('',(#5414,#5415,#5416,#5417));
#1476=EDGE_LOOP('',(#5418,#5419,#5420,#5421));
#1477=EDGE_LOOP('',(#5422,#5423,#5424,#5425));
#1478=EDGE_LOOP('',(#5426,#5427,#5428,#5429,#5430,#5431,#5432,#5433,#5434,
#5435,#5436,#5437));
#1479=EDGE_LOOP('',(#5438,#5439,#5440,#5441,#5442,#5443,#5444,#5445));
#1480=EDGE_LOOP('',(#5446,#5447,#5448,#5449,#5450,#5451,#5452,#5453,#5454,
#5455,#5456,#5457,#5458));
#1481=EDGE_LOOP('',(#5459,#5460,#5461,#5462,#5463,#5464,#5465,#5466));
#1482=EDGE_LOOP('',(#5467,#5468,#5469,#5470));
#1483=EDGE_LOOP('',(#5471,#5472,#5473,#5474));
#1484=EDGE_LOOP('',(#5475,#5476,#5477,#5478));
#1485=EDGE_LOOP('',(#5479,#5480,#5481,#5482));
#1486=EDGE_LOOP('',(#5483,#5484,#5485,#5486));
#1487=EDGE_LOOP('',(#5487,#5488,#5489,#5490));
#1488=EDGE_LOOP('',(#5491,#5492,#5493,#5494));
#1489=EDGE_LOOP('',(#5495,#5496,#5497,#5498));
#1490=EDGE_LOOP('',(#5499,#5500,#5501,#5502));
#1491=EDGE_LOOP('',(#5503,#5504,#5505,#5506));
#1492=EDGE_LOOP('',(#5507,#5508,#5509,#5510));
#1493=EDGE_LOOP('',(#5511,#5512,#5513,#5514));
#1494=EDGE_LOOP('',(#5515,#5516,#5517,#5518));
#1495=EDGE_LOOP('',(#5519,#5520,#5521,#5522));
#1496=EDGE_LOOP('',(#5523,#5524,#5525,#5526));
#1497=EDGE_LOOP('',(#5527,#5528,#5529,#5530));
#1498=EDGE_LOOP('',(#5531,#5532,#5533,#5534));
#1499=EDGE_LOOP('',(#5535,#5536,#5537,#5538));
#1500=EDGE_LOOP('',(#5539,#5540,#5541,#5542));
#1501=EDGE_LOOP('',(#5543,#5544,#5545,#5546));
#1502=EDGE_LOOP('',(#5547,#5548,#5549,#5550));
#1503=EDGE_LOOP('',(#5551,#5552,#5553,#5554,#5555,#5556,#5557,#5558,#5559,
#5560,#5561,#5562,#5563));
#1504=EDGE_LOOP('',(#5564,#5565,#5566,#5567,#5568,#5569,#5570,#5571));
#1505=EDGE_LOOP('',(#5572,#5573,#5574,#5575));
#1506=EDGE_LOOP('',(#5576,#5577,#5578,#5579));
#1507=EDGE_LOOP('',(#5580,#5581,#5582,#5583));
#1508=EDGE_LOOP('',(#5584,#5585,#5586,#5587));
#1509=EDGE_LOOP('',(#5588,#5589,#5590,#5591));
#1510=EDGE_LOOP('',(#5592,#5593,#5594,#5595));
#1511=EDGE_LOOP('',(#5596,#5597,#5598,#5599,#5600,#5601,#5602,#5603,#5604,
#5605,#5606,#5607,#5608,#5609,#5610,#5611,#5612,#5613,#5614,#5615,#5616,
#5617,#5618,#5619,#5620));
#1512=EDGE_LOOP('',(#5621,#5622,#5623,#5624,#5625,#5626,#5627,#5628,#5629));
#1513=EDGE_LOOP('',(#5630,#5631,#5632,#5633));
#1514=EDGE_LOOP('',(#5634,#5635,#5636,#5637));
#1515=EDGE_LOOP('',(#5638,#5639,#5640,#5641));
#1516=EDGE_LOOP('',(#5642,#5643,#5644,#5645));
#1517=EDGE_LOOP('',(#5646,#5647,#5648,#5649));
#1518=EDGE_LOOP('',(#5650,#5651,#5652,#5653));
#1519=EDGE_LOOP('',(#5654,#5655,#5656,#5657));
#1520=EDGE_LOOP('',(#5658,#5659,#5660,#5661));
#1521=EDGE_LOOP('',(#5662,#5663,#5664,#5665));
#1522=EDGE_LOOP('',(#5666,#5667,#5668,#5669));
#1523=EDGE_LOOP('',(#5670,#5671,#5672,#5673));
#1524=EDGE_LOOP('',(#5674,#5675,#5676,#5677));
#1525=EDGE_LOOP('',(#5678,#5679,#5680,#5681));
#1526=EDGE_LOOP('',(#5682,#5683,#5684,#5685));
#1527=EDGE_LOOP('',(#5686,#5687,#5688,#5689));
#1528=EDGE_LOOP('',(#5690,#5691,#5692,#5693));
#1529=EDGE_LOOP('',(#5694,#5695,#5696,#5697));
#1530=EDGE_LOOP('',(#5698,#5699,#5700,#5701));
#1531=EDGE_LOOP('',(#5702,#5703,#5704,#5705));
#1532=EDGE_LOOP('',(#5706,#5707,#5708,#5709));
#1533=EDGE_LOOP('',(#5710,#5711,#5712,#5713));
#1534=EDGE_LOOP('',(#5714,#5715,#5716,#5717));
#1535=EDGE_LOOP('',(#5718,#5719,#5720,#5721));
#1536=EDGE_LOOP('',(#5722,#5723,#5724,#5725));
#1537=EDGE_LOOP('',(#5726,#5727,#5728,#5729));
#1538=EDGE_LOOP('',(#5730,#5731,#5732,#5733));
#1539=EDGE_LOOP('',(#5734,#5735,#5736,#5737));
#1540=EDGE_LOOP('',(#5738,#5739,#5740,#5741));
#1541=EDGE_LOOP('',(#5742,#5743,#5744,#5745));
#1542=EDGE_LOOP('',(#5746,#5747,#5748,#5749));
#1543=EDGE_LOOP('',(#5750,#5751,#5752,#5753));
#1544=EDGE_LOOP('',(#5754,#5755,#5756,#5757));
#1545=EDGE_LOOP('',(#5758,#5759,#5760,#5761));
#1546=EDGE_LOOP('',(#5762,#5763,#5764,#5765));
#1547=EDGE_LOOP('',(#5766,#5767,#5768,#5769,#5770,#5771,#5772,#5773,#5774,
#5775,#5776,#5777,#5778,#5779,#5780,#5781,#5782,#5783,#5784,#5785,#5786,
#5787,#5788,#5789,#5790));
#1548=EDGE_LOOP('',(#5791,#5792,#5793,#5794,#5795,#5796,#5797,#5798,#5799));
#1549=EDGE_LOOP('',(#5800,#5801,#5802,#5803,#5804,#5805,#5806,#5807,#5808,
#5809,#5810,#5811,#5812,#5813,#5814,#5815,#5816,#5817,#5818,#5819,#5820,
#5821,#5822,#5823,#5824,#5825,#5826,#5827));
#1550=EDGE_LOOP('',(#5828,#5829,#5830,#5831));
#1551=EDGE_LOOP('',(#5832,#5833,#5834,#5835));
#1552=EDGE_LOOP('',(#5836,#5837,#5838,#5839));
#1553=EDGE_LOOP('',(#5840,#5841,#5842,#5843));
#1554=EDGE_LOOP('',(#5844,#5845,#5846,#5847));
#1555=EDGE_LOOP('',(#5848,#5849,#5850,#5851));
#1556=EDGE_LOOP('',(#5852,#5853,#5854,#5855));
#1557=EDGE_LOOP('',(#5856,#5857,#5858,#5859));
#1558=EDGE_LOOP('',(#5860,#5861,#5862,#5863));
#1559=EDGE_LOOP('',(#5864,#5865,#5866,#5867));
#1560=EDGE_LOOP('',(#5868,#5869,#5870,#5871));
#1561=EDGE_LOOP('',(#5872,#5873,#5874,#5875));
#1562=EDGE_LOOP('',(#5876,#5877,#5878,#5879));
#1563=EDGE_LOOP('',(#5880,#5881,#5882,#5883));
#1564=EDGE_LOOP('',(#5884,#5885,#5886,#5887));
#1565=EDGE_LOOP('',(#5888,#5889,#5890,#5891));
#1566=EDGE_LOOP('',(#5892,#5893,#5894,#5895));
#1567=EDGE_LOOP('',(#5896,#5897,#5898,#5899));
#1568=EDGE_LOOP('',(#5900,#5901,#5902,#5903));
#1569=EDGE_LOOP('',(#5904,#5905,#5906,#5907));
#1570=EDGE_LOOP('',(#5908,#5909,#5910,#5911));
#1571=EDGE_LOOP('',(#5912,#5913,#5914,#5915));
#1572=EDGE_LOOP('',(#5916,#5917,#5918,#5919));
#1573=EDGE_LOOP('',(#5920,#5921,#5922,#5923));
#1574=EDGE_LOOP('',(#5924,#5925,#5926,#5927));
#1575=EDGE_LOOP('',(#5928,#5929,#5930,#5931));
#1576=EDGE_LOOP('',(#5932,#5933,#5934,#5935));
#1577=EDGE_LOOP('',(#5936,#5937,#5938,#5939));
#1578=EDGE_LOOP('',(#5940,#5941,#5942,#5943,#5944,#5945,#5946,#5947,#5948,
#5949,#5950,#5951,#5952,#5953,#5954,#5955,#5956,#5957,#5958,#5959,#5960,
#5961,#5962,#5963,#5964,#5965,#5966,#5967));
#1579=EDGE_LOOP('',(#5968,#5969,#5970,#5971,#5972,#5973,#5974,#5975,#5976,
#5977,#5978,#5979));
#1580=EDGE_LOOP('',(#5980,#5981,#5982,#5983,#5984,#5985,#5986,#5987));
#1581=EDGE_LOOP('',(#5988,#5989,#5990,#5991));
#1582=EDGE_LOOP('',(#5992,#5993,#5994,#5995));
#1583=EDGE_LOOP('',(#5996,#5997,#5998,#5999));
#1584=EDGE_LOOP('',(#6000,#6001,#6002,#6003));
#1585=EDGE_LOOP('',(#6004,#6005,#6006,#6007));
#1586=EDGE_LOOP('',(#6008,#6009,#6010,#6011));
#1587=EDGE_LOOP('',(#6012,#6013,#6014,#6015));
#1588=EDGE_LOOP('',(#6016,#6017,#6018,#6019));
#1589=EDGE_LOOP('',(#6020,#6021,#6022,#6023));
#1590=EDGE_LOOP('',(#6024,#6025,#6026,#6027));
#1591=EDGE_LOOP('',(#6028,#6029,#6030,#6031));
#1592=EDGE_LOOP('',(#6032,#6033,#6034,#6035));
#1593=EDGE_LOOP('',(#6036,#6037,#6038,#6039));
#1594=EDGE_LOOP('',(#6040,#6041,#6042,#6043));
#1595=EDGE_LOOP('',(#6044,#6045,#6046,#6047));
#1596=EDGE_LOOP('',(#6048,#6049,#6050,#6051));
#1597=EDGE_LOOP('',(#6052,#6053,#6054,#6055));
#1598=EDGE_LOOP('',(#6056,#6057,#6058,#6059));
#1599=EDGE_LOOP('',(#6060,#6061,#6062,#6063));
#1600=EDGE_LOOP('',(#6064,#6065,#6066,#6067));
#1601=EDGE_LOOP('',(#6068,#6069,#6070,#6071,#6072,#6073,#6074,#6075,#6076,
#6077,#6078,#6079));
#1602=EDGE_LOOP('',(#6080,#6081,#6082,#6083,#6084,#6085,#6086,#6087));
#1603=EDGE_LOOP('',(#6088,#6089,#6090,#6091,#6092,#6093,#6094,#6095,#6096,
#6097,#6098,#6099,#6100));
#1604=EDGE_LOOP('',(#6101,#6102,#6103,#6104));
#1605=EDGE_LOOP('',(#6105,#6106,#6107,#6108));
#1606=EDGE_LOOP('',(#6109,#6110,#6111,#6112));
#1607=EDGE_LOOP('',(#6113,#6114,#6115,#6116));
#1608=EDGE_LOOP('',(#6117,#6118,#6119,#6120));
#1609=EDGE_LOOP('',(#6121,#6122,#6123,#6124));
#1610=EDGE_LOOP('',(#6125,#6126,#6127,#6128));
#1611=EDGE_LOOP('',(#6129,#6130,#6131,#6132));
#1612=EDGE_LOOP('',(#6133,#6134,#6135,#6136));
#1613=EDGE_LOOP('',(#6137,#6138,#6139,#6140));
#1614=EDGE_LOOP('',(#6141,#6142,#6143,#6144));
#1615=EDGE_LOOP('',(#6145,#6146,#6147,#6148));
#1616=EDGE_LOOP('',(#6149,#6150,#6151,#6152));
#1617=EDGE_LOOP('',(#6153,#6154,#6155,#6156,#6157,#6158,#6159,#6160,#6161,
#6162,#6163,#6164,#6165));
#1618=EDGE_LOOP('',(#6166,#6167,#6168,#6169,#6170,#6171,#6172,#6173,#6174,
#6175));
#1619=EDGE_LOOP('',(#6176,#6177,#6178,#6179,#6180,#6181,#6182,#6183));
#1620=EDGE_LOOP('',(#6184,#6185,#6186,#6187));
#1621=EDGE_LOOP('',(#6188,#6189,#6190,#6191));
#1622=EDGE_LOOP('',(#6192,#6193,#6194,#6195));
#1623=EDGE_LOOP('',(#6196,#6197,#6198,#6199));
#1624=EDGE_LOOP('',(#6200,#6201,#6202,#6203));
#1625=EDGE_LOOP('',(#6204,#6205,#6206,#6207));
#1626=EDGE_LOOP('',(#6208,#6209,#6210,#6211));
#1627=EDGE_LOOP('',(#6212,#6213,#6214,#6215));
#1628=EDGE_LOOP('',(#6216,#6217,#6218,#6219));
#1629=EDGE_LOOP('',(#6220,#6221,#6222,#6223));
#1630=EDGE_LOOP('',(#6224,#6225,#6226,#6227));
#1631=EDGE_LOOP('',(#6228,#6229,#6230,#6231));
#1632=EDGE_LOOP('',(#6232,#6233,#6234,#6235));
#1633=EDGE_LOOP('',(#6236,#6237,#6238,#6239));
#1634=EDGE_LOOP('',(#6240,#6241,#6242,#6243));
#1635=EDGE_LOOP('',(#6244,#6245,#6246,#6247));
#1636=EDGE_LOOP('',(#6248,#6249,#6250,#6251));
#1637=EDGE_LOOP('',(#6252,#6253,#6254,#6255));
#1638=EDGE_LOOP('',(#6256,#6257,#6258,#6259,#6260,#6261,#6262,#6263,#6264,
#6265));
#1639=EDGE_LOOP('',(#6266,#6267,#6268,#6269,#6270,#6271,#6272,#6273));
#1640=EDGE_LOOP('',(#6274,#6275,#6276,#6277));
#1641=EDGE_LOOP('',(#6278,#6279,#6280,#6281));
#1642=EDGE_LOOP('',(#6282,#6283,#6284,#6285));
#1643=EDGE_LOOP('',(#6286,#6287,#6288,#6289));
#1644=EDGE_LOOP('',(#6290,#6291,#6292,#6293));
#1645=EDGE_LOOP('',(#6294,#6295,#6296,#6297));
#1646=EDGE_LOOP('',(#6298,#6299,#6300,#6301,#6302,#6303,#6304,#6305,#6306,
#6307,#6308,#6309,#6310));
#1647=EDGE_LOOP('',(#6311,#6312,#6313,#6314,#6315,#6316,#6317,#6318));
#1648=EDGE_LOOP('',(#6319,#6320,#6321,#6322));
#1649=EDGE_LOOP('',(#6323,#6324,#6325,#6326));
#1650=EDGE_LOOP('',(#6327,#6328,#6329,#6330));
#1651=EDGE_LOOP('',(#6331,#6332,#6333,#6334));
#1652=EDGE_LOOP('',(#6335,#6336,#6337,#6338));
#1653=EDGE_LOOP('',(#6339,#6340,#6341,#6342));
#1654=EDGE_LOOP('',(#6343,#6344,#6345,#6346));
#1655=EDGE_LOOP('',(#6347,#6348,#6349,#6350));
#1656=EDGE_LOOP('',(#6351,#6352,#6353,#6354));
#1657=EDGE_LOOP('',(#6355,#6356,#6357,#6358));
#1658=EDGE_LOOP('',(#6359,#6360,#6361,#6362));
#1659=EDGE_LOOP('',(#6363,#6364,#6365,#6366));
#1660=EDGE_LOOP('',(#6367,#6368,#6369,#6370));
#1661=EDGE_LOOP('',(#6371,#6372,#6373,#6374));
#1662=EDGE_LOOP('',(#6375,#6376,#6377,#6378));
#1663=EDGE_LOOP('',(#6379,#6380,#6381,#6382));
#1664=EDGE_LOOP('',(#6383,#6384,#6385,#6386));
#1665=EDGE_LOOP('',(#6387,#6388,#6389,#6390));
#1666=EDGE_LOOP('',(#6391,#6392,#6393,#6394));
#1667=EDGE_LOOP('',(#6395,#6396,#6397,#6398));
#1668=EDGE_LOOP('',(#6399,#6400,#6401,#6402));
#1669=EDGE_LOOP('',(#6403,#6404,#6405,#6406,#6407,#6408,#6409,#6410,#6411,
#6412,#6413,#6414,#6415));
#1670=EDGE_LOOP('',(#6416,#6417,#6418,#6419,#6420,#6421,#6422,#6423));
#1671=EDGE_LOOP('',(#6424,#6425,#6426,#6427,#6428,#6429,#6430,#6431,#6432,
#6433,#6434,#6435,#6436,#6437));
#1672=EDGE_LOOP('',(#6438,#6439,#6440,#6441,#6442));
#1673=EDGE_LOOP('',(#6443,#6444,#6445,#6446));
#1674=EDGE_LOOP('',(#6447,#6448,#6449,#6450));
#1675=EDGE_LOOP('',(#6451,#6452,#6453,#6454));
#1676=EDGE_LOOP('',(#6455,#6456,#6457,#6458));
#1677=EDGE_LOOP('',(#6459,#6460,#6461,#6462));
#1678=EDGE_LOOP('',(#6463,#6464,#6465,#6466));
#1679=EDGE_LOOP('',(#6467,#6468,#6469,#6470));
#1680=EDGE_LOOP('',(#6471,#6472,#6473,#6474));
#1681=EDGE_LOOP('',(#6475,#6476,#6477,#6478));
#1682=EDGE_LOOP('',(#6479,#6480,#6481,#6482));
#1683=EDGE_LOOP('',(#6483,#6484,#6485,#6486));
#1684=EDGE_LOOP('',(#6487,#6488,#6489,#6490));
#1685=EDGE_LOOP('',(#6491,#6492,#6493,#6494));
#1686=EDGE_LOOP('',(#6495,#6496,#6497,#6498));
#1687=EDGE_LOOP('',(#6499,#6500,#6501,#6502));
#1688=EDGE_LOOP('',(#6503,#6504,#6505,#6506));
#1689=EDGE_LOOP('',(#6507,#6508,#6509,#6510));
#1690=EDGE_LOOP('',(#6511,#6512,#6513,#6514));
#1691=EDGE_LOOP('',(#6515,#6516,#6517,#6518));
#1692=EDGE_LOOP('',(#6519,#6520,#6521,#6522,#6523,#6524,#6525,#6526,#6527,
#6528,#6529,#6530,#6531,#6532));
#1693=EDGE_LOOP('',(#6533,#6534,#6535,#6536,#6537));
#1694=LINE('',#8207,#2212);
#1695=LINE('',#8209,#2213);
#1696=LINE('',#8211,#2214);
#1697=LINE('',#8212,#2215);
#1698=LINE('',#8216,#2216);
#1699=LINE('',#8222,#2217);
#1700=LINE('',#8223,#2218);
#1701=LINE('',#8224,#2219);
#1702=LINE('',#8228,#2220);
#1703=LINE('',#8234,#2221);
#1704=LINE('',#8235,#2222);
#1705=LINE('',#8236,#2223);
#1706=LINE('',#8240,#2224);
#1707=LINE('',#8246,#2225);
#1708=LINE('',#8247,#2226);
#1709=LINE('',#8248,#2227);
#1710=LINE('',#8254,#2228);
#1711=LINE('',#8257,#2229);
#1712=LINE('',#8260,#2230);
#1713=LINE('',#8261,#2231);
#1714=LINE('',#8264,#2232);
#1715=LINE('',#8268,#2233);
#1716=LINE('',#8269,#2234);
#1717=LINE('',#8283,#2235);
#1718=LINE('',#8287,#2236);
#1719=LINE('',#8296,#2237);
#1720=LINE('',#8300,#2238);
#1721=LINE('',#8309,#2239);
#1722=LINE('',#8313,#2240);
#1723=LINE('',#8322,#2241);
#1724=LINE('',#8326,#2242);
#1725=LINE('',#8333,#2243);
#1726=LINE('',#8336,#2244);
#1727=LINE('',#8339,#2245);
#1728=LINE('',#8342,#2246);
#1729=LINE('',#8345,#2247);
#1730=LINE('',#8348,#2248);
#1731=LINE('',#8351,#2249);
#1732=LINE('',#8354,#2250);
#1733=LINE('',#8357,#2251);
#1734=LINE('',#8360,#2252);
#1735=LINE('',#8362,#2253);
#1736=LINE('',#8365,#2254);
#1737=LINE('',#8368,#2255);
#1738=LINE('',#8383,#2256);
#1739=LINE('',#8457,#2257);
#1740=LINE('',#8525,#2258);
#1741=LINE('',#8527,#2259);
#1742=LINE('',#8528,#2260);
#1743=LINE('',#8545,#2261);
#1744=LINE('',#8562,#2262);
#1745=LINE('',#8579,#2263);
#1746=LINE('',#8596,#2264);
#1747=LINE('',#8613,#2265);
#1748=LINE('',#8630,#2266);
#1749=LINE('',#8647,#2267);
#1750=LINE('',#8664,#2268);
#1751=LINE('',#8681,#2269);
#1752=LINE('',#8698,#2270);
#1753=LINE('',#8715,#2271);
#1754=LINE('',#8732,#2272);
#1755=LINE('',#8735,#2273);
#1756=LINE('',#8736,#2274);
#1757=LINE('',#8753,#2275);
#1758=LINE('',#8770,#2276);
#1759=LINE('',#8787,#2277);
#1760=LINE('',#8804,#2278);
#1761=LINE('',#8821,#2279);
#1762=LINE('',#8838,#2280);
#1763=LINE('',#8855,#2281);
#1764=LINE('',#8872,#2282);
#1765=LINE('',#8889,#2283);
#1766=LINE('',#8906,#2284);
#1767=LINE('',#8923,#2285);
#1768=LINE('',#8943,#2286);
#1769=LINE('',#8945,#2287);
#1770=LINE('',#8947,#2288);
#1771=LINE('',#8948,#2289);
#1772=LINE('',#8951,#2290);
#1773=LINE('',#8953,#2291);
#1774=LINE('',#8954,#2292);
#1775=LINE('',#8957,#2293);
#1776=LINE('',#8959,#2294);
#1777=LINE('',#8960,#2295);
#1778=LINE('',#8962,#2296);
#1779=LINE('',#8964,#2297);
#1780=LINE('',#8969,#2298);
#1781=LINE('',#8971,#2299);
#1782=LINE('',#8973,#2300);
#1783=LINE('',#8974,#2301);
#1784=LINE('',#8977,#2302);
#1785=LINE('',#8979,#2303);
#1786=LINE('',#8980,#2304);
#1787=LINE('',#8983,#2305);
#1788=LINE('',#8985,#2306);
#1789=LINE('',#8986,#2307);
#1790=LINE('',#8988,#2308);
#1791=LINE('',#8990,#2309);
#1792=LINE('',#8995,#2310);
#1793=LINE('',#8997,#2311);
#1794=LINE('',#8999,#2312);
#1795=LINE('',#9000,#2313);
#1796=LINE('',#9003,#2314);
#1797=LINE('',#9005,#2315);
#1798=LINE('',#9006,#2316);
#1799=LINE('',#9009,#2317);
#1800=LINE('',#9011,#2318);
#1801=LINE('',#9012,#2319);
#1802=LINE('',#9014,#2320);
#1803=LINE('',#9016,#2321);
#1804=LINE('',#9021,#2322);
#1805=LINE('',#9023,#2323);
#1806=LINE('',#9025,#2324);
#1807=LINE('',#9026,#2325);
#1808=LINE('',#9029,#2326);
#1809=LINE('',#9031,#2327);
#1810=LINE('',#9032,#2328);
#1811=LINE('',#9035,#2329);
#1812=LINE('',#9037,#2330);
#1813=LINE('',#9038,#2331);
#1814=LINE('',#9040,#2332);
#1815=LINE('',#9042,#2333);
#1816=LINE('',#9047,#2334);
#1817=LINE('',#9049,#2335);
#1818=LINE('',#9051,#2336);
#1819=LINE('',#9101,#2337);
#1820=LINE('',#9157,#2338);
#1821=LINE('',#9159,#2339);
#1822=LINE('',#9160,#2340);
#1823=LINE('',#9163,#2341);
#1824=LINE('',#9164,#2342);
#1825=LINE('',#9181,#2343);
#1826=LINE('',#9198,#2344);
#1827=LINE('',#9215,#2345);
#1828=LINE('',#9232,#2346);
#1829=LINE('',#9249,#2347);
#1830=LINE('',#9266,#2348);
#1831=LINE('',#9283,#2349);
#1832=LINE('',#9300,#2350);
#1833=LINE('',#9303,#2351);
#1834=LINE('',#9304,#2352);
#1835=LINE('',#9321,#2353);
#1836=LINE('',#9338,#2354);
#1837=LINE('',#9355,#2355);
#1838=LINE('',#9372,#2356);
#1839=LINE('',#9389,#2357);
#1840=LINE('',#9406,#2358);
#1841=LINE('',#9423,#2359);
#1842=LINE('',#9440,#2360);
#1843=LINE('',#9457,#2361);
#1844=LINE('',#9459,#2362);
#1845=LINE('',#9464,#2363);
#1846=LINE('',#9466,#2364);
#1847=LINE('',#9468,#2365);
#1848=LINE('',#9518,#2366);
#1849=LINE('',#9519,#2367);
#1850=LINE('',#9579,#2368);
#1851=LINE('',#9586,#2369);
#1852=LINE('',#9603,#2370);
#1853=LINE('',#9620,#2371);
#1854=LINE('',#9637,#2372);
#1855=LINE('',#9654,#2373);
#1856=LINE('',#9671,#2374);
#1857=LINE('',#9688,#2375);
#1858=LINE('',#9706,#2376);
#1859=LINE('',#9708,#2377);
#1860=LINE('',#9709,#2378);
#1861=LINE('',#9712,#2379);
#1862=LINE('',#9713,#2380);
#1863=LINE('',#9730,#2381);
#1864=LINE('',#9747,#2382);
#1865=LINE('',#9764,#2383);
#1866=LINE('',#9781,#2384);
#1867=LINE('',#9798,#2385);
#1868=LINE('',#9815,#2386);
#1869=LINE('',#9832,#2387);
#1870=LINE('',#9849,#2388);
#1871=LINE('',#9852,#2389);
#1872=LINE('',#9853,#2390);
#1873=LINE('',#9856,#2391);
#1874=LINE('',#9857,#2392);
#1875=LINE('',#9859,#2393);
#1876=LINE('',#9870,#2394);
#1877=LINE('',#9902,#2395);
#1878=LINE('',#9916,#2396);
#1879=LINE('',#9978,#2397);
#1880=LINE('',#9998,#2398);
#1881=LINE('',#10057,#2399);
#1882=LINE('',#10064,#2400);
#1883=LINE('',#10081,#2401);
#1884=LINE('',#10098,#2402);
#1885=LINE('',#10115,#2403);
#1886=LINE('',#10132,#2404);
#1887=LINE('',#10149,#2405);
#1888=LINE('',#10166,#2406);
#1889=LINE('',#10183,#2407);
#1890=LINE('',#10185,#2408);
#1891=LINE('',#10188,#2409);
#1892=LINE('',#10190,#2410);
#1893=LINE('',#10191,#2411);
#1894=LINE('',#10208,#2412);
#1895=LINE('',#10225,#2413);
#1896=LINE('',#10242,#2414);
#1897=LINE('',#10259,#2415);
#1898=LINE('',#10276,#2416);
#1899=LINE('',#10279,#2417);
#1900=LINE('',#10280,#2418);
#1901=LINE('',#10297,#2419);
#1902=LINE('',#10314,#2420);
#1903=LINE('',#10317,#2421);
#1904=LINE('',#10318,#2422);
#1905=LINE('',#10335,#2423);
#1906=LINE('',#10352,#2424);
#1907=LINE('',#10369,#2425);
#1908=LINE('',#10386,#2426);
#1909=LINE('',#10403,#2427);
#1910=LINE('',#10420,#2428);
#1911=LINE('',#10437,#2429);
#1912=LINE('',#10454,#2430);
#1913=LINE('',#10471,#2431);
#1914=LINE('',#10488,#2432);
#1915=LINE('',#10491,#2433);
#1916=LINE('',#10492,#2434);
#1917=LINE('',#10509,#2435);
#1918=LINE('',#10526,#2436);
#1919=LINE('',#10543,#2437);
#1920=LINE('',#10563,#2438);
#1921=LINE('',#10565,#2439);
#1922=LINE('',#10567,#2440);
#1923=LINE('',#10611,#2441);
#1924=LINE('',#10612,#2442);
#1925=LINE('',#10672,#2443);
#1926=LINE('',#10679,#2444);
#1927=LINE('',#10696,#2445);
#1928=LINE('',#10713,#2446);
#1929=LINE('',#10730,#2447);
#1930=LINE('',#10747,#2448);
#1931=LINE('',#10764,#2449);
#1932=LINE('',#10781,#2450);
#1933=LINE('',#10799,#2451);
#1934=LINE('',#10801,#2452);
#1935=LINE('',#10802,#2453);
#1936=LINE('',#10805,#2454);
#1937=LINE('',#10806,#2455);
#1938=LINE('',#10823,#2456);
#1939=LINE('',#10840,#2457);
#1940=LINE('',#10857,#2458);
#1941=LINE('',#10874,#2459);
#1942=LINE('',#10891,#2460);
#1943=LINE('',#10908,#2461);
#1944=LINE('',#10925,#2462);
#1945=LINE('',#10928,#2463);
#1946=LINE('',#10929,#2464);
#1947=LINE('',#10932,#2465);
#1948=LINE('',#10933,#2466);
#1949=LINE('',#10935,#2467);
#1950=LINE('',#10940,#2468);
#1951=LINE('',#10942,#2469);
#1952=LINE('',#10944,#2470);
#1953=LINE('',#10994,#2471);
#1954=LINE('',#10995,#2472);
#1955=LINE('',#11055,#2473);
#1956=LINE('',#11062,#2474);
#1957=LINE('',#11079,#2475);
#1958=LINE('',#11096,#2476);
#1959=LINE('',#11113,#2477);
#1960=LINE('',#11130,#2478);
#1961=LINE('',#11147,#2479);
#1962=LINE('',#11164,#2480);
#1963=LINE('',#11182,#2481);
#1964=LINE('',#11184,#2482);
#1965=LINE('',#11185,#2483);
#1966=LINE('',#11188,#2484);
#1967=LINE('',#11189,#2485);
#1968=LINE('',#11206,#2486);
#1969=LINE('',#11223,#2487);
#1970=LINE('',#11240,#2488);
#1971=LINE('',#11257,#2489);
#1972=LINE('',#11274,#2490);
#1973=LINE('',#11291,#2491);
#1974=LINE('',#11308,#2492);
#1975=LINE('',#11325,#2493);
#1976=LINE('',#11328,#2494);
#1977=LINE('',#11329,#2495);
#1978=LINE('',#11332,#2496);
#1979=LINE('',#11333,#2497);
#1980=LINE('',#11335,#2498);
#1981=LINE('',#11340,#2499);
#1982=LINE('',#11342,#2500);
#1983=LINE('',#11344,#2501);
#1984=LINE('',#11345,#2502);
#1985=LINE('',#11348,#2503);
#1986=LINE('',#11350,#2504);
#1987=LINE('',#11351,#2505);
#1988=LINE('',#11354,#2506);
#1989=LINE('',#11355,#2507);
#1990=LINE('',#11358,#2508);
#1991=LINE('',#11359,#2509);
#1992=LINE('',#11361,#2510);
#1993=LINE('',#11372,#2511);
#1994=LINE('',#11404,#2512);
#1995=LINE('',#11418,#2513);
#1996=LINE('',#11480,#2514);
#1997=LINE('',#11500,#2515);
#1998=LINE('',#11559,#2516);
#1999=LINE('',#11566,#2517);
#2000=LINE('',#11583,#2518);
#2001=LINE('',#11600,#2519);
#2002=LINE('',#11617,#2520);
#2003=LINE('',#11634,#2521);
#2004=LINE('',#11651,#2522);
#2005=LINE('',#11668,#2523);
#2006=LINE('',#11685,#2524);
#2007=LINE('',#11687,#2525);
#2008=LINE('',#11690,#2526);
#2009=LINE('',#11692,#2527);
#2010=LINE('',#11693,#2528);
#2011=LINE('',#11710,#2529);
#2012=LINE('',#11727,#2530);
#2013=LINE('',#11744,#2531);
#2014=LINE('',#11761,#2532);
#2015=LINE('',#11778,#2533);
#2016=LINE('',#11781,#2534);
#2017=LINE('',#11782,#2535);
#2018=LINE('',#11799,#2536);
#2019=LINE('',#11816,#2537);
#2020=LINE('',#11819,#2538);
#2021=LINE('',#11820,#2539);
#2022=LINE('',#11837,#2540);
#2023=LINE('',#11854,#2541);
#2024=LINE('',#11871,#2542);
#2025=LINE('',#11888,#2543);
#2026=LINE('',#11905,#2544);
#2027=LINE('',#11922,#2545);
#2028=LINE('',#11939,#2546);
#2029=LINE('',#11956,#2547);
#2030=LINE('',#11973,#2548);
#2031=LINE('',#11990,#2549);
#2032=LINE('',#11993,#2550);
#2033=LINE('',#11994,#2551);
#2034=LINE('',#12011,#2552);
#2035=LINE('',#12028,#2553);
#2036=LINE('',#12045,#2554);
#2037=LINE('',#12071,#2555);
#2038=LINE('',#12115,#2556);
#2039=LINE('',#12153,#2557);
#2040=LINE('',#12221,#2558);
#2041=LINE('',#12223,#2559);
#2042=LINE('',#12224,#2560);
#2043=LINE('',#12241,#2561);
#2044=LINE('',#12258,#2562);
#2045=LINE('',#12275,#2563);
#2046=LINE('',#12292,#2564);
#2047=LINE('',#12309,#2565);
#2048=LINE('',#12326,#2566);
#2049=LINE('',#12343,#2567);
#2050=LINE('',#12346,#2568);
#2051=LINE('',#12347,#2569);
#2052=LINE('',#12364,#2570);
#2053=LINE('',#12381,#2571);
#2054=LINE('',#12398,#2572);
#2055=LINE('',#12415,#2573);
#2056=LINE('',#12432,#2574);
#2057=LINE('',#12449,#2575);
#2058=LINE('',#12452,#2576);
#2059=LINE('',#12453,#2577);
#2060=LINE('',#12470,#2578);
#2061=LINE('',#12487,#2579);
#2062=LINE('',#12504,#2580);
#2063=LINE('',#12521,#2581);
#2064=LINE('',#12538,#2582);
#2065=LINE('',#12555,#2583);
#2066=LINE('',#12572,#2584);
#2067=LINE('',#12589,#2585);
#2068=LINE('',#12606,#2586);
#2069=LINE('',#12623,#2587);
#2070=LINE('',#12640,#2588);
#2071=LINE('',#12660,#2589);
#2072=LINE('',#12662,#2590);
#2073=LINE('',#12664,#2591);
#2074=LINE('',#12666,#2592);
#2075=LINE('',#12709,#2593);
#2076=LINE('',#12769,#2594);
#2077=LINE('',#12776,#2595);
#2078=LINE('',#12793,#2596);
#2079=LINE('',#12810,#2597);
#2080=LINE('',#12827,#2598);
#2081=LINE('',#12844,#2599);
#2082=LINE('',#12861,#2600);
#2083=LINE('',#12878,#2601);
#2084=LINE('',#12896,#2602);
#2085=LINE('',#12898,#2603);
#2086=LINE('',#12899,#2604);
#2087=LINE('',#12902,#2605);
#2088=LINE('',#12903,#2606);
#2089=LINE('',#12906,#2607);
#2090=LINE('',#12907,#2608);
#2091=LINE('',#12924,#2609);
#2092=LINE('',#12941,#2610);
#2093=LINE('',#12958,#2611);
#2094=LINE('',#12975,#2612);
#2095=LINE('',#12992,#2613);
#2096=LINE('',#13009,#2614);
#2097=LINE('',#13026,#2615);
#2098=LINE('',#13029,#2616);
#2099=LINE('',#13030,#2617);
#2100=LINE('',#13032,#2618);
#2101=LINE('',#13037,#2619);
#2102=LINE('',#13039,#2620);
#2103=LINE('',#13041,#2621);
#2104=LINE('',#13043,#2622);
#2105=LINE('',#13045,#2623);
#2106=LINE('',#13065,#2624);
#2107=LINE('',#13091,#2625);
#2108=LINE('',#13093,#2626);
#2109=LINE('',#13094,#2627);
#2110=LINE('',#13097,#2628);
#2111=LINE('',#13098,#2629);
#2112=LINE('',#13101,#2630);
#2113=LINE('',#13102,#2631);
#2114=LINE('',#13105,#2632);
#2115=LINE('',#13106,#2633);
#2116=LINE('',#13123,#2634);
#2117=LINE('',#13140,#2635);
#2118=LINE('',#13157,#2636);
#2119=LINE('',#13160,#2637);
#2120=LINE('',#13161,#2638);
#2121=LINE('',#13178,#2639);
#2122=LINE('',#13195,#2640);
#2123=LINE('',#13212,#2641);
#2124=LINE('',#13229,#2642);
#2125=LINE('',#13231,#2643);
#2126=LINE('',#13353,#2644);
#2127=LINE('',#13360,#2645);
#2128=LINE('',#13377,#2646);
#2129=LINE('',#13394,#2647);
#2130=LINE('',#13411,#2648);
#2131=LINE('',#13428,#2649);
#2132=LINE('',#13445,#2650);
#2133=LINE('',#13462,#2651);
#2134=LINE('',#13489,#2652);
#2135=LINE('',#13496,#2653);
#2136=LINE('',#13513,#2654);
#2137=LINE('',#13530,#2655);
#2138=LINE('',#13547,#2656);
#2139=LINE('',#13564,#2657);
#2140=LINE('',#13581,#2658);
#2141=LINE('',#13598,#2659);
#2142=LINE('',#13615,#2660);
#2143=LINE('',#13632,#2661);
#2144=LINE('',#13652,#2662);
#2145=LINE('',#13654,#2663);
#2146=LINE('',#13656,#2664);
#2147=LINE('',#13657,#2665);
#2148=LINE('',#13660,#2666);
#2149=LINE('',#13662,#2667);
#2150=LINE('',#13663,#2668);
#2151=LINE('',#13666,#2669);
#2152=LINE('',#13667,#2670);
#2153=LINE('',#13670,#2671);
#2154=LINE('',#13671,#2672);
#2155=LINE('',#13673,#2673);
#2156=LINE('',#13678,#2674);
#2157=LINE('',#13680,#2675);
#2158=LINE('',#13682,#2676);
#2159=LINE('',#13732,#2677);
#2160=LINE('',#13733,#2678);
#2161=LINE('',#13793,#2679);
#2162=LINE('',#13800,#2680);
#2163=LINE('',#13817,#2681);
#2164=LINE('',#13834,#2682);
#2165=LINE('',#13851,#2683);
#2166=LINE('',#13868,#2684);
#2167=LINE('',#13885,#2685);
#2168=LINE('',#13902,#2686);
#2169=LINE('',#13920,#2687);
#2170=LINE('',#13922,#2688);
#2171=LINE('',#13923,#2689);
#2172=LINE('',#13926,#2690);
#2173=LINE('',#13927,#2691);
#2174=LINE('',#13944,#2692);
#2175=LINE('',#13961,#2693);
#2176=LINE('',#13978,#2694);
#2177=LINE('',#13995,#2695);
#2178=LINE('',#14012,#2696);
#2179=LINE('',#14029,#2697);
#2180=LINE('',#14046,#2698);
#2181=LINE('',#14063,#2699);
#2182=LINE('',#14066,#2700);
#2183=LINE('',#14067,#2701);
#2184=LINE('',#14070,#2702);
#2185=LINE('',#14071,#2703);
#2186=LINE('',#14073,#2704);
#2187=LINE('',#14084,#2705);
#2188=LINE('',#14134,#2706);
#2189=LINE('',#14154,#2707);
#2190=LINE('',#14189,#2708);
#2191=LINE('',#14196,#2709);
#2192=LINE('',#14213,#2710);
#2193=LINE('',#14230,#2711);
#2194=LINE('',#14247,#2712);
#2195=LINE('',#14249,#2713);
#2196=LINE('',#14252,#2714);
#2197=LINE('',#14254,#2715);
#2198=LINE('',#14255,#2716);
#2199=LINE('',#14272,#2717);
#2200=LINE('',#14289,#2718);
#2201=LINE('',#14306,#2719);
#2202=LINE('',#14323,#2720);
#2203=LINE('',#14340,#2721);
#2204=LINE('',#14357,#2722);
#2205=LINE('',#14374,#2723);
#2206=LINE('',#14391,#2724);
#2207=LINE('',#14394,#2725);
#2208=LINE('',#14395,#2726);
#2209=LINE('',#14412,#2727);
#2210=LINE('',#14429,#2728);
#2211=LINE('',#14446,#2729);
#2212=VECTOR('',#7301,10.);
#2213=VECTOR('',#7302,10.);
#2214=VECTOR('',#7303,10.);
#2215=VECTOR('',#7304,10.);
#2216=VECTOR('',#7307,10.);
#2217=VECTOR('',#7314,10.);
#2218=VECTOR('',#7315,10.);
#2219=VECTOR('',#7316,10.);
#2220=VECTOR('',#7319,10.);
#2221=VECTOR('',#7326,10.);
#2222=VECTOR('',#7327,10.);
#2223=VECTOR('',#7328,10.);
#2224=VECTOR('',#7331,10.);
#2225=VECTOR('',#7338,10.);
#2226=VECTOR('',#7339,10.);
#2227=VECTOR('',#7340,10.);
#2228=VECTOR('',#7349,10.);
#2229=VECTOR('',#7352,10.);
#2230=VECTOR('',#7355,10.);
#2231=VECTOR('',#7356,10.);
#2232=VECTOR('',#7359,10.);
#2233=VECTOR('',#7364,10.);
#2234=VECTOR('',#7365,10.);
#2235=VECTOR('',#7380,1.94999999999999);
#2236=VECTOR('',#7385,1.45);
#2237=VECTOR('',#7396,1.94999999999999);
#2238=VECTOR('',#7401,1.45);
#2239=VECTOR('',#7412,1.95);
#2240=VECTOR('',#7417,1.45);
#2241=VECTOR('',#7428,1.95);
#2242=VECTOR('',#7433,1.45);
#2243=VECTOR('',#7442,3.95);
#2244=VECTOR('',#7447,3.45);
#2245=VECTOR('',#7450,3.95);
#2246=VECTOR('',#7455,3.45000000000001);
#2247=VECTOR('',#7458,3.95);
#2248=VECTOR('',#7463,3.45000000000001);
#2249=VECTOR('',#7466,3.95);
#2250=VECTOR('',#7471,3.45);
#2251=VECTOR('',#7474,10.);
#2252=VECTOR('',#7477,10.);
#2253=VECTOR('',#7480,10.);
#2254=VECTOR('',#7483,10.);
#2255=VECTOR('',#7488,10.);
#2256=VECTOR('',#7501,10.);
#2257=VECTOR('',#7502,10.);
#2258=VECTOR('',#7505,10.);
#2259=VECTOR('',#7506,10.);
#2260=VECTOR('',#7507,10.);
#2261=VECTOR('',#7508,10.);
#2262=VECTOR('',#7509,10.);
#2263=VECTOR('',#7510,10.);
#2264=VECTOR('',#7511,10.);
#2265=VECTOR('',#7512,10.);
#2266=VECTOR('',#7513,10.);
#2267=VECTOR('',#7514,10.);
#2268=VECTOR('',#7515,10.);
#2269=VECTOR('',#7516,10.);
#2270=VECTOR('',#7517,10.);
#2271=VECTOR('',#7518,10.);
#2272=VECTOR('',#7519,10.);
#2273=VECTOR('',#7522,10.);
#2274=VECTOR('',#7523,10.);
#2275=VECTOR('',#7524,10.);
#2276=VECTOR('',#7525,10.);
#2277=VECTOR('',#7526,10.);
#2278=VECTOR('',#7527,10.);
#2279=VECTOR('',#7528,10.);
#2280=VECTOR('',#7529,10.);
#2281=VECTOR('',#7530,10.);
#2282=VECTOR('',#7531,10.);
#2283=VECTOR('',#7532,10.);
#2284=VECTOR('',#7533,10.);
#2285=VECTOR('',#7534,10.);
#2286=VECTOR('',#7539,10.);
#2287=VECTOR('',#7540,10.);
#2288=VECTOR('',#7541,10.);
#2289=VECTOR('',#7542,10.);
#2290=VECTOR('',#7545,10.);
#2291=VECTOR('',#7546,10.);
#2292=VECTOR('',#7547,10.);
#2293=VECTOR('',#7550,10.);
#2294=VECTOR('',#7551,10.);
#2295=VECTOR('',#7552,10.);
#2296=VECTOR('',#7555,10.);
#2297=VECTOR('',#7558,10.);
#2298=VECTOR('',#7563,10.);
#2299=VECTOR('',#7564,10.);
#2300=VECTOR('',#7565,10.);
#2301=VECTOR('',#7566,10.);
#2302=VECTOR('',#7569,10.);
#2303=VECTOR('',#7570,10.);
#2304=VECTOR('',#7571,10.);
#2305=VECTOR('',#7574,10.);
#2306=VECTOR('',#7575,10.);
#2307=VECTOR('',#7576,10.);
#2308=VECTOR('',#7579,10.);
#2309=VECTOR('',#7582,10.);
#2310=VECTOR('',#7587,10.);
#2311=VECTOR('',#7588,10.);
#2312=VECTOR('',#7589,10.);
#2313=VECTOR('',#7590,10.);
#2314=VECTOR('',#7593,10.);
#2315=VECTOR('',#7594,10.);
#2316=VECTOR('',#7595,10.);
#2317=VECTOR('',#7598,10.);
#2318=VECTOR('',#7599,10.);
#2319=VECTOR('',#7600,10.);
#2320=VECTOR('',#7603,10.);
#2321=VECTOR('',#7606,10.);
#2322=VECTOR('',#7611,10.);
#2323=VECTOR('',#7612,10.);
#2324=VECTOR('',#7613,10.);
#2325=VECTOR('',#7614,10.);
#2326=VECTOR('',#7617,10.);
#2327=VECTOR('',#7618,10.);
#2328=VECTOR('',#7619,10.);
#2329=VECTOR('',#7622,10.);
#2330=VECTOR('',#7623,10.);
#2331=VECTOR('',#7624,10.);
#2332=VECTOR('',#7627,10.);
#2333=VECTOR('',#7630,10.);
#2334=VECTOR('',#7635,10.);
#2335=VECTOR('',#7636,10.);
#2336=VECTOR('',#7637,10.);
#2337=VECTOR('',#7638,10.);
#2338=VECTOR('',#7641,10.);
#2339=VECTOR('',#7642,10.);
#2340=VECTOR('',#7643,10.);
#2341=VECTOR('',#7646,10.);
#2342=VECTOR('',#7647,10.);
#2343=VECTOR('',#7648,10.);
#2344=VECTOR('',#7649,10.);
#2345=VECTOR('',#7650,10.);
#2346=VECTOR('',#7651,10.);
#2347=VECTOR('',#7652,10.);
#2348=VECTOR('',#7653,10.);
#2349=VECTOR('',#7654,10.);
#2350=VECTOR('',#7655,10.);
#2351=VECTOR('',#7658,10.);
#2352=VECTOR('',#7659,10.);
#2353=VECTOR('',#7660,10.);
#2354=VECTOR('',#7661,10.);
#2355=VECTOR('',#7662,10.);
#2356=VECTOR('',#7663,10.);
#2357=VECTOR('',#7664,10.);
#2358=VECTOR('',#7665,10.);
#2359=VECTOR('',#7666,10.);
#2360=VECTOR('',#7667,10.);
#2361=VECTOR('',#7668,10.);
#2362=VECTOR('',#7671,10.);
#2363=VECTOR('',#7676,10.);
#2364=VECTOR('',#7677,10.);
#2365=VECTOR('',#7678,10.);
#2366=VECTOR('',#7679,10.);
#2367=VECTOR('',#7680,10.);
#2368=VECTOR('',#7681,10.);
#2369=VECTOR('',#7682,10.);
#2370=VECTOR('',#7683,10.);
#2371=VECTOR('',#7684,10.);
#2372=VECTOR('',#7685,10.);
#2373=VECTOR('',#7686,10.);
#2374=VECTOR('',#7687,10.);
#2375=VECTOR('',#7688,10.);
#2376=VECTOR('',#7691,10.);
#2377=VECTOR('',#7692,10.);
#2378=VECTOR('',#7693,10.);
#2379=VECTOR('',#7696,10.);
#2380=VECTOR('',#7697,10.);
#2381=VECTOR('',#7698,10.);
#2382=VECTOR('',#7699,10.);
#2383=VECTOR('',#7700,10.);
#2384=VECTOR('',#7701,10.);
#2385=VECTOR('',#7702,10.);
#2386=VECTOR('',#7703,10.);
#2387=VECTOR('',#7704,10.);
#2388=VECTOR('',#7705,10.);
#2389=VECTOR('',#7708,10.);
#2390=VECTOR('',#7709,10.);
#2391=VECTOR('',#7712,10.);
#2392=VECTOR('',#7713,10.);
#2393=VECTOR('',#7716,10.);
#2394=VECTOR('',#7721,10.);
#2395=VECTOR('',#7722,10.);
#2396=VECTOR('',#7723,10.);
#2397=VECTOR('',#7724,10.);
#2398=VECTOR('',#7725,10.);
#2399=VECTOR('',#7726,10.);
#2400=VECTOR('',#7727,10.);
#2401=VECTOR('',#7728,10.);
#2402=VECTOR('',#7729,10.);
#2403=VECTOR('',#7730,10.);
#2404=VECTOR('',#7731,10.);
#2405=VECTOR('',#7732,10.);
#2406=VECTOR('',#7733,10.);
#2407=VECTOR('',#7734,10.);
#2408=VECTOR('',#7737,10.);
#2409=VECTOR('',#7740,10.);
#2410=VECTOR('',#7741,10.);
#2411=VECTOR('',#7742,10.);
#2412=VECTOR('',#7743,10.);
#2413=VECTOR('',#7744,10.);
#2414=VECTOR('',#7745,10.);
#2415=VECTOR('',#7746,10.);
#2416=VECTOR('',#7747,10.);
#2417=VECTOR('',#7750,10.);
#2418=VECTOR('',#7751,10.);
#2419=VECTOR('',#7752,10.);
#2420=VECTOR('',#7753,10.);
#2421=VECTOR('',#7756,10.);
#2422=VECTOR('',#7757,10.);
#2423=VECTOR('',#7758,10.);
#2424=VECTOR('',#7759,10.);
#2425=VECTOR('',#7760,10.);
#2426=VECTOR('',#7761,10.);
#2427=VECTOR('',#7762,10.);
#2428=VECTOR('',#7763,10.);
#2429=VECTOR('',#7764,10.);
#2430=VECTOR('',#7765,10.);
#2431=VECTOR('',#7766,10.);
#2432=VECTOR('',#7767,10.);
#2433=VECTOR('',#7770,10.);
#2434=VECTOR('',#7771,10.);
#2435=VECTOR('',#7772,10.);
#2436=VECTOR('',#7773,10.);
#2437=VECTOR('',#7774,10.);
#2438=VECTOR('',#7779,10.);
#2439=VECTOR('',#7780,10.);
#2440=VECTOR('',#7781,10.);
#2441=VECTOR('',#7782,10.);
#2442=VECTOR('',#7783,10.);
#2443=VECTOR('',#7784,10.);
#2444=VECTOR('',#7785,10.);
#2445=VECTOR('',#7786,10.);
#2446=VECTOR('',#7787,10.);
#2447=VECTOR('',#7788,10.);
#2448=VECTOR('',#7789,10.);
#2449=VECTOR('',#7790,10.);
#2450=VECTOR('',#7791,10.);
#2451=VECTOR('',#7794,10.);
#2452=VECTOR('',#7795,10.);
#2453=VECTOR('',#7796,10.);
#2454=VECTOR('',#7799,10.);
#2455=VECTOR('',#7800,10.);
#2456=VECTOR('',#7801,10.);
#2457=VECTOR('',#7802,10.);
#2458=VECTOR('',#7803,10.);
#2459=VECTOR('',#7804,10.);
#2460=VECTOR('',#7805,10.);
#2461=VECTOR('',#7806,10.);
#2462=VECTOR('',#7807,10.);
#2463=VECTOR('',#7810,10.);
#2464=VECTOR('',#7811,10.);
#2465=VECTOR('',#7814,10.);
#2466=VECTOR('',#7815,10.);
#2467=VECTOR('',#7818,10.);
#2468=VECTOR('',#7823,10.);
#2469=VECTOR('',#7824,10.);
#2470=VECTOR('',#7825,10.);
#2471=VECTOR('',#7826,10.);
#2472=VECTOR('',#7827,10.);
#2473=VECTOR('',#7828,10.);
#2474=VECTOR('',#7829,10.);
#2475=VECTOR('',#7830,10.);
#2476=VECTOR('',#7831,10.);
#2477=VECTOR('',#7832,10.);
#2478=VECTOR('',#7833,10.);
#2479=VECTOR('',#7834,10.);
#2480=VECTOR('',#7835,10.);
#2481=VECTOR('',#7838,10.);
#2482=VECTOR('',#7839,10.);
#2483=VECTOR('',#7840,10.);
#2484=VECTOR('',#7843,10.);
#2485=VECTOR('',#7844,10.);
#2486=VECTOR('',#7845,10.);
#2487=VECTOR('',#7846,10.);
#2488=VECTOR('',#7847,10.);
#2489=VECTOR('',#7848,10.);
#2490=VECTOR('',#7849,10.);
#2491=VECTOR('',#7850,10.);
#2492=VECTOR('',#7851,10.);
#2493=VECTOR('',#7852,10.);
#2494=VECTOR('',#7855,10.);
#2495=VECTOR('',#7856,10.);
#2496=VECTOR('',#7859,10.);
#2497=VECTOR('',#7860,10.);
#2498=VECTOR('',#7863,10.);
#2499=VECTOR('',#7868,10.);
#2500=VECTOR('',#7869,10.);
#2501=VECTOR('',#7870,10.);
#2502=VECTOR('',#7871,10.);
#2503=VECTOR('',#7874,10.);
#2504=VECTOR('',#7875,10.);
#2505=VECTOR('',#7876,10.);
#2506=VECTOR('',#7879,10.);
#2507=VECTOR('',#7880,10.);
#2508=VECTOR('',#7883,10.);
#2509=VECTOR('',#7884,10.);
#2510=VECTOR('',#7887,10.);
#2511=VECTOR('',#7892,10.);
#2512=VECTOR('',#7893,10.);
#2513=VECTOR('',#7894,10.);
#2514=VECTOR('',#7895,10.);
#2515=VECTOR('',#7896,10.);
#2516=VECTOR('',#7897,10.);
#2517=VECTOR('',#7898,10.);
#2518=VECTOR('',#7899,10.);
#2519=VECTOR('',#7900,10.);
#2520=VECTOR('',#7901,10.);
#2521=VECTOR('',#7902,10.);
#2522=VECTOR('',#7903,10.);
#2523=VECTOR('',#7904,10.);
#2524=VECTOR('',#7905,10.);
#2525=VECTOR('',#7908,10.);
#2526=VECTOR('',#7911,10.);
#2527=VECTOR('',#7912,10.);
#2528=VECTOR('',#7913,10.);
#2529=VECTOR('',#7914,10.);
#2530=VECTOR('',#7915,10.);
#2531=VECTOR('',#7916,10.);
#2532=VECTOR('',#7917,10.);
#2533=VECTOR('',#7918,10.);
#2534=VECTOR('',#7921,10.);
#2535=VECTOR('',#7922,10.);
#2536=VECTOR('',#7923,10.);
#2537=VECTOR('',#7924,10.);
#2538=VECTOR('',#7927,10.);
#2539=VECTOR('',#7928,10.);
#2540=VECTOR('',#7929,10.);
#2541=VECTOR('',#7930,10.);
#2542=VECTOR('',#7931,10.);
#2543=VECTOR('',#7932,10.);
#2544=VECTOR('',#7933,10.);
#2545=VECTOR('',#7934,10.);
#2546=VECTOR('',#7935,10.);
#2547=VECTOR('',#7936,10.);
#2548=VECTOR('',#7937,10.);
#2549=VECTOR('',#7938,10.);
#2550=VECTOR('',#7941,10.);
#2551=VECTOR('',#7942,10.);
#2552=VECTOR('',#7943,10.);
#2553=VECTOR('',#7944,10.);
#2554=VECTOR('',#7945,10.);
#2555=VECTOR('',#7950,10.);
#2556=VECTOR('',#7951,10.);
#2557=VECTOR('',#7952,10.);
#2558=VECTOR('',#7955,10.);
#2559=VECTOR('',#7956,10.);
#2560=VECTOR('',#7957,10.);
#2561=VECTOR('',#7958,10.);
#2562=VECTOR('',#7959,10.);
#2563=VECTOR('',#7960,10.);
#2564=VECTOR('',#7961,10.);
#2565=VECTOR('',#7962,10.);
#2566=VECTOR('',#7963,10.);
#2567=VECTOR('',#7964,10.);
#2568=VECTOR('',#7967,10.);
#2569=VECTOR('',#7968,10.);
#2570=VECTOR('',#7969,10.);
#2571=VECTOR('',#7970,10.);
#2572=VECTOR('',#7971,10.);
#2573=VECTOR('',#7972,10.);
#2574=VECTOR('',#7973,10.);
#2575=VECTOR('',#7974,10.);
#2576=VECTOR('',#7977,10.);
#2577=VECTOR('',#7978,10.);
#2578=VECTOR('',#7979,10.);
#2579=VECTOR('',#7980,10.);
#2580=VECTOR('',#7981,10.);
#2581=VECTOR('',#7982,10.);
#2582=VECTOR('',#7983,10.);
#2583=VECTOR('',#7984,10.);
#2584=VECTOR('',#7985,10.);
#2585=VECTOR('',#7986,10.);
#2586=VECTOR('',#7987,10.);
#2587=VECTOR('',#7988,10.);
#2588=VECTOR('',#7989,10.);
#2589=VECTOR('',#7994,10.);
#2590=VECTOR('',#7995,10.);
#2591=VECTOR('',#7996,10.);
#2592=VECTOR('',#7997,10.);
#2593=VECTOR('',#7998,10.);
#2594=VECTOR('',#7999,10.);
#2595=VECTOR('',#8000,10.);
#2596=VECTOR('',#8001,10.);
#2597=VECTOR('',#8002,10.);
#2598=VECTOR('',#8003,10.);
#2599=VECTOR('',#8004,10.);
#2600=VECTOR('',#8005,10.);
#2601=VECTOR('',#8006,10.);
#2602=VECTOR('',#8009,10.);
#2603=VECTOR('',#8010,10.);
#2604=VECTOR('',#8011,10.);
#2605=VECTOR('',#8014,10.);
#2606=VECTOR('',#8015,10.);
#2607=VECTOR('',#8018,10.);
#2608=VECTOR('',#8019,10.);
#2609=VECTOR('',#8020,10.);
#2610=VECTOR('',#8021,10.);
#2611=VECTOR('',#8022,10.);
#2612=VECTOR('',#8023,10.);
#2613=VECTOR('',#8024,10.);
#2614=VECTOR('',#8025,10.);
#2615=VECTOR('',#8026,10.);
#2616=VECTOR('',#8029,10.);
#2617=VECTOR('',#8030,10.);
#2618=VECTOR('',#8033,10.);
#2619=VECTOR('',#8038,10.);
#2620=VECTOR('',#8039,10.);
#2621=VECTOR('',#8040,10.);
#2622=VECTOR('',#8041,10.);
#2623=VECTOR('',#8042,10.);
#2624=VECTOR('',#8043,10.);
#2625=VECTOR('',#8046,10.);
#2626=VECTOR('',#8047,10.);
#2627=VECTOR('',#8048,10.);
#2628=VECTOR('',#8051,10.);
#2629=VECTOR('',#8052,10.);
#2630=VECTOR('',#8055,10.);
#2631=VECTOR('',#8056,10.);
#2632=VECTOR('',#8059,10.);
#2633=VECTOR('',#8060,10.);
#2634=VECTOR('',#8061,10.);
#2635=VECTOR('',#8062,10.);
#2636=VECTOR('',#8063,10.);
#2637=VECTOR('',#8066,10.);
#2638=VECTOR('',#8067,10.);
#2639=VECTOR('',#8068,10.);
#2640=VECTOR('',#8069,10.);
#2641=VECTOR('',#8070,10.);
#2642=VECTOR('',#8071,10.);
#2643=VECTOR('',#8074,10.);
#2644=VECTOR('',#8079,10.);
#2645=VECTOR('',#8080,10.);
#2646=VECTOR('',#8081,10.);
#2647=VECTOR('',#8082,10.);
#2648=VECTOR('',#8083,10.);
#2649=VECTOR('',#8084,10.);
#2650=VECTOR('',#8085,10.);
#2651=VECTOR('',#8086,10.);
#2652=VECTOR('',#8087,10.);
#2653=VECTOR('',#8088,10.);
#2654=VECTOR('',#8089,10.);
#2655=VECTOR('',#8090,10.);
#2656=VECTOR('',#8091,10.);
#2657=VECTOR('',#8092,10.);
#2658=VECTOR('',#8093,10.);
#2659=VECTOR('',#8094,10.);
#2660=VECTOR('',#8095,10.);
#2661=VECTOR('',#8096,10.);
#2662=VECTOR('',#8101,10.);
#2663=VECTOR('',#8102,10.);
#2664=VECTOR('',#8103,10.);
#2665=VECTOR('',#8104,10.);
#2666=VECTOR('',#8107,10.);
#2667=VECTOR('',#8108,10.);
#2668=VECTOR('',#8109,10.);
#2669=VECTOR('',#8112,10.);
#2670=VECTOR('',#8113,10.);
#2671=VECTOR('',#8116,10.);
#2672=VECTOR('',#8117,10.);
#2673=VECTOR('',#8120,10.);
#2674=VECTOR('',#8125,10.);
#2675=VECTOR('',#8126,10.);
#2676=VECTOR('',#8127,10.);
#2677=VECTOR('',#8128,10.);
#2678=VECTOR('',#8129,10.);
#2679=VECTOR('',#8130,10.);
#2680=VECTOR('',#8131,10.);
#2681=VECTOR('',#8132,10.);
#2682=VECTOR('',#8133,10.);
#2683=VECTOR('',#8134,10.);
#2684=VECTOR('',#8135,10.);
#2685=VECTOR('',#8136,10.);
#2686=VECTOR('',#8137,10.);
#2687=VECTOR('',#8140,10.);
#2688=VECTOR('',#8141,10.);
#2689=VECTOR('',#8142,10.);
#2690=VECTOR('',#8145,10.);
#2691=VECTOR('',#8146,10.);
#2692=VECTOR('',#8147,10.);
#2693=VECTOR('',#8148,10.);
#2694=VECTOR('',#8149,10.);
#2695=VECTOR('',#8150,10.);
#2696=VECTOR('',#8151,10.);
#2697=VECTOR('',#8152,10.);
#2698=VECTOR('',#8153,10.);
#2699=VECTOR('',#8154,10.);
#2700=VECTOR('',#8157,10.);
#2701=VECTOR('',#8158,10.);
#2702=VECTOR('',#8161,10.);
#2703=VECTOR('',#8162,10.);
#2704=VECTOR('',#8165,10.);
#2705=VECTOR('',#8170,10.);
#2706=VECTOR('',#8171,10.);
#2707=VECTOR('',#8172,10.);
#2708=VECTOR('',#8173,10.);
#2709=VECTOR('',#8174,10.);
#2710=VECTOR('',#8175,10.);
#2711=VECTOR('',#8176,10.);
#2712=VECTOR('',#8177,10.);
#2713=VECTOR('',#8180,10.);
#2714=VECTOR('',#8183,10.);
#2715=VECTOR('',#8184,10.);
#2716=VECTOR('',#8185,10.);
#2717=VECTOR('',#8186,10.);
#2718=VECTOR('',#8187,10.);
#2719=VECTOR('',#8188,10.);
#2720=VECTOR('',#8189,10.);
#2721=VECTOR('',#8190,10.);
#2722=VECTOR('',#8191,10.);
#2723=VECTOR('',#8192,10.);
#2724=VECTOR('',#8193,10.);
#2725=VECTOR('',#8196,10.);
#2726=VECTOR('',#8197,10.);
#2727=VECTOR('',#8198,10.);
#2728=VECTOR('',#8199,10.);
#2729=VECTOR('',#8200,10.);
#2730=VERTEX_POINT('',#8205);
#2731=VERTEX_POINT('',#8206);
#2732=VERTEX_POINT('',#8208);
#2733=VERTEX_POINT('',#8210);
#2734=VERTEX_POINT('',#8214);
#2735=VERTEX_POINT('',#8215);
#2736=VERTEX_POINT('',#8220);
#2737=VERTEX_POINT('',#8221);
#2738=VERTEX_POINT('',#8226);
#2739=VERTEX_POINT('',#8227);
#2740=VERTEX_POINT('',#8232);
#2741=VERTEX_POINT('',#8233);
#2742=VERTEX_POINT('',#8238);
#2743=VERTEX_POINT('',#8239);
#2744=VERTEX_POINT('',#8244);
#2745=VERTEX_POINT('',#8245);
#2746=VERTEX_POINT('',#8253);
#2747=VERTEX_POINT('',#8255);
#2748=VERTEX_POINT('',#8259);
#2749=VERTEX_POINT('',#8263);
#2750=VERTEX_POINT('',#8267);
#2751=VERTEX_POINT('',#8271);
#2752=VERTEX_POINT('',#8273);
#2753=VERTEX_POINT('',#8275);
#2754=VERTEX_POINT('',#8277);
#2755=VERTEX_POINT('',#8280);
#2756=VERTEX_POINT('',#8282);
#2757=VERTEX_POINT('',#8286);
#2758=VERTEX_POINT('',#8290);
#2759=VERTEX_POINT('',#8293);
#2760=VERTEX_POINT('',#8295);
#2761=VERTEX_POINT('',#8299);
#2762=VERTEX_POINT('',#8303);
#2763=VERTEX_POINT('',#8306);
#2764=VERTEX_POINT('',#8308);
#2765=VERTEX_POINT('',#8312);
#2766=VERTEX_POINT('',#8316);
#2767=VERTEX_POINT('',#8319);
#2768=VERTEX_POINT('',#8321);
#2769=VERTEX_POINT('',#8325);
#2770=VERTEX_POINT('',#8329);
#2771=VERTEX_POINT('',#8332);
#2772=VERTEX_POINT('',#8338);
#2773=VERTEX_POINT('',#8344);
#2774=VERTEX_POINT('',#8350);
#2775=VERTEX_POINT('',#8356);
#2776=VERTEX_POINT('',#8358);
#2777=VERTEX_POINT('',#8364);
#2778=VERTEX_POINT('',#8375);
#2779=VERTEX_POINT('',#8376);
#2780=VERTEX_POINT('',#8382);
#2781=VERTEX_POINT('',#8384);
#2782=VERTEX_POINT('',#8390);
#2783=VERTEX_POINT('',#8396);
#2784=VERTEX_POINT('',#8402);
#2785=VERTEX_POINT('',#8408);
#2786=VERTEX_POINT('',#8414);
#2787=VERTEX_POINT('',#8420);
#2788=VERTEX_POINT('',#8426);
#2789=VERTEX_POINT('',#8432);
#2790=VERTEX_POINT('',#8438);
#2791=VERTEX_POINT('',#8444);
#2792=VERTEX_POINT('',#8450);
#2793=VERTEX_POINT('',#8456);
#2794=VERTEX_POINT('',#8458);
#2795=VERTEX_POINT('',#8464);
#2796=VERTEX_POINT('',#8470);
#2797=VERTEX_POINT('',#8476);
#2798=VERTEX_POINT('',#8482);
#2799=VERTEX_POINT('',#8488);
#2800=VERTEX_POINT('',#8494);
#2801=VERTEX_POINT('',#8500);
#2802=VERTEX_POINT('',#8506);
#2803=VERTEX_POINT('',#8512);
#2804=VERTEX_POINT('',#8524);
#2805=VERTEX_POINT('',#8526);
#2806=VERTEX_POINT('',#8539);
#2807=VERTEX_POINT('',#8556);
#2808=VERTEX_POINT('',#8573);
#2809=VERTEX_POINT('',#8590);
#2810=VERTEX_POINT('',#8607);
#2811=VERTEX_POINT('',#8624);
#2812=VERTEX_POINT('',#8641);
#2813=VERTEX_POINT('',#8658);
#2814=VERTEX_POINT('',#8675);
#2815=VERTEX_POINT('',#8692);
#2816=VERTEX_POINT('',#8709);
#2817=VERTEX_POINT('',#8726);
#2818=VERTEX_POINT('',#8734);
#2819=VERTEX_POINT('',#8747);
#2820=VERTEX_POINT('',#8764);
#2821=VERTEX_POINT('',#8781);
#2822=VERTEX_POINT('',#8798);
#2823=VERTEX_POINT('',#8815);
#2824=VERTEX_POINT('',#8832);
#2825=VERTEX_POINT('',#8849);
#2826=VERTEX_POINT('',#8866);
#2827=VERTEX_POINT('',#8883);
#2828=VERTEX_POINT('',#8900);
#2829=VERTEX_POINT('',#8917);
#2830=VERTEX_POINT('',#8941);
#2831=VERTEX_POINT('',#8942);
#2832=VERTEX_POINT('',#8944);
#2833=VERTEX_POINT('',#8946);
#2834=VERTEX_POINT('',#8950);
#2835=VERTEX_POINT('',#8952);
#2836=VERTEX_POINT('',#8956);
#2837=VERTEX_POINT('',#8958);
#2838=VERTEX_POINT('',#8967);
#2839=VERTEX_POINT('',#8968);
#2840=VERTEX_POINT('',#8970);
#2841=VERTEX_POINT('',#8972);
#2842=VERTEX_POINT('',#8976);
#2843=VERTEX_POINT('',#8978);
#2844=VERTEX_POINT('',#8982);
#2845=VERTEX_POINT('',#8984);
#2846=VERTEX_POINT('',#8993);
#2847=VERTEX_POINT('',#8994);
#2848=VERTEX_POINT('',#8996);
#2849=VERTEX_POINT('',#8998);
#2850=VERTEX_POINT('',#9002);
#2851=VERTEX_POINT('',#9004);
#2852=VERTEX_POINT('',#9008);
#2853=VERTEX_POINT('',#9010);
#2854=VERTEX_POINT('',#9019);
#2855=VERTEX_POINT('',#9020);
#2856=VERTEX_POINT('',#9022);
#2857=VERTEX_POINT('',#9024);
#2858=VERTEX_POINT('',#9028);
#2859=VERTEX_POINT('',#9030);
#2860=VERTEX_POINT('',#9034);
#2861=VERTEX_POINT('',#9036);
#2862=VERTEX_POINT('',#9045);
#2863=VERTEX_POINT('',#9046);
#2864=VERTEX_POINT('',#9048);
#2865=VERTEX_POINT('',#9050);
#2866=VERTEX_POINT('',#9052);
#2867=VERTEX_POINT('',#9058);
#2868=VERTEX_POINT('',#9064);
#2869=VERTEX_POINT('',#9070);
#2870=VERTEX_POINT('',#9076);
#2871=VERTEX_POINT('',#9082);
#2872=VERTEX_POINT('',#9088);
#2873=VERTEX_POINT('',#9094);
#2874=VERTEX_POINT('',#9100);
#2875=VERTEX_POINT('',#9102);
#2876=VERTEX_POINT('',#9108);
#2877=VERTEX_POINT('',#9114);
#2878=VERTEX_POINT('',#9120);
#2879=VERTEX_POINT('',#9126);
#2880=VERTEX_POINT('',#9132);
#2881=VERTEX_POINT('',#9138);
#2882=VERTEX_POINT('',#9144);
#2883=VERTEX_POINT('',#9156);
#2884=VERTEX_POINT('',#9158);
#2885=VERTEX_POINT('',#9162);
#2886=VERTEX_POINT('',#9175);
#2887=VERTEX_POINT('',#9192);
#2888=VERTEX_POINT('',#9209);
#2889=VERTEX_POINT('',#9226);
#2890=VERTEX_POINT('',#9243);
#2891=VERTEX_POINT('',#9260);
#2892=VERTEX_POINT('',#9277);
#2893=VERTEX_POINT('',#9294);
#2894=VERTEX_POINT('',#9302);
#2895=VERTEX_POINT('',#9315);
#2896=VERTEX_POINT('',#9332);
#2897=VERTEX_POINT('',#9349);
#2898=VERTEX_POINT('',#9366);
#2899=VERTEX_POINT('',#9383);
#2900=VERTEX_POINT('',#9400);
#2901=VERTEX_POINT('',#9417);
#2902=VERTEX_POINT('',#9434);
#2903=VERTEX_POINT('',#9451);
#2904=VERTEX_POINT('',#9462);
#2905=VERTEX_POINT('',#9463);
#2906=VERTEX_POINT('',#9465);
#2907=VERTEX_POINT('',#9467);
#2908=VERTEX_POINT('',#9469);
#2909=VERTEX_POINT('',#9475);
#2910=VERTEX_POINT('',#9481);
#2911=VERTEX_POINT('',#9487);
#2912=VERTEX_POINT('',#9493);
#2913=VERTEX_POINT('',#9499);
#2914=VERTEX_POINT('',#9505);
#2915=VERTEX_POINT('',#9511);
#2916=VERTEX_POINT('',#9517);
#2917=VERTEX_POINT('',#9520);
#2918=VERTEX_POINT('',#9521);
#2919=VERTEX_POINT('',#9527);
#2920=VERTEX_POINT('',#9533);
#2921=VERTEX_POINT('',#9539);
#2922=VERTEX_POINT('',#9545);
#2923=VERTEX_POINT('',#9551);
#2924=VERTEX_POINT('',#9557);
#2925=VERTEX_POINT('',#9578);
#2926=VERTEX_POINT('',#9580);
#2927=VERTEX_POINT('',#9597);
#2928=VERTEX_POINT('',#9614);
#2929=VERTEX_POINT('',#9631);
#2930=VERTEX_POINT('',#9648);
#2931=VERTEX_POINT('',#9665);
#2932=VERTEX_POINT('',#9682);
#2933=VERTEX_POINT('',#9705);
#2934=VERTEX_POINT('',#9707);
#2935=VERTEX_POINT('',#9711);
#2936=VERTEX_POINT('',#9724);
#2937=VERTEX_POINT('',#9741);
#2938=VERTEX_POINT('',#9758);
#2939=VERTEX_POINT('',#9775);
#2940=VERTEX_POINT('',#9792);
#2941=VERTEX_POINT('',#9809);
#2942=VERTEX_POINT('',#9826);
#2943=VERTEX_POINT('',#9843);
#2944=VERTEX_POINT('',#9851);
#2945=VERTEX_POINT('',#9855);
#2946=VERTEX_POINT('',#9862);
#2947=VERTEX_POINT('',#9863);
#2948=VERTEX_POINT('',#9869);
#2949=VERTEX_POINT('',#9871);
#2950=VERTEX_POINT('',#9877);
#2951=VERTEX_POINT('',#9883);
#2952=VERTEX_POINT('',#9889);
#2953=VERTEX_POINT('',#9895);
#2954=VERTEX_POINT('',#9901);
#2955=VERTEX_POINT('',#9903);
#2956=VERTEX_POINT('',#9909);
#2957=VERTEX_POINT('',#9915);
#2958=VERTEX_POINT('',#9917);
#2959=VERTEX_POINT('',#9923);
#2960=VERTEX_POINT('',#9929);
#2961=VERTEX_POINT('',#9935);
#2962=VERTEX_POINT('',#9941);
#2963=VERTEX_POINT('',#9947);
#2964=VERTEX_POINT('',#9953);
#2965=VERTEX_POINT('',#9959);
#2966=VERTEX_POINT('',#9965);
#2967=VERTEX_POINT('',#9971);
#2968=VERTEX_POINT('',#9977);
#2969=VERTEX_POINT('',#9979);
#2970=VERTEX_POINT('',#9985);
#2971=VERTEX_POINT('',#9996);
#2972=VERTEX_POINT('',#9997);
#2973=VERTEX_POINT('',#9999);
#2974=VERTEX_POINT('',#10005);
#2975=VERTEX_POINT('',#10011);
#2976=VERTEX_POINT('',#10017);
#2977=VERTEX_POINT('',#10023);
#2978=VERTEX_POINT('',#10029);
#2979=VERTEX_POINT('',#10035);
#2980=VERTEX_POINT('',#10056);
#2981=VERTEX_POINT('',#10058);
#2982=VERTEX_POINT('',#10075);
#2983=VERTEX_POINT('',#10092);
#2984=VERTEX_POINT('',#10109);
#2985=VERTEX_POINT('',#10126);
#2986=VERTEX_POINT('',#10143);
#2987=VERTEX_POINT('',#10160);
#2988=VERTEX_POINT('',#10177);
#2989=VERTEX_POINT('',#10187);
#2990=VERTEX_POINT('',#10189);
#2991=VERTEX_POINT('',#10202);
#2992=VERTEX_POINT('',#10219);
#2993=VERTEX_POINT('',#10236);
#2994=VERTEX_POINT('',#10253);
#2995=VERTEX_POINT('',#10270);
#2996=VERTEX_POINT('',#10278);
#2997=VERTEX_POINT('',#10291);
#2998=VERTEX_POINT('',#10308);
#2999=VERTEX_POINT('',#10316);
#3000=VERTEX_POINT('',#10329);
#3001=VERTEX_POINT('',#10346);
#3002=VERTEX_POINT('',#10363);
#3003=VERTEX_POINT('',#10380);
#3004=VERTEX_POINT('',#10397);
#3005=VERTEX_POINT('',#10414);
#3006=VERTEX_POINT('',#10431);
#3007=VERTEX_POINT('',#10448);
#3008=VERTEX_POINT('',#10465);
#3009=VERTEX_POINT('',#10482);
#3010=VERTEX_POINT('',#10490);
#3011=VERTEX_POINT('',#10503);
#3012=VERTEX_POINT('',#10520);
#3013=VERTEX_POINT('',#10537);
#3014=VERTEX_POINT('',#10561);
#3015=VERTEX_POINT('',#10562);
#3016=VERTEX_POINT('',#10564);
#3017=VERTEX_POINT('',#10566);
#3018=VERTEX_POINT('',#10568);
#3019=VERTEX_POINT('',#10574);
#3020=VERTEX_POINT('',#10580);
#3021=VERTEX_POINT('',#10586);
#3022=VERTEX_POINT('',#10592);
#3023=VERTEX_POINT('',#10598);
#3024=VERTEX_POINT('',#10604);
#3025=VERTEX_POINT('',#10610);
#3026=VERTEX_POINT('',#10613);
#3027=VERTEX_POINT('',#10614);
#3028=VERTEX_POINT('',#10620);
#3029=VERTEX_POINT('',#10626);
#3030=VERTEX_POINT('',#10632);
#3031=VERTEX_POINT('',#10638);
#3032=VERTEX_POINT('',#10644);
#3033=VERTEX_POINT('',#10650);
#3034=VERTEX_POINT('',#10671);
#3035=VERTEX_POINT('',#10673);
#3036=VERTEX_POINT('',#10690);
#3037=VERTEX_POINT('',#10707);
#3038=VERTEX_POINT('',#10724);
#3039=VERTEX_POINT('',#10741);
#3040=VERTEX_POINT('',#10758);
#3041=VERTEX_POINT('',#10775);
#3042=VERTEX_POINT('',#10798);
#3043=VERTEX_POINT('',#10800);
#3044=VERTEX_POINT('',#10804);
#3045=VERTEX_POINT('',#10817);
#3046=VERTEX_POINT('',#10834);
#3047=VERTEX_POINT('',#10851);
#3048=VERTEX_POINT('',#10868);
#3049=VERTEX_POINT('',#10885);
#3050=VERTEX_POINT('',#10902);
#3051=VERTEX_POINT('',#10919);
#3052=VERTEX_POINT('',#10927);
#3053=VERTEX_POINT('',#10931);
#3054=VERTEX_POINT('',#10938);
#3055=VERTEX_POINT('',#10939);
#3056=VERTEX_POINT('',#10941);
#3057=VERTEX_POINT('',#10943);
#3058=VERTEX_POINT('',#10945);
#3059=VERTEX_POINT('',#10951);
#3060=VERTEX_POINT('',#10957);
#3061=VERTEX_POINT('',#10963);
#3062=VERTEX_POINT('',#10969);
#3063=VERTEX_POINT('',#10975);
#3064=VERTEX_POINT('',#10981);
#3065=VERTEX_POINT('',#10987);
#3066=VERTEX_POINT('',#10993);
#3067=VERTEX_POINT('',#10996);
#3068=VERTEX_POINT('',#10997);
#3069=VERTEX_POINT('',#11003);
#3070=VERTEX_POINT('',#11009);
#3071=VERTEX_POINT('',#11015);
#3072=VERTEX_POINT('',#11021);
#3073=VERTEX_POINT('',#11027);
#3074=VERTEX_POINT('',#11033);
#3075=VERTEX_POINT('',#11054);
#3076=VERTEX_POINT('',#11056);
#3077=VERTEX_POINT('',#11073);
#3078=VERTEX_POINT('',#11090);
#3079=VERTEX_POINT('',#11107);
#3080=VERTEX_POINT('',#11124);
#3081=VERTEX_POINT('',#11141);
#3082=VERTEX_POINT('',#11158);
#3083=VERTEX_POINT('',#11181);
#3084=VERTEX_POINT('',#11183);
#3085=VERTEX_POINT('',#11187);
#3086=VERTEX_POINT('',#11200);
#3087=VERTEX_POINT('',#11217);
#3088=VERTEX_POINT('',#11234);
#3089=VERTEX_POINT('',#11251);
#3090=VERTEX_POINT('',#11268);
#3091=VERTEX_POINT('',#11285);
#3092=VERTEX_POINT('',#11302);
#3093=VERTEX_POINT('',#11319);
#3094=VERTEX_POINT('',#11327);
#3095=VERTEX_POINT('',#11331);
#3096=VERTEX_POINT('',#11338);
#3097=VERTEX_POINT('',#11339);
#3098=VERTEX_POINT('',#11341);
#3099=VERTEX_POINT('',#11343);
#3100=VERTEX_POINT('',#11347);
#3101=VERTEX_POINT('',#11349);
#3102=VERTEX_POINT('',#11353);
#3103=VERTEX_POINT('',#11357);
#3104=VERTEX_POINT('',#11364);
#3105=VERTEX_POINT('',#11365);
#3106=VERTEX_POINT('',#11371);
#3107=VERTEX_POINT('',#11373);
#3108=VERTEX_POINT('',#11379);
#3109=VERTEX_POINT('',#11385);
#3110=VERTEX_POINT('',#11391);
#3111=VERTEX_POINT('',#11397);
#3112=VERTEX_POINT('',#11403);
#3113=VERTEX_POINT('',#11405);
#3114=VERTEX_POINT('',#11411);
#3115=VERTEX_POINT('',#11417);
#3116=VERTEX_POINT('',#11419);
#3117=VERTEX_POINT('',#11425);
#3118=VERTEX_POINT('',#11431);
#3119=VERTEX_POINT('',#11437);
#3120=VERTEX_POINT('',#11443);
#3121=VERTEX_POINT('',#11449);
#3122=VERTEX_POINT('',#11455);
#3123=VERTEX_POINT('',#11461);
#3124=VERTEX_POINT('',#11467);
#3125=VERTEX_POINT('',#11473);
#3126=VERTEX_POINT('',#11479);
#3127=VERTEX_POINT('',#11481);
#3128=VERTEX_POINT('',#11487);
#3129=VERTEX_POINT('',#11498);
#3130=VERTEX_POINT('',#11499);
#3131=VERTEX_POINT('',#11501);
#3132=VERTEX_POINT('',#11507);
#3133=VERTEX_POINT('',#11513);
#3134=VERTEX_POINT('',#11519);
#3135=VERTEX_POINT('',#11525);
#3136=VERTEX_POINT('',#11531);
#3137=VERTEX_POINT('',#11537);
#3138=VERTEX_POINT('',#11558);
#3139=VERTEX_POINT('',#11560);
#3140=VERTEX_POINT('',#11577);
#3141=VERTEX_POINT('',#11594);
#3142=VERTEX_POINT('',#11611);
#3143=VERTEX_POINT('',#11628);
#3144=VERTEX_POINT('',#11645);
#3145=VERTEX_POINT('',#11662);
#3146=VERTEX_POINT('',#11679);
#3147=VERTEX_POINT('',#11689);
#3148=VERTEX_POINT('',#11691);
#3149=VERTEX_POINT('',#11704);
#3150=VERTEX_POINT('',#11721);
#3151=VERTEX_POINT('',#11738);
#3152=VERTEX_POINT('',#11755);
#3153=VERTEX_POINT('',#11772);
#3154=VERTEX_POINT('',#11780);
#3155=VERTEX_POINT('',#11793);
#3156=VERTEX_POINT('',#11810);
#3157=VERTEX_POINT('',#11818);
#3158=VERTEX_POINT('',#11831);
#3159=VERTEX_POINT('',#11848);
#3160=VERTEX_POINT('',#11865);
#3161=VERTEX_POINT('',#11882);
#3162=VERTEX_POINT('',#11899);
#3163=VERTEX_POINT('',#11916);
#3164=VERTEX_POINT('',#11933);
#3165=VERTEX_POINT('',#11950);
#3166=VERTEX_POINT('',#11967);
#3167=VERTEX_POINT('',#11984);
#3168=VERTEX_POINT('',#11992);
#3169=VERTEX_POINT('',#12005);
#3170=VERTEX_POINT('',#12022);
#3171=VERTEX_POINT('',#12039);
#3172=VERTEX_POINT('',#12063);
#3173=VERTEX_POINT('',#12064);
#3174=VERTEX_POINT('',#12070);
#3175=VERTEX_POINT('',#12072);
#3176=VERTEX_POINT('',#12078);
#3177=VERTEX_POINT('',#12084);
#3178=VERTEX_POINT('',#12090);
#3179=VERTEX_POINT('',#12096);
#3180=VERTEX_POINT('',#12102);
#3181=VERTEX_POINT('',#12108);
#3182=VERTEX_POINT('',#12114);
#3183=VERTEX_POINT('',#12116);
#3184=VERTEX_POINT('',#12122);
#3185=VERTEX_POINT('',#12128);
#3186=VERTEX_POINT('',#12134);
#3187=VERTEX_POINT('',#12140);
#3188=VERTEX_POINT('',#12146);
#3189=VERTEX_POINT('',#12152);
#3190=VERTEX_POINT('',#12154);
#3191=VERTEX_POINT('',#12160);
#3192=VERTEX_POINT('',#12166);
#3193=VERTEX_POINT('',#12172);
#3194=VERTEX_POINT('',#12178);
#3195=VERTEX_POINT('',#12184);
#3196=VERTEX_POINT('',#12190);
#3197=VERTEX_POINT('',#12196);
#3198=VERTEX_POINT('',#12202);
#3199=VERTEX_POINT('',#12208);
#3200=VERTEX_POINT('',#12220);
#3201=VERTEX_POINT('',#12222);
#3202=VERTEX_POINT('',#12235);
#3203=VERTEX_POINT('',#12252);
#3204=VERTEX_POINT('',#12269);
#3205=VERTEX_POINT('',#12286);
#3206=VERTEX_POINT('',#12303);
#3207=VERTEX_POINT('',#12320);
#3208=VERTEX_POINT('',#12337);
#3209=VERTEX_POINT('',#12345);
#3210=VERTEX_POINT('',#12358);
#3211=VERTEX_POINT('',#12375);
#3212=VERTEX_POINT('',#12392);
#3213=VERTEX_POINT('',#12409);
#3214=VERTEX_POINT('',#12426);
#3215=VERTEX_POINT('',#12443);
#3216=VERTEX_POINT('',#12451);
#3217=VERTEX_POINT('',#12464);
#3218=VERTEX_POINT('',#12481);
#3219=VERTEX_POINT('',#12498);
#3220=VERTEX_POINT('',#12515);
#3221=VERTEX_POINT('',#12532);
#3222=VERTEX_POINT('',#12549);
#3223=VERTEX_POINT('',#12566);
#3224=VERTEX_POINT('',#12583);
#3225=VERTEX_POINT('',#12600);
#3226=VERTEX_POINT('',#12617);
#3227=VERTEX_POINT('',#12634);
#3228=VERTEX_POINT('',#12658);
#3229=VERTEX_POINT('',#12659);
#3230=VERTEX_POINT('',#12661);
#3231=VERTEX_POINT('',#12663);
#3232=VERTEX_POINT('',#12665);
#3233=VERTEX_POINT('',#12667);
#3234=VERTEX_POINT('',#12673);
#3235=VERTEX_POINT('',#12679);
#3236=VERTEX_POINT('',#12685);
#3237=VERTEX_POINT('',#12691);
#3238=VERTEX_POINT('',#12697);
#3239=VERTEX_POINT('',#12703);
#3240=VERTEX_POINT('',#12710);
#3241=VERTEX_POINT('',#12711);
#3242=VERTEX_POINT('',#12717);
#3243=VERTEX_POINT('',#12723);
#3244=VERTEX_POINT('',#12729);
#3245=VERTEX_POINT('',#12735);
#3246=VERTEX_POINT('',#12741);
#3247=VERTEX_POINT('',#12747);
#3248=VERTEX_POINT('',#12768);
#3249=VERTEX_POINT('',#12770);
#3250=VERTEX_POINT('',#12787);
#3251=VERTEX_POINT('',#12804);
#3252=VERTEX_POINT('',#12821);
#3253=VERTEX_POINT('',#12838);
#3254=VERTEX_POINT('',#12855);
#3255=VERTEX_POINT('',#12872);
#3256=VERTEX_POINT('',#12895);
#3257=VERTEX_POINT('',#12897);
#3258=VERTEX_POINT('',#12901);
#3259=VERTEX_POINT('',#12905);
#3260=VERTEX_POINT('',#12918);
#3261=VERTEX_POINT('',#12935);
#3262=VERTEX_POINT('',#12952);
#3263=VERTEX_POINT('',#12969);
#3264=VERTEX_POINT('',#12986);
#3265=VERTEX_POINT('',#13003);
#3266=VERTEX_POINT('',#13020);
#3267=VERTEX_POINT('',#13028);
#3268=VERTEX_POINT('',#13035);
#3269=VERTEX_POINT('',#13036);
#3270=VERTEX_POINT('',#13038);
#3271=VERTEX_POINT('',#13040);
#3272=VERTEX_POINT('',#13042);
#3273=VERTEX_POINT('',#13044);
#3274=VERTEX_POINT('',#13046);
#3275=VERTEX_POINT('',#13052);
#3276=VERTEX_POINT('',#13058);
#3277=VERTEX_POINT('',#13064);
#3278=VERTEX_POINT('',#13066);
#3279=VERTEX_POINT('',#13072);
#3280=VERTEX_POINT('',#13078);
#3281=VERTEX_POINT('',#13090);
#3282=VERTEX_POINT('',#13092);
#3283=VERTEX_POINT('',#13096);
#3284=VERTEX_POINT('',#13100);
#3285=VERTEX_POINT('',#13104);
#3286=VERTEX_POINT('',#13117);
#3287=VERTEX_POINT('',#13134);
#3288=VERTEX_POINT('',#13151);
#3289=VERTEX_POINT('',#13159);
#3290=VERTEX_POINT('',#13172);
#3291=VERTEX_POINT('',#13189);
#3292=VERTEX_POINT('',#13206);
#3293=VERTEX_POINT('',#13223);
#3294=VERTEX_POINT('',#13234);
#3295=VERTEX_POINT('',#13235);
#3296=VERTEX_POINT('',#13241);
#3297=VERTEX_POINT('',#13247);
#3298=VERTEX_POINT('',#13253);
#3299=VERTEX_POINT('',#13259);
#3300=VERTEX_POINT('',#13265);
#3301=VERTEX_POINT('',#13271);
#3302=VERTEX_POINT('',#13277);
#3303=VERTEX_POINT('',#13283);
#3304=VERTEX_POINT('',#13294);
#3305=VERTEX_POINT('',#13295);
#3306=VERTEX_POINT('',#13301);
#3307=VERTEX_POINT('',#13307);
#3308=VERTEX_POINT('',#13313);
#3309=VERTEX_POINT('',#13319);
#3310=VERTEX_POINT('',#13325);
#3311=VERTEX_POINT('',#13331);
#3312=VERTEX_POINT('',#13352);
#3313=VERTEX_POINT('',#13354);
#3314=VERTEX_POINT('',#13371);
#3315=VERTEX_POINT('',#13388);
#3316=VERTEX_POINT('',#13405);
#3317=VERTEX_POINT('',#13422);
#3318=VERTEX_POINT('',#13439);
#3319=VERTEX_POINT('',#13456);
#3320=VERTEX_POINT('',#13488);
#3321=VERTEX_POINT('',#13490);
#3322=VERTEX_POINT('',#13507);
#3323=VERTEX_POINT('',#13524);
#3324=VERTEX_POINT('',#13541);
#3325=VERTEX_POINT('',#13558);
#3326=VERTEX_POINT('',#13575);
#3327=VERTEX_POINT('',#13592);
#3328=VERTEX_POINT('',#13609);
#3329=VERTEX_POINT('',#13626);
#3330=VERTEX_POINT('',#13650);
#3331=VERTEX_POINT('',#13651);
#3332=VERTEX_POINT('',#13653);
#3333=VERTEX_POINT('',#13655);
#3334=VERTEX_POINT('',#13659);
#3335=VERTEX_POINT('',#13661);
#3336=VERTEX_POINT('',#13665);
#3337=VERTEX_POINT('',#13669);
#3338=VERTEX_POINT('',#13676);
#3339=VERTEX_POINT('',#13677);
#3340=VERTEX_POINT('',#13679);
#3341=VERTEX_POINT('',#13681);
#3342=VERTEX_POINT('',#13683);
#3343=VERTEX_POINT('',#13689);
#3344=VERTEX_POINT('',#13695);
#3345=VERTEX_POINT('',#13701);
#3346=VERTEX_POINT('',#13707);
#3347=VERTEX_POINT('',#13713);
#3348=VERTEX_POINT('',#13719);
#3349=VERTEX_POINT('',#13725);
#3350=VERTEX_POINT('',#13731);
#3351=VERTEX_POINT('',#13734);
#3352=VERTEX_POINT('',#13735);
#3353=VERTEX_POINT('',#13741);
#3354=VERTEX_POINT('',#13747);
#3355=VERTEX_POINT('',#13753);
#3356=VERTEX_POINT('',#13759);
#3357=VERTEX_POINT('',#13765);
#3358=VERTEX_POINT('',#13771);
#3359=VERTEX_POINT('',#13792);
#3360=VERTEX_POINT('',#13794);
#3361=VERTEX_POINT('',#13811);
#3362=VERTEX_POINT('',#13828);
#3363=VERTEX_POINT('',#13845);
#3364=VERTEX_POINT('',#13862);
#3365=VERTEX_POINT('',#13879);
#3366=VERTEX_POINT('',#13896);
#3367=VERTEX_POINT('',#13919);
#3368=VERTEX_POINT('',#13921);
#3369=VERTEX_POINT('',#13925);
#3370=VERTEX_POINT('',#13938);
#3371=VERTEX_POINT('',#13955);
#3372=VERTEX_POINT('',#13972);
#3373=VERTEX_POINT('',#13989);
#3374=VERTEX_POINT('',#14006);
#3375=VERTEX_POINT('',#14023);
#3376=VERTEX_POINT('',#14040);
#3377=VERTEX_POINT('',#14057);
#3378=VERTEX_POINT('',#14065);
#3379=VERTEX_POINT('',#14069);
#3380=VERTEX_POINT('',#14076);
#3381=VERTEX_POINT('',#14077);
#3382=VERTEX_POINT('',#14083);
#3383=VERTEX_POINT('',#14085);
#3384=VERTEX_POINT('',#14091);
#3385=VERTEX_POINT('',#14097);
#3386=VERTEX_POINT('',#14103);
#3387=VERTEX_POINT('',#14109);
#3388=VERTEX_POINT('',#14115);
#3389=VERTEX_POINT('',#14121);
#3390=VERTEX_POINT('',#14127);
#3391=VERTEX_POINT('',#14133);
#3392=VERTEX_POINT('',#14135);
#3393=VERTEX_POINT('',#14141);
#3394=VERTEX_POINT('',#14152);
#3395=VERTEX_POINT('',#14153);
#3396=VERTEX_POINT('',#14155);
#3397=VERTEX_POINT('',#14161);
#3398=VERTEX_POINT('',#14167);
#3399=VERTEX_POINT('',#14188);
#3400=VERTEX_POINT('',#14190);
#3401=VERTEX_POINT('',#14207);
#3402=VERTEX_POINT('',#14224);
#3403=VERTEX_POINT('',#14241);
#3404=VERTEX_POINT('',#14251);
#3405=VERTEX_POINT('',#14253);
#3406=VERTEX_POINT('',#14266);
#3407=VERTEX_POINT('',#14283);
#3408=VERTEX_POINT('',#14300);
#3409=VERTEX_POINT('',#14317);
#3410=VERTEX_POINT('',#14334);
#3411=VERTEX_POINT('',#14351);
#3412=VERTEX_POINT('',#14368);
#3413=VERTEX_POINT('',#14385);
#3414=VERTEX_POINT('',#14393);
#3415=VERTEX_POINT('',#14406);
#3416=VERTEX_POINT('',#14423);
#3417=VERTEX_POINT('',#14440);
#3418=EDGE_CURVE('',#2730,#2731,#1694,.T.);
#3419=EDGE_CURVE('',#2731,#2732,#1695,.T.);
#3420=EDGE_CURVE('',#2732,#2733,#1696,.T.);
#3421=EDGE_CURVE('',#2733,#2730,#1697,.T.);
#3422=EDGE_CURVE('',#2734,#2735,#1698,.T.);
#3423=EDGE_CURVE('',#2735,#2731,#820,.T.);
#3424=EDGE_CURVE('',#2730,#2734,#821,.T.);
#3425=EDGE_CURVE('',#2736,#2737,#1699,.T.);
#3426=EDGE_CURVE('',#2737,#2735,#1700,.T.);
#3427=EDGE_CURVE('',#2734,#2736,#1701,.T.);
#3428=EDGE_CURVE('',#2738,#2739,#1702,.T.);
#3429=EDGE_CURVE('',#2739,#2737,#822,.T.);
#3430=EDGE_CURVE('',#2736,#2738,#823,.T.);
#3431=EDGE_CURVE('',#2740,#2741,#1703,.T.);
#3432=EDGE_CURVE('',#2741,#2739,#1704,.T.);
#3433=EDGE_CURVE('',#2738,#2740,#1705,.T.);
#3434=EDGE_CURVE('',#2742,#2743,#1706,.T.);
#3435=EDGE_CURVE('',#2743,#2741,#824,.T.);
#3436=EDGE_CURVE('',#2740,#2742,#825,.T.);
#3437=EDGE_CURVE('',#2744,#2745,#1707,.T.);
#3438=EDGE_CURVE('',#2745,#2743,#1708,.T.);
#3439=EDGE_CURVE('',#2742,#2744,#1709,.T.);
#3440=EDGE_CURVE('',#2732,#2745,#826,.T.);
#3441=EDGE_CURVE('',#2744,#2733,#827,.T.);
#3442=EDGE_CURVE('',#2743,#2746,#1710,.T.);
#3443=EDGE_CURVE('',#2746,#2747,#828,.T.);
#3444=EDGE_CURVE('',#2747,#2741,#1711,.T.);
#3445=EDGE_CURVE('',#2748,#2745,#1712,.T.);
#3446=EDGE_CURVE('',#2746,#2748,#1713,.T.);
#3447=EDGE_CURVE('',#2732,#2749,#1714,.T.);
#3448=EDGE_CURVE('',#2749,#2748,#829,.T.);
#3449=EDGE_CURVE('',#2750,#2731,#1715,.T.);
#3450=EDGE_CURVE('',#2749,#2750,#1716,.T.);
#3451=EDGE_CURVE('',#2751,#2751,#830,.T.);
#3452=EDGE_CURVE('',#2752,#2752,#831,.T.);
#3453=EDGE_CURVE('',#2753,#2753,#832,.T.);
#3454=EDGE_CURVE('',#2754,#2754,#833,.T.);
#3455=EDGE_CURVE('',#2755,#2755,#834,.T.);
#3456=EDGE_CURVE('',#2755,#2756,#1717,.T.);
#3457=EDGE_CURVE('',#2756,#2756,#835,.T.);
#3458=EDGE_CURVE('',#2756,#2757,#1718,.T.);
#3459=EDGE_CURVE('',#2757,#2757,#836,.T.);
#3460=EDGE_CURVE('',#2758,#2758,#837,.T.);
#3461=EDGE_CURVE('',#2759,#2759,#838,.T.);
#3462=EDGE_CURVE('',#2759,#2760,#1719,.T.);
#3463=EDGE_CURVE('',#2760,#2760,#839,.T.);
#3464=EDGE_CURVE('',#2760,#2761,#1720,.T.);
#3465=EDGE_CURVE('',#2761,#2761,#840,.T.);
#3466=EDGE_CURVE('',#2762,#2762,#841,.T.);
#3467=EDGE_CURVE('',#2763,#2763,#842,.T.);
#3468=EDGE_CURVE('',#2763,#2764,#1721,.T.);
#3469=EDGE_CURVE('',#2764,#2764,#843,.T.);
#3470=EDGE_CURVE('',#2764,#2765,#1722,.T.);
#3471=EDGE_CURVE('',#2765,#2765,#844,.T.);
#3472=EDGE_CURVE('',#2766,#2766,#845,.T.);
#3473=EDGE_CURVE('',#2767,#2767,#846,.T.);
#3474=EDGE_CURVE('',#2767,#2768,#1723,.T.);
#3475=EDGE_CURVE('',#2768,#2768,#847,.T.);
#3476=EDGE_CURVE('',#2768,#2769,#1724,.T.);
#3477=EDGE_CURVE('',#2769,#2769,#848,.T.);
#3478=EDGE_CURVE('',#2770,#2770,#849,.T.);
#3479=EDGE_CURVE('',#2751,#2771,#1725,.T.);
#3480=EDGE_CURVE('',#2771,#2771,#850,.T.);
#3481=EDGE_CURVE('',#2770,#2771,#1726,.T.);
#3482=EDGE_CURVE('',#2754,#2772,#1727,.T.);
#3483=EDGE_CURVE('',#2772,#2772,#851,.T.);
#3484=EDGE_CURVE('',#2758,#2772,#1728,.T.);
#3485=EDGE_CURVE('',#2752,#2773,#1729,.T.);
#3486=EDGE_CURVE('',#2773,#2773,#852,.T.);
#3487=EDGE_CURVE('',#2762,#2773,#1730,.T.);
#3488=EDGE_CURVE('',#2753,#2774,#1731,.T.);
#3489=EDGE_CURVE('',#2774,#2774,#853,.T.);
#3490=EDGE_CURVE('',#2766,#2774,#1732,.T.);
#3491=EDGE_CURVE('',#2739,#2775,#1733,.T.);
#3492=EDGE_CURVE('',#2775,#2776,#854,.T.);
#3493=EDGE_CURVE('',#2776,#2737,#1734,.T.);
#3494=EDGE_CURVE('',#2775,#2747,#1735,.T.);
#3495=EDGE_CURVE('',#2735,#2777,#1736,.T.);
#3496=EDGE_CURVE('',#2777,#2750,#855,.T.);
#3497=EDGE_CURVE('',#2777,#2776,#1737,.T.);
#3498=EDGE_CURVE('',#2778,#2779,#256,.T.);
#3499=EDGE_CURVE('',#2779,#2780,#1738,.T.);
#3500=EDGE_CURVE('',#2780,#2781,#257,.T.);
#3501=EDGE_CURVE('',#2781,#2782,#258,.T.);
#3502=EDGE_CURVE('',#2782,#2783,#259,.T.);
#3503=EDGE_CURVE('',#2783,#2784,#260,.T.);
#3504=EDGE_CURVE('',#2784,#2785,#261,.T.);
#3505=EDGE_CURVE('',#2785,#2786,#262,.T.);
#3506=EDGE_CURVE('',#2786,#2787,#263,.T.);
#3507=EDGE_CURVE('',#2787,#2788,#264,.T.);
#3508=EDGE_CURVE('',#2788,#2789,#265,.T.);
#3509=EDGE_CURVE('',#2789,#2790,#266,.T.);
#3510=EDGE_CURVE('',#2790,#2791,#267,.T.);
#3511=EDGE_CURVE('',#2791,#2792,#268,.T.);
#3512=EDGE_CURVE('',#2792,#2793,#1739,.T.);
#3513=EDGE_CURVE('',#2793,#2794,#269,.T.);
#3514=EDGE_CURVE('',#2794,#2795,#270,.T.);
#3515=EDGE_CURVE('',#2795,#2796,#271,.T.);
#3516=EDGE_CURVE('',#2796,#2797,#272,.T.);
#3517=EDGE_CURVE('',#2797,#2798,#273,.T.);
#3518=EDGE_CURVE('',#2798,#2799,#274,.T.);
#3519=EDGE_CURVE('',#2799,#2800,#275,.T.);
#3520=EDGE_CURVE('',#2800,#2801,#276,.T.);
#3521=EDGE_CURVE('',#2801,#2802,#277,.T.);
#3522=EDGE_CURVE('',#2802,#2803,#278,.T.);
#3523=EDGE_CURVE('',#2803,#2778,#279,.T.);
#3524=EDGE_CURVE('',#2804,#2779,#1740,.T.);
#3525=EDGE_CURVE('',#2805,#2804,#1741,.T.);
#3526=EDGE_CURVE('',#2780,#2805,#1742,.T.);
#3527=EDGE_CURVE('',#2806,#2805,#280,.T.);
#3528=EDGE_CURVE('',#2781,#2806,#1743,.T.);
#3529=EDGE_CURVE('',#2807,#2806,#281,.T.);
#3530=EDGE_CURVE('',#2782,#2807,#1744,.T.);
#3531=EDGE_CURVE('',#2808,#2807,#282,.T.);
#3532=EDGE_CURVE('',#2783,#2808,#1745,.T.);
#3533=EDGE_CURVE('',#2809,#2808,#283,.T.);
#3534=EDGE_CURVE('',#2784,#2809,#1746,.T.);
#3535=EDGE_CURVE('',#2810,#2809,#284,.T.);
#3536=EDGE_CURVE('',#2785,#2810,#1747,.T.);
#3537=EDGE_CURVE('',#2811,#2810,#285,.T.);
#3538=EDGE_CURVE('',#2786,#2811,#1748,.T.);
#3539=EDGE_CURVE('',#2812,#2811,#286,.T.);
#3540=EDGE_CURVE('',#2787,#2812,#1749,.T.);
#3541=EDGE_CURVE('',#2813,#2812,#287,.T.);
#3542=EDGE_CURVE('',#2788,#2813,#1750,.T.);
#3543=EDGE_CURVE('',#2814,#2813,#288,.T.);
#3544=EDGE_CURVE('',#2789,#2814,#1751,.T.);
#3545=EDGE_CURVE('',#2815,#2814,#289,.T.);
#3546=EDGE_CURVE('',#2790,#2815,#1752,.T.);
#3547=EDGE_CURVE('',#2816,#2815,#290,.T.);
#3548=EDGE_CURVE('',#2791,#2816,#1753,.T.);
#3549=EDGE_CURVE('',#2817,#2816,#291,.T.);
#3550=EDGE_CURVE('',#2792,#2817,#1754,.T.);
#3551=EDGE_CURVE('',#2818,#2817,#1755,.T.);
#3552=EDGE_CURVE('',#2793,#2818,#1756,.T.);
#3553=EDGE_CURVE('',#2819,#2818,#292,.T.);
#3554=EDGE_CURVE('',#2794,#2819,#1757,.T.);
#3555=EDGE_CURVE('',#2820,#2819,#293,.T.);
#3556=EDGE_CURVE('',#2795,#2820,#1758,.T.);
#3557=EDGE_CURVE('',#2821,#2820,#294,.T.);
#3558=EDGE_CURVE('',#2796,#2821,#1759,.T.);
#3559=EDGE_CURVE('',#2822,#2821,#295,.T.);
#3560=EDGE_CURVE('',#2797,#2822,#1760,.T.);
#3561=EDGE_CURVE('',#2823,#2822,#296,.T.);
#3562=EDGE_CURVE('',#2798,#2823,#1761,.T.);
#3563=EDGE_CURVE('',#2824,#2823,#297,.T.);
#3564=EDGE_CURVE('',#2799,#2824,#1762,.T.);
#3565=EDGE_CURVE('',#2825,#2824,#298,.T.);
#3566=EDGE_CURVE('',#2800,#2825,#1763,.T.);
#3567=EDGE_CURVE('',#2826,#2825,#299,.T.);
#3568=EDGE_CURVE('',#2801,#2826,#1764,.T.);
#3569=EDGE_CURVE('',#2827,#2826,#300,.T.);
#3570=EDGE_CURVE('',#2802,#2827,#1765,.T.);
#3571=EDGE_CURVE('',#2828,#2827,#301,.T.);
#3572=EDGE_CURVE('',#2803,#2828,#1766,.T.);
#3573=EDGE_CURVE('',#2829,#2828,#302,.T.);
#3574=EDGE_CURVE('',#2778,#2829,#1767,.T.);
#3575=EDGE_CURVE('',#2804,#2829,#303,.T.);
#3576=EDGE_CURVE('',#2830,#2831,#1768,.T.);
#3577=EDGE_CURVE('',#2831,#2832,#1769,.T.);
#3578=EDGE_CURVE('',#2833,#2832,#1770,.T.);
#3579=EDGE_CURVE('',#2830,#2833,#1771,.T.);
#3580=EDGE_CURVE('',#2832,#2834,#1772,.T.);
#3581=EDGE_CURVE('',#2835,#2834,#1773,.T.);
#3582=EDGE_CURVE('',#2835,#2833,#1774,.T.);
#3583=EDGE_CURVE('',#2830,#2836,#1775,.T.);
#3584=EDGE_CURVE('',#2836,#2837,#1776,.T.);
#3585=EDGE_CURVE('',#2837,#2831,#1777,.T.);
#3586=EDGE_CURVE('',#2837,#2834,#1778,.T.);
#3587=EDGE_CURVE('',#2836,#2835,#1779,.T.);
#3588=EDGE_CURVE('',#2838,#2839,#1780,.T.);
#3589=EDGE_CURVE('',#2839,#2840,#1781,.T.);
#3590=EDGE_CURVE('',#2841,#2840,#1782,.T.);
#3591=EDGE_CURVE('',#2838,#2841,#1783,.T.);
#3592=EDGE_CURVE('',#2840,#2842,#1784,.T.);
#3593=EDGE_CURVE('',#2843,#2842,#1785,.T.);
#3594=EDGE_CURVE('',#2843,#2841,#1786,.T.);
#3595=EDGE_CURVE('',#2838,#2844,#1787,.T.);
#3596=EDGE_CURVE('',#2844,#2845,#1788,.T.);
#3597=EDGE_CURVE('',#2845,#2839,#1789,.T.);
#3598=EDGE_CURVE('',#2845,#2842,#1790,.T.);
#3599=EDGE_CURVE('',#2844,#2843,#1791,.T.);
#3600=EDGE_CURVE('',#2846,#2847,#1792,.T.);
#3601=EDGE_CURVE('',#2847,#2848,#1793,.T.);
#3602=EDGE_CURVE('',#2849,#2848,#1794,.T.);
#3603=EDGE_CURVE('',#2846,#2849,#1795,.T.);
#3604=EDGE_CURVE('',#2848,#2850,#1796,.T.);
#3605=EDGE_CURVE('',#2851,#2850,#1797,.T.);
#3606=EDGE_CURVE('',#2851,#2849,#1798,.T.);
#3607=EDGE_CURVE('',#2846,#2852,#1799,.T.);
#3608=EDGE_CURVE('',#2852,#2853,#1800,.T.);
#3609=EDGE_CURVE('',#2853,#2847,#1801,.T.);
#3610=EDGE_CURVE('',#2853,#2850,#1802,.T.);
#3611=EDGE_CURVE('',#2852,#2851,#1803,.T.);
#3612=EDGE_CURVE('',#2854,#2855,#1804,.T.);
#3613=EDGE_CURVE('',#2855,#2856,#1805,.T.);
#3614=EDGE_CURVE('',#2857,#2856,#1806,.T.);
#3615=EDGE_CURVE('',#2854,#2857,#1807,.T.);
#3616=EDGE_CURVE('',#2856,#2858,#1808,.T.);
#3617=EDGE_CURVE('',#2859,#2858,#1809,.T.);
#3618=EDGE_CURVE('',#2859,#2857,#1810,.T.);
#3619=EDGE_CURVE('',#2854,#2860,#1811,.T.);
#3620=EDGE_CURVE('',#2860,#2861,#1812,.T.);
#3621=EDGE_CURVE('',#2861,#2855,#1813,.T.);
#3622=EDGE_CURVE('',#2861,#2858,#1814,.T.);
#3623=EDGE_CURVE('',#2860,#2859,#1815,.T.);
#3624=EDGE_CURVE('',#2862,#2863,#1816,.T.);
#3625=EDGE_CURVE('',#2863,#2864,#1817,.T.);
#3626=EDGE_CURVE('',#2864,#2865,#1818,.T.);
#3627=EDGE_CURVE('',#2865,#2866,#304,.T.);
#3628=EDGE_CURVE('',#2866,#2867,#305,.T.);
#3629=EDGE_CURVE('',#2867,#2868,#306,.T.);
#3630=EDGE_CURVE('',#2868,#2869,#307,.T.);
#3631=EDGE_CURVE('',#2869,#2870,#308,.T.);
#3632=EDGE_CURVE('',#2870,#2871,#309,.T.);
#3633=EDGE_CURVE('',#2871,#2872,#310,.T.);
#3634=EDGE_CURVE('',#2872,#2873,#311,.T.);
#3635=EDGE_CURVE('',#2873,#2874,#1819,.T.);
#3636=EDGE_CURVE('',#2874,#2875,#312,.T.);
#3637=EDGE_CURVE('',#2875,#2876,#313,.T.);
#3638=EDGE_CURVE('',#2876,#2877,#314,.T.);
#3639=EDGE_CURVE('',#2877,#2878,#315,.T.);
#3640=EDGE_CURVE('',#2878,#2879,#316,.T.);
#3641=EDGE_CURVE('',#2879,#2880,#317,.T.);
#3642=EDGE_CURVE('',#2880,#2881,#318,.T.);
#3643=EDGE_CURVE('',#2881,#2882,#319,.T.);
#3644=EDGE_CURVE('',#2882,#2862,#320,.T.);
#3645=EDGE_CURVE('',#2883,#2863,#1820,.T.);
#3646=EDGE_CURVE('',#2884,#2883,#1821,.T.);
#3647=EDGE_CURVE('',#2864,#2884,#1822,.T.);
#3648=EDGE_CURVE('',#2885,#2884,#1823,.T.);
#3649=EDGE_CURVE('',#2865,#2885,#1824,.T.);
#3650=EDGE_CURVE('',#2886,#2885,#321,.T.);
#3651=EDGE_CURVE('',#2866,#2886,#1825,.T.);
#3652=EDGE_CURVE('',#2887,#2886,#322,.T.);
#3653=EDGE_CURVE('',#2867,#2887,#1826,.T.);
#3654=EDGE_CURVE('',#2888,#2887,#323,.T.);
#3655=EDGE_CURVE('',#2868,#2888,#1827,.T.);
#3656=EDGE_CURVE('',#2889,#2888,#324,.T.);
#3657=EDGE_CURVE('',#2869,#2889,#1828,.T.);
#3658=EDGE_CURVE('',#2890,#2889,#325,.T.);
#3659=EDGE_CURVE('',#2870,#2890,#1829,.T.);
#3660=EDGE_CURVE('',#2891,#2890,#326,.T.);
#3661=EDGE_CURVE('',#2871,#2891,#1830,.T.);
#3662=EDGE_CURVE('',#2892,#2891,#327,.T.);
#3663=EDGE_CURVE('',#2872,#2892,#1831,.T.);
#3664=EDGE_CURVE('',#2893,#2892,#328,.T.);
#3665=EDGE_CURVE('',#2873,#2893,#1832,.T.);
#3666=EDGE_CURVE('',#2894,#2893,#1833,.T.);
#3667=EDGE_CURVE('',#2874,#2894,#1834,.T.);
#3668=EDGE_CURVE('',#2895,#2894,#329,.T.);
#3669=EDGE_CURVE('',#2875,#2895,#1835,.T.);
#3670=EDGE_CURVE('',#2896,#2895,#330,.T.);
#3671=EDGE_CURVE('',#2876,#2896,#1836,.T.);
#3672=EDGE_CURVE('',#2897,#2896,#331,.T.);
#3673=EDGE_CURVE('',#2877,#2897,#1837,.T.);
#3674=EDGE_CURVE('',#2898,#2897,#332,.T.);
#3675=EDGE_CURVE('',#2878,#2898,#1838,.T.);
#3676=EDGE_CURVE('',#2899,#2898,#333,.T.);
#3677=EDGE_CURVE('',#2879,#2899,#1839,.T.);
#3678=EDGE_CURVE('',#2900,#2899,#334,.T.);
#3679=EDGE_CURVE('',#2880,#2900,#1840,.T.);
#3680=EDGE_CURVE('',#2901,#2900,#335,.T.);
#3681=EDGE_CURVE('',#2881,#2901,#1841,.T.);
#3682=EDGE_CURVE('',#2902,#2901,#336,.T.);
#3683=EDGE_CURVE('',#2882,#2902,#1842,.T.);
#3684=EDGE_CURVE('',#2903,#2902,#337,.T.);
#3685=EDGE_CURVE('',#2862,#2903,#1843,.T.);
#3686=EDGE_CURVE('',#2883,#2903,#1844,.T.);
#3687=EDGE_CURVE('',#2904,#2905,#1845,.T.);
#3688=EDGE_CURVE('',#2905,#2906,#1846,.T.);
#3689=EDGE_CURVE('',#2906,#2907,#1847,.T.);
#3690=EDGE_CURVE('',#2907,#2908,#338,.T.);
#3691=EDGE_CURVE('',#2908,#2909,#339,.T.);
#3692=EDGE_CURVE('',#2909,#2910,#340,.T.);
#3693=EDGE_CURVE('',#2910,#2911,#341,.T.);
#3694=EDGE_CURVE('',#2911,#2912,#342,.T.);
#3695=EDGE_CURVE('',#2912,#2913,#343,.T.);
#3696=EDGE_CURVE('',#2913,#2914,#344,.T.);
#3697=EDGE_CURVE('',#2914,#2915,#345,.T.);
#3698=EDGE_CURVE('',#2915,#2916,#1848,.T.);
#3699=EDGE_CURVE('',#2916,#2904,#1849,.T.);
#3700=EDGE_CURVE('',#2917,#2918,#346,.T.);
#3701=EDGE_CURVE('',#2918,#2919,#347,.T.);
#3702=EDGE_CURVE('',#2919,#2920,#348,.T.);
#3703=EDGE_CURVE('',#2920,#2921,#349,.T.);
#3704=EDGE_CURVE('',#2921,#2922,#350,.T.);
#3705=EDGE_CURVE('',#2922,#2923,#351,.T.);
#3706=EDGE_CURVE('',#2923,#2924,#352,.T.);
#3707=EDGE_CURVE('',#2924,#2917,#353,.T.);
#3708=EDGE_CURVE('',#2925,#2918,#1850,.T.);
#3709=EDGE_CURVE('',#2926,#2925,#354,.T.);
#3710=EDGE_CURVE('',#2919,#2926,#1851,.T.);
#3711=EDGE_CURVE('',#2927,#2926,#355,.T.);
#3712=EDGE_CURVE('',#2920,#2927,#1852,.T.);
#3713=EDGE_CURVE('',#2928,#2927,#356,.T.);
#3714=EDGE_CURVE('',#2921,#2928,#1853,.T.);
#3715=EDGE_CURVE('',#2929,#2928,#357,.T.);
#3716=EDGE_CURVE('',#2922,#2929,#1854,.T.);
#3717=EDGE_CURVE('',#2930,#2929,#358,.T.);
#3718=EDGE_CURVE('',#2923,#2930,#1855,.T.);
#3719=EDGE_CURVE('',#2931,#2930,#359,.T.);
#3720=EDGE_CURVE('',#2924,#2931,#1856,.T.);
#3721=EDGE_CURVE('',#2932,#2931,#360,.T.);
#3722=EDGE_CURVE('',#2917,#2932,#1857,.T.);
#3723=EDGE_CURVE('',#2925,#2932,#361,.T.);
#3724=EDGE_CURVE('',#2933,#2905,#1858,.T.);
#3725=EDGE_CURVE('',#2934,#2933,#1859,.T.);
#3726=EDGE_CURVE('',#2906,#2934,#1860,.T.);
#3727=EDGE_CURVE('',#2935,#2934,#1861,.T.);
#3728=EDGE_CURVE('',#2907,#2935,#1862,.T.);
#3729=EDGE_CURVE('',#2936,#2935,#362,.T.);
#3730=EDGE_CURVE('',#2908,#2936,#1863,.T.);
#3731=EDGE_CURVE('',#2937,#2936,#363,.T.);
#3732=EDGE_CURVE('',#2909,#2937,#1864,.T.);
#3733=EDGE_CURVE('',#2938,#2937,#364,.T.);
#3734=EDGE_CURVE('',#2910,#2938,#1865,.T.);
#3735=EDGE_CURVE('',#2939,#2938,#365,.T.);
#3736=EDGE_CURVE('',#2911,#2939,#1866,.T.);
#3737=EDGE_CURVE('',#2940,#2939,#366,.T.);
#3738=EDGE_CURVE('',#2912,#2940,#1867,.T.);
#3739=EDGE_CURVE('',#2941,#2940,#367,.T.);
#3740=EDGE_CURVE('',#2913,#2941,#1868,.T.);
#3741=EDGE_CURVE('',#2942,#2941,#368,.T.);
#3742=EDGE_CURVE('',#2914,#2942,#1869,.T.);
#3743=EDGE_CURVE('',#2943,#2942,#369,.T.);
#3744=EDGE_CURVE('',#2915,#2943,#1870,.T.);
#3745=EDGE_CURVE('',#2944,#2943,#1871,.T.);
#3746=EDGE_CURVE('',#2916,#2944,#1872,.T.);
#3747=EDGE_CURVE('',#2945,#2944,#1873,.T.);
#3748=EDGE_CURVE('',#2904,#2945,#1874,.T.);
#3749=EDGE_CURVE('',#2933,#2945,#1875,.T.);
#3750=EDGE_CURVE('',#2946,#2947,#370,.T.);
#3751=EDGE_CURVE('',#2947,#2948,#1876,.T.);
#3752=EDGE_CURVE('',#2948,#2949,#371,.T.);
#3753=EDGE_CURVE('',#2949,#2950,#372,.T.);
#3754=EDGE_CURVE('',#2950,#2951,#373,.T.);
#3755=EDGE_CURVE('',#2951,#2952,#374,.T.);
#3756=EDGE_CURVE('',#2952,#2953,#375,.T.);
#3757=EDGE_CURVE('',#2953,#2954,#1877,.T.);
#3758=EDGE_CURVE('',#2954,#2955,#376,.T.);
#3759=EDGE_CURVE('',#2955,#2956,#377,.T.);
#3760=EDGE_CURVE('',#2956,#2957,#1878,.T.);
#3761=EDGE_CURVE('',#2957,#2958,#378,.T.);
#3762=EDGE_CURVE('',#2958,#2959,#379,.T.);
#3763=EDGE_CURVE('',#2959,#2960,#380,.T.);
#3764=EDGE_CURVE('',#2960,#2961,#381,.T.);
#3765=EDGE_CURVE('',#2961,#2962,#382,.T.);
#3766=EDGE_CURVE('',#2962,#2963,#383,.T.);
#3767=EDGE_CURVE('',#2963,#2964,#384,.T.);
#3768=EDGE_CURVE('',#2964,#2965,#385,.T.);
#3769=EDGE_CURVE('',#2965,#2966,#386,.T.);
#3770=EDGE_CURVE('',#2966,#2967,#387,.T.);
#3771=EDGE_CURVE('',#2967,#2968,#1879,.T.);
#3772=EDGE_CURVE('',#2968,#2969,#388,.T.);
#3773=EDGE_CURVE('',#2969,#2970,#389,.T.);
#3774=EDGE_CURVE('',#2970,#2946,#390,.T.);
#3775=EDGE_CURVE('',#2971,#2972,#1880,.T.);
#3776=EDGE_CURVE('',#2972,#2973,#391,.T.);
#3777=EDGE_CURVE('',#2973,#2974,#392,.T.);
#3778=EDGE_CURVE('',#2974,#2975,#393,.T.);
#3779=EDGE_CURVE('',#2975,#2976,#394,.T.);
#3780=EDGE_CURVE('',#2976,#2977,#395,.T.);
#3781=EDGE_CURVE('',#2977,#2978,#396,.T.);
#3782=EDGE_CURVE('',#2978,#2979,#397,.T.);
#3783=EDGE_CURVE('',#2979,#2971,#398,.T.);
#3784=EDGE_CURVE('',#2980,#2972,#1881,.T.);
#3785=EDGE_CURVE('',#2981,#2980,#399,.T.);
#3786=EDGE_CURVE('',#2973,#2981,#1882,.T.);
#3787=EDGE_CURVE('',#2982,#2981,#400,.T.);
#3788=EDGE_CURVE('',#2974,#2982,#1883,.T.);
#3789=EDGE_CURVE('',#2983,#2982,#401,.T.);
#3790=EDGE_CURVE('',#2975,#2983,#1884,.T.);
#3791=EDGE_CURVE('',#2984,#2983,#402,.T.);
#3792=EDGE_CURVE('',#2976,#2984,#1885,.T.);
#3793=EDGE_CURVE('',#2985,#2984,#403,.T.);
#3794=EDGE_CURVE('',#2977,#2985,#1886,.T.);
#3795=EDGE_CURVE('',#2986,#2985,#404,.T.);
#3796=EDGE_CURVE('',#2978,#2986,#1887,.T.);
#3797=EDGE_CURVE('',#2987,#2986,#405,.T.);
#3798=EDGE_CURVE('',#2979,#2987,#1888,.T.);
#3799=EDGE_CURVE('',#2988,#2987,#406,.T.);
#3800=EDGE_CURVE('',#2971,#2988,#1889,.T.);
#3801=EDGE_CURVE('',#2980,#2988,#1890,.T.);
#3802=EDGE_CURVE('',#2989,#2947,#1891,.T.);
#3803=EDGE_CURVE('',#2990,#2989,#1892,.T.);
#3804=EDGE_CURVE('',#2948,#2990,#1893,.T.);
#3805=EDGE_CURVE('',#2991,#2990,#407,.T.);
#3806=EDGE_CURVE('',#2949,#2991,#1894,.T.);
#3807=EDGE_CURVE('',#2992,#2991,#408,.T.);
#3808=EDGE_CURVE('',#2950,#2992,#1895,.T.);
#3809=EDGE_CURVE('',#2993,#2992,#409,.T.);
#3810=EDGE_CURVE('',#2951,#2993,#1896,.T.);
#3811=EDGE_CURVE('',#2994,#2993,#410,.T.);
#3812=EDGE_CURVE('',#2952,#2994,#1897,.T.);
#3813=EDGE_CURVE('',#2995,#2994,#411,.T.);
#3814=EDGE_CURVE('',#2953,#2995,#1898,.T.);
#3815=EDGE_CURVE('',#2996,#2995,#1899,.T.);
#3816=EDGE_CURVE('',#2954,#2996,#1900,.T.);
#3817=EDGE_CURVE('',#2997,#2996,#412,.T.);
#3818=EDGE_CURVE('',#2955,#2997,#1901,.T.);
#3819=EDGE_CURVE('',#2998,#2997,#413,.T.);
#3820=EDGE_CURVE('',#2956,#2998,#1902,.T.);
#3821=EDGE_CURVE('',#2999,#2998,#1903,.T.);
#3822=EDGE_CURVE('',#2957,#2999,#1904,.T.);
#3823=EDGE_CURVE('',#3000,#2999,#414,.T.);
#3824=EDGE_CURVE('',#2958,#3000,#1905,.T.);
#3825=EDGE_CURVE('',#3001,#3000,#415,.T.);
#3826=EDGE_CURVE('',#2959,#3001,#1906,.T.);
#3827=EDGE_CURVE('',#3002,#3001,#416,.T.);
#3828=EDGE_CURVE('',#2960,#3002,#1907,.T.);
#3829=EDGE_CURVE('',#3003,#3002,#417,.T.);
#3830=EDGE_CURVE('',#2961,#3003,#1908,.T.);
#3831=EDGE_CURVE('',#3004,#3003,#418,.T.);
#3832=EDGE_CURVE('',#2962,#3004,#1909,.T.);
#3833=EDGE_CURVE('',#3005,#3004,#419,.T.);
#3834=EDGE_CURVE('',#2963,#3005,#1910,.T.);
#3835=EDGE_CURVE('',#3006,#3005,#420,.T.);
#3836=EDGE_CURVE('',#2964,#3006,#1911,.T.);
#3837=EDGE_CURVE('',#3007,#3006,#421,.T.);
#3838=EDGE_CURVE('',#2965,#3007,#1912,.T.);
#3839=EDGE_CURVE('',#3008,#3007,#422,.T.);
#3840=EDGE_CURVE('',#2966,#3008,#1913,.T.);
#3841=EDGE_CURVE('',#3009,#3008,#423,.T.);
#3842=EDGE_CURVE('',#2967,#3009,#1914,.T.);
#3843=EDGE_CURVE('',#3010,#3009,#1915,.T.);
#3844=EDGE_CURVE('',#2968,#3010,#1916,.T.);
#3845=EDGE_CURVE('',#3011,#3010,#424,.T.);
#3846=EDGE_CURVE('',#2969,#3011,#1917,.T.);
#3847=EDGE_CURVE('',#3012,#3011,#425,.T.);
#3848=EDGE_CURVE('',#2970,#3012,#1918,.T.);
#3849=EDGE_CURVE('',#3013,#3012,#426,.T.);
#3850=EDGE_CURVE('',#2946,#3013,#1919,.T.);
#3851=EDGE_CURVE('',#2989,#3013,#427,.T.);
#3852=EDGE_CURVE('',#3014,#3015,#1920,.T.);
#3853=EDGE_CURVE('',#3015,#3016,#1921,.T.);
#3854=EDGE_CURVE('',#3016,#3017,#1922,.T.);
#3855=EDGE_CURVE('',#3017,#3018,#428,.T.);
#3856=EDGE_CURVE('',#3018,#3019,#429,.T.);
#3857=EDGE_CURVE('',#3019,#3020,#430,.T.);
#3858=EDGE_CURVE('',#3020,#3021,#431,.T.);
#3859=EDGE_CURVE('',#3021,#3022,#432,.T.);
#3860=EDGE_CURVE('',#3022,#3023,#433,.T.);
#3861=EDGE_CURVE('',#3023,#3024,#434,.T.);
#3862=EDGE_CURVE('',#3024,#3025,#1923,.T.);
#3863=EDGE_CURVE('',#3025,#3014,#1924,.T.);
#3864=EDGE_CURVE('',#3026,#3027,#435,.T.);
#3865=EDGE_CURVE('',#3027,#3028,#436,.T.);
#3866=EDGE_CURVE('',#3028,#3029,#437,.T.);
#3867=EDGE_CURVE('',#3029,#3030,#438,.T.);
#3868=EDGE_CURVE('',#3030,#3031,#439,.T.);
#3869=EDGE_CURVE('',#3031,#3032,#440,.T.);
#3870=EDGE_CURVE('',#3032,#3033,#441,.T.);
#3871=EDGE_CURVE('',#3033,#3026,#442,.T.);
#3872=EDGE_CURVE('',#3034,#3027,#1925,.T.);
#3873=EDGE_CURVE('',#3035,#3034,#443,.T.);
#3874=EDGE_CURVE('',#3028,#3035,#1926,.T.);
#3875=EDGE_CURVE('',#3036,#3035,#444,.T.);
#3876=EDGE_CURVE('',#3029,#3036,#1927,.T.);
#3877=EDGE_CURVE('',#3037,#3036,#445,.T.);
#3878=EDGE_CURVE('',#3030,#3037,#1928,.T.);
#3879=EDGE_CURVE('',#3038,#3037,#446,.T.);
#3880=EDGE_CURVE('',#3031,#3038,#1929,.T.);
#3881=EDGE_CURVE('',#3039,#3038,#447,.T.);
#3882=EDGE_CURVE('',#3032,#3039,#1930,.T.);
#3883=EDGE_CURVE('',#3040,#3039,#448,.T.);
#3884=EDGE_CURVE('',#3033,#3040,#1931,.T.);
#3885=EDGE_CURVE('',#3041,#3040,#449,.T.);
#3886=EDGE_CURVE('',#3026,#3041,#1932,.T.);
#3887=EDGE_CURVE('',#3034,#3041,#450,.T.);
#3888=EDGE_CURVE('',#3042,#3015,#1933,.T.);
#3889=EDGE_CURVE('',#3043,#3042,#1934,.T.);
#3890=EDGE_CURVE('',#3016,#3043,#1935,.T.);
#3891=EDGE_CURVE('',#3044,#3043,#1936,.T.);
#3892=EDGE_CURVE('',#3017,#3044,#1937,.T.);
#3893=EDGE_CURVE('',#3045,#3044,#451,.T.);
#3894=EDGE_CURVE('',#3018,#3045,#1938,.T.);
#3895=EDGE_CURVE('',#3046,#3045,#452,.T.);
#3896=EDGE_CURVE('',#3019,#3046,#1939,.T.);
#3897=EDGE_CURVE('',#3047,#3046,#453,.T.);
#3898=EDGE_CURVE('',#3020,#3047,#1940,.T.);
#3899=EDGE_CURVE('',#3048,#3047,#454,.T.);
#3900=EDGE_CURVE('',#3021,#3048,#1941,.T.);
#3901=EDGE_CURVE('',#3049,#3048,#455,.T.);
#3902=EDGE_CURVE('',#3022,#3049,#1942,.T.);
#3903=EDGE_CURVE('',#3050,#3049,#456,.T.);
#3904=EDGE_CURVE('',#3023,#3050,#1943,.T.);
#3905=EDGE_CURVE('',#3051,#3050,#457,.T.);
#3906=EDGE_CURVE('',#3024,#3051,#1944,.T.);
#3907=EDGE_CURVE('',#3052,#3051,#1945,.T.);
#3908=EDGE_CURVE('',#3025,#3052,#1946,.T.);
#3909=EDGE_CURVE('',#3053,#3052,#1947,.T.);
#3910=EDGE_CURVE('',#3014,#3053,#1948,.T.);
#3911=EDGE_CURVE('',#3042,#3053,#1949,.T.);
#3912=EDGE_CURVE('',#3054,#3055,#1950,.T.);
#3913=EDGE_CURVE('',#3055,#3056,#1951,.T.);
#3914=EDGE_CURVE('',#3056,#3057,#1952,.T.);
#3915=EDGE_CURVE('',#3057,#3058,#458,.T.);
#3916=EDGE_CURVE('',#3058,#3059,#459,.T.);
#3917=EDGE_CURVE('',#3059,#3060,#460,.T.);
#3918=EDGE_CURVE('',#3060,#3061,#461,.T.);
#3919=EDGE_CURVE('',#3061,#3062,#462,.T.);
#3920=EDGE_CURVE('',#3062,#3063,#463,.T.);
#3921=EDGE_CURVE('',#3063,#3064,#464,.T.);
#3922=EDGE_CURVE('',#3064,#3065,#465,.T.);
#3923=EDGE_CURVE('',#3065,#3066,#1953,.T.);
#3924=EDGE_CURVE('',#3066,#3054,#1954,.T.);
#3925=EDGE_CURVE('',#3067,#3068,#466,.T.);
#3926=EDGE_CURVE('',#3068,#3069,#467,.T.);
#3927=EDGE_CURVE('',#3069,#3070,#468,.T.);
#3928=EDGE_CURVE('',#3070,#3071,#469,.T.);
#3929=EDGE_CURVE('',#3071,#3072,#470,.T.);
#3930=EDGE_CURVE('',#3072,#3073,#471,.T.);
#3931=EDGE_CURVE('',#3073,#3074,#472,.T.);
#3932=EDGE_CURVE('',#3074,#3067,#473,.T.);
#3933=EDGE_CURVE('',#3075,#3068,#1955,.T.);
#3934=EDGE_CURVE('',#3076,#3075,#474,.T.);
#3935=EDGE_CURVE('',#3069,#3076,#1956,.T.);
#3936=EDGE_CURVE('',#3077,#3076,#475,.T.);
#3937=EDGE_CURVE('',#3070,#3077,#1957,.T.);
#3938=EDGE_CURVE('',#3078,#3077,#476,.T.);
#3939=EDGE_CURVE('',#3071,#3078,#1958,.T.);
#3940=EDGE_CURVE('',#3079,#3078,#477,.T.);
#3941=EDGE_CURVE('',#3072,#3079,#1959,.T.);
#3942=EDGE_CURVE('',#3080,#3079,#478,.T.);
#3943=EDGE_CURVE('',#3073,#3080,#1960,.T.);
#3944=EDGE_CURVE('',#3081,#3080,#479,.T.);
#3945=EDGE_CURVE('',#3074,#3081,#1961,.T.);
#3946=EDGE_CURVE('',#3082,#3081,#480,.T.);
#3947=EDGE_CURVE('',#3067,#3082,#1962,.T.);
#3948=EDGE_CURVE('',#3075,#3082,#481,.T.);
#3949=EDGE_CURVE('',#3083,#3055,#1963,.T.);
#3950=EDGE_CURVE('',#3084,#3083,#1964,.T.);
#3951=EDGE_CURVE('',#3056,#3084,#1965,.T.);
#3952=EDGE_CURVE('',#3085,#3084,#1966,.T.);
#3953=EDGE_CURVE('',#3057,#3085,#1967,.T.);
#3954=EDGE_CURVE('',#3086,#3085,#482,.T.);
#3955=EDGE_CURVE('',#3058,#3086,#1968,.T.);
#3956=EDGE_CURVE('',#3087,#3086,#483,.T.);
#3957=EDGE_CURVE('',#3059,#3087,#1969,.T.);
#3958=EDGE_CURVE('',#3088,#3087,#484,.T.);
#3959=EDGE_CURVE('',#3060,#3088,#1970,.T.);
#3960=EDGE_CURVE('',#3089,#3088,#485,.T.);
#3961=EDGE_CURVE('',#3061,#3089,#1971,.T.);
#3962=EDGE_CURVE('',#3090,#3089,#486,.T.);
#3963=EDGE_CURVE('',#3062,#3090,#1972,.T.);
#3964=EDGE_CURVE('',#3091,#3090,#487,.T.);
#3965=EDGE_CURVE('',#3063,#3091,#1973,.T.);
#3966=EDGE_CURVE('',#3092,#3091,#488,.T.);
#3967=EDGE_CURVE('',#3064,#3092,#1974,.T.);
#3968=EDGE_CURVE('',#3093,#3092,#489,.T.);
#3969=EDGE_CURVE('',#3065,#3093,#1975,.T.);
#3970=EDGE_CURVE('',#3094,#3093,#1976,.T.);
#3971=EDGE_CURVE('',#3066,#3094,#1977,.T.);
#3972=EDGE_CURVE('',#3095,#3094,#1978,.T.);
#3973=EDGE_CURVE('',#3054,#3095,#1979,.T.);
#3974=EDGE_CURVE('',#3083,#3095,#1980,.T.);
#3975=EDGE_CURVE('',#3096,#3097,#1981,.T.);
#3976=EDGE_CURVE('',#3097,#3098,#1982,.T.);
#3977=EDGE_CURVE('',#3098,#3099,#1983,.T.);
#3978=EDGE_CURVE('',#3099,#3096,#1984,.T.);
#3979=EDGE_CURVE('',#3100,#3097,#1985,.T.);
#3980=EDGE_CURVE('',#3101,#3100,#1986,.T.);
#3981=EDGE_CURVE('',#3098,#3101,#1987,.T.);
#3982=EDGE_CURVE('',#3102,#3101,#1988,.T.);
#3983=EDGE_CURVE('',#3099,#3102,#1989,.T.);
#3984=EDGE_CURVE('',#3103,#3102,#1990,.T.);
#3985=EDGE_CURVE('',#3096,#3103,#1991,.T.);
#3986=EDGE_CURVE('',#3100,#3103,#1992,.T.);
#3987=EDGE_CURVE('',#3104,#3105,#490,.T.);
#3988=EDGE_CURVE('',#3105,#3106,#1993,.T.);
#3989=EDGE_CURVE('',#3106,#3107,#491,.T.);
#3990=EDGE_CURVE('',#3107,#3108,#492,.T.);
#3991=EDGE_CURVE('',#3108,#3109,#493,.T.);
#3992=EDGE_CURVE('',#3109,#3110,#494,.T.);
#3993=EDGE_CURVE('',#3110,#3111,#495,.T.);
#3994=EDGE_CURVE('',#3111,#3112,#1994,.T.);
#3995=EDGE_CURVE('',#3112,#3113,#496,.T.);
#3996=EDGE_CURVE('',#3113,#3114,#497,.T.);
#3997=EDGE_CURVE('',#3114,#3115,#1995,.T.);
#3998=EDGE_CURVE('',#3115,#3116,#498,.T.);
#3999=EDGE_CURVE('',#3116,#3117,#499,.T.);
#4000=EDGE_CURVE('',#3117,#3118,#500,.T.);
#4001=EDGE_CURVE('',#3118,#3119,#501,.T.);
#4002=EDGE_CURVE('',#3119,#3120,#502,.T.);
#4003=EDGE_CURVE('',#3120,#3121,#503,.T.);
#4004=EDGE_CURVE('',#3121,#3122,#504,.T.);
#4005=EDGE_CURVE('',#3122,#3123,#505,.T.);
#4006=EDGE_CURVE('',#3123,#3124,#506,.T.);
#4007=EDGE_CURVE('',#3124,#3125,#507,.T.);
#4008=EDGE_CURVE('',#3125,#3126,#1996,.T.);
#4009=EDGE_CURVE('',#3126,#3127,#508,.T.);
#4010=EDGE_CURVE('',#3127,#3128,#509,.T.);
#4011=EDGE_CURVE('',#3128,#3104,#510,.T.);
#4012=EDGE_CURVE('',#3129,#3130,#1997,.T.);
#4013=EDGE_CURVE('',#3130,#3131,#511,.T.);
#4014=EDGE_CURVE('',#3131,#3132,#512,.T.);
#4015=EDGE_CURVE('',#3132,#3133,#513,.T.);
#4016=EDGE_CURVE('',#3133,#3134,#514,.T.);
#4017=EDGE_CURVE('',#3134,#3135,#515,.T.);
#4018=EDGE_CURVE('',#3135,#3136,#516,.T.);
#4019=EDGE_CURVE('',#3136,#3137,#517,.T.);
#4020=EDGE_CURVE('',#3137,#3129,#518,.T.);
#4021=EDGE_CURVE('',#3138,#3130,#1998,.T.);
#4022=EDGE_CURVE('',#3139,#3138,#519,.T.);
#4023=EDGE_CURVE('',#3131,#3139,#1999,.T.);
#4024=EDGE_CURVE('',#3140,#3139,#520,.T.);
#4025=EDGE_CURVE('',#3132,#3140,#2000,.T.);
#4026=EDGE_CURVE('',#3141,#3140,#521,.T.);
#4027=EDGE_CURVE('',#3133,#3141,#2001,.T.);
#4028=EDGE_CURVE('',#3142,#3141,#522,.T.);
#4029=EDGE_CURVE('',#3134,#3142,#2002,.T.);
#4030=EDGE_CURVE('',#3143,#3142,#523,.T.);
#4031=EDGE_CURVE('',#3135,#3143,#2003,.T.);
#4032=EDGE_CURVE('',#3144,#3143,#524,.T.);
#4033=EDGE_CURVE('',#3136,#3144,#2004,.T.);
#4034=EDGE_CURVE('',#3145,#3144,#525,.T.);
#4035=EDGE_CURVE('',#3137,#3145,#2005,.T.);
#4036=EDGE_CURVE('',#3146,#3145,#526,.T.);
#4037=EDGE_CURVE('',#3129,#3146,#2006,.T.);
#4038=EDGE_CURVE('',#3138,#3146,#2007,.T.);
#4039=EDGE_CURVE('',#3147,#3105,#2008,.T.);
#4040=EDGE_CURVE('',#3148,#3147,#2009,.T.);
#4041=EDGE_CURVE('',#3106,#3148,#2010,.T.);
#4042=EDGE_CURVE('',#3149,#3148,#527,.T.);
#4043=EDGE_CURVE('',#3107,#3149,#2011,.T.);
#4044=EDGE_CURVE('',#3150,#3149,#528,.T.);
#4045=EDGE_CURVE('',#3108,#3150,#2012,.T.);
#4046=EDGE_CURVE('',#3151,#3150,#529,.T.);
#4047=EDGE_CURVE('',#3109,#3151,#2013,.T.);
#4048=EDGE_CURVE('',#3152,#3151,#530,.T.);
#4049=EDGE_CURVE('',#3110,#3152,#2014,.T.);
#4050=EDGE_CURVE('',#3153,#3152,#531,.T.);
#4051=EDGE_CURVE('',#3111,#3153,#2015,.T.);
#4052=EDGE_CURVE('',#3154,#3153,#2016,.T.);
#4053=EDGE_CURVE('',#3112,#3154,#2017,.T.);
#4054=EDGE_CURVE('',#3155,#3154,#532,.T.);
#4055=EDGE_CURVE('',#3113,#3155,#2018,.T.);
#4056=EDGE_CURVE('',#3156,#3155,#533,.T.);
#4057=EDGE_CURVE('',#3114,#3156,#2019,.T.);
#4058=EDGE_CURVE('',#3157,#3156,#2020,.T.);
#4059=EDGE_CURVE('',#3115,#3157,#2021,.T.);
#4060=EDGE_CURVE('',#3158,#3157,#534,.T.);
#4061=EDGE_CURVE('',#3116,#3158,#2022,.T.);
#4062=EDGE_CURVE('',#3159,#3158,#535,.T.);
#4063=EDGE_CURVE('',#3117,#3159,#2023,.T.);
#4064=EDGE_CURVE('',#3160,#3159,#536,.T.);
#4065=EDGE_CURVE('',#3118,#3160,#2024,.T.);
#4066=EDGE_CURVE('',#3161,#3160,#537,.T.);
#4067=EDGE_CURVE('',#3119,#3161,#2025,.T.);
#4068=EDGE_CURVE('',#3162,#3161,#538,.T.);
#4069=EDGE_CURVE('',#3120,#3162,#2026,.T.);
#4070=EDGE_CURVE('',#3163,#3162,#539,.T.);
#4071=EDGE_CURVE('',#3121,#3163,#2027,.T.);
#4072=EDGE_CURVE('',#3164,#3163,#540,.T.);
#4073=EDGE_CURVE('',#3122,#3164,#2028,.T.);
#4074=EDGE_CURVE('',#3165,#3164,#541,.T.);
#4075=EDGE_CURVE('',#3123,#3165,#2029,.T.);
#4076=EDGE_CURVE('',#3166,#3165,#542,.T.);
#4077=EDGE_CURVE('',#3124,#3166,#2030,.T.);
#4078=EDGE_CURVE('',#3167,#3166,#543,.T.);
#4079=EDGE_CURVE('',#3125,#3167,#2031,.T.);
#4080=EDGE_CURVE('',#3168,#3167,#2032,.T.);
#4081=EDGE_CURVE('',#3126,#3168,#2033,.T.);
#4082=EDGE_CURVE('',#3169,#3168,#544,.T.);
#4083=EDGE_CURVE('',#3127,#3169,#2034,.T.);
#4084=EDGE_CURVE('',#3170,#3169,#545,.T.);
#4085=EDGE_CURVE('',#3128,#3170,#2035,.T.);
#4086=EDGE_CURVE('',#3171,#3170,#546,.T.);
#4087=EDGE_CURVE('',#3104,#3171,#2036,.T.);
#4088=EDGE_CURVE('',#3147,#3171,#547,.T.);
#4089=EDGE_CURVE('',#3172,#3173,#548,.T.);
#4090=EDGE_CURVE('',#3173,#3174,#2037,.T.);
#4091=EDGE_CURVE('',#3174,#3175,#549,.T.);
#4092=EDGE_CURVE('',#3175,#3176,#550,.T.);
#4093=EDGE_CURVE('',#3176,#3177,#551,.T.);
#4094=EDGE_CURVE('',#3177,#3178,#552,.T.);
#4095=EDGE_CURVE('',#3178,#3179,#553,.T.);
#4096=EDGE_CURVE('',#3179,#3180,#554,.T.);
#4097=EDGE_CURVE('',#3180,#3181,#555,.T.);
#4098=EDGE_CURVE('',#3181,#3182,#2038,.T.);
#4099=EDGE_CURVE('',#3182,#3183,#556,.T.);
#4100=EDGE_CURVE('',#3183,#3184,#557,.T.);
#4101=EDGE_CURVE('',#3184,#3185,#558,.T.);
#4102=EDGE_CURVE('',#3185,#3186,#559,.T.);
#4103=EDGE_CURVE('',#3186,#3187,#560,.T.);
#4104=EDGE_CURVE('',#3187,#3188,#561,.T.);
#4105=EDGE_CURVE('',#3188,#3189,#2039,.T.);
#4106=EDGE_CURVE('',#3189,#3190,#562,.T.);
#4107=EDGE_CURVE('',#3190,#3191,#563,.T.);
#4108=EDGE_CURVE('',#3191,#3192,#564,.T.);
#4109=EDGE_CURVE('',#3192,#3193,#565,.T.);
#4110=EDGE_CURVE('',#3193,#3194,#566,.T.);
#4111=EDGE_CURVE('',#3194,#3195,#567,.T.);
#4112=EDGE_CURVE('',#3195,#3196,#568,.T.);
#4113=EDGE_CURVE('',#3196,#3197,#569,.T.);
#4114=EDGE_CURVE('',#3197,#3198,#570,.T.);
#4115=EDGE_CURVE('',#3198,#3199,#571,.T.);
#4116=EDGE_CURVE('',#3199,#3172,#572,.T.);
#4117=EDGE_CURVE('',#3200,#3173,#2040,.T.);
#4118=EDGE_CURVE('',#3201,#3200,#2041,.T.);
#4119=EDGE_CURVE('',#3174,#3201,#2042,.T.);
#4120=EDGE_CURVE('',#3202,#3201,#573,.T.);
#4121=EDGE_CURVE('',#3175,#3202,#2043,.T.);
#4122=EDGE_CURVE('',#3203,#3202,#574,.T.);
#4123=EDGE_CURVE('',#3176,#3203,#2044,.T.);
#4124=EDGE_CURVE('',#3204,#3203,#575,.T.);
#4125=EDGE_CURVE('',#3177,#3204,#2045,.T.);
#4126=EDGE_CURVE('',#3205,#3204,#576,.T.);
#4127=EDGE_CURVE('',#3178,#3205,#2046,.T.);
#4128=EDGE_CURVE('',#3206,#3205,#577,.T.);
#4129=EDGE_CURVE('',#3179,#3206,#2047,.T.);
#4130=EDGE_CURVE('',#3207,#3206,#578,.T.);
#4131=EDGE_CURVE('',#3180,#3207,#2048,.T.);
#4132=EDGE_CURVE('',#3208,#3207,#579,.T.);
#4133=EDGE_CURVE('',#3181,#3208,#2049,.T.);
#4134=EDGE_CURVE('',#3209,#3208,#2050,.T.);
#4135=EDGE_CURVE('',#3182,#3209,#2051,.T.);
#4136=EDGE_CURVE('',#3210,#3209,#580,.T.);
#4137=EDGE_CURVE('',#3183,#3210,#2052,.T.);
#4138=EDGE_CURVE('',#3211,#3210,#581,.T.);
#4139=EDGE_CURVE('',#3184,#3211,#2053,.T.);
#4140=EDGE_CURVE('',#3212,#3211,#582,.T.);
#4141=EDGE_CURVE('',#3185,#3212,#2054,.T.);
#4142=EDGE_CURVE('',#3213,#3212,#583,.T.);
#4143=EDGE_CURVE('',#3186,#3213,#2055,.T.);
#4144=EDGE_CURVE('',#3214,#3213,#584,.T.);
#4145=EDGE_CURVE('',#3187,#3214,#2056,.T.);
#4146=EDGE_CURVE('',#3215,#3214,#585,.T.);
#4147=EDGE_CURVE('',#3188,#3215,#2057,.T.);
#4148=EDGE_CURVE('',#3216,#3215,#2058,.T.);
#4149=EDGE_CURVE('',#3189,#3216,#2059,.T.);
#4150=EDGE_CURVE('',#3217,#3216,#586,.T.);
#4151=EDGE_CURVE('',#3190,#3217,#2060,.T.);
#4152=EDGE_CURVE('',#3218,#3217,#587,.T.);
#4153=EDGE_CURVE('',#3191,#3218,#2061,.T.);
#4154=EDGE_CURVE('',#3219,#3218,#588,.T.);
#4155=EDGE_CURVE('',#3192,#3219,#2062,.T.);
#4156=EDGE_CURVE('',#3220,#3219,#589,.T.);
#4157=EDGE_CURVE('',#3193,#3220,#2063,.T.);
#4158=EDGE_CURVE('',#3221,#3220,#590,.T.);
#4159=EDGE_CURVE('',#3194,#3221,#2064,.T.);
#4160=EDGE_CURVE('',#3222,#3221,#591,.T.);
#4161=EDGE_CURVE('',#3195,#3222,#2065,.T.);
#4162=EDGE_CURVE('',#3223,#3222,#592,.T.);
#4163=EDGE_CURVE('',#3196,#3223,#2066,.T.);
#4164=EDGE_CURVE('',#3224,#3223,#593,.T.);
#4165=EDGE_CURVE('',#3197,#3224,#2067,.T.);
#4166=EDGE_CURVE('',#3225,#3224,#594,.T.);
#4167=EDGE_CURVE('',#3198,#3225,#2068,.T.);
#4168=EDGE_CURVE('',#3226,#3225,#595,.T.);
#4169=EDGE_CURVE('',#3199,#3226,#2069,.T.);
#4170=EDGE_CURVE('',#3227,#3226,#596,.T.);
#4171=EDGE_CURVE('',#3172,#3227,#2070,.T.);
#4172=EDGE_CURVE('',#3200,#3227,#597,.T.);
#4173=EDGE_CURVE('',#3228,#3229,#2071,.T.);
#4174=EDGE_CURVE('',#3229,#3230,#2072,.T.);
#4175=EDGE_CURVE('',#3230,#3231,#2073,.T.);
#4176=EDGE_CURVE('',#3231,#3232,#2074,.T.);
#4177=EDGE_CURVE('',#3232,#3233,#598,.T.);
#4178=EDGE_CURVE('',#3233,#3234,#599,.T.);
#4179=EDGE_CURVE('',#3234,#3235,#600,.T.);
#4180=EDGE_CURVE('',#3235,#3236,#601,.T.);
#4181=EDGE_CURVE('',#3236,#3237,#602,.T.);
#4182=EDGE_CURVE('',#3237,#3238,#603,.T.);
#4183=EDGE_CURVE('',#3238,#3239,#604,.T.);
#4184=EDGE_CURVE('',#3239,#3228,#2075,.T.);
#4185=EDGE_CURVE('',#3240,#3241,#605,.T.);
#4186=EDGE_CURVE('',#3241,#3242,#606,.T.);
#4187=EDGE_CURVE('',#3242,#3243,#607,.T.);
#4188=EDGE_CURVE('',#3243,#3244,#608,.T.);
#4189=EDGE_CURVE('',#3244,#3245,#609,.T.);
#4190=EDGE_CURVE('',#3245,#3246,#610,.T.);
#4191=EDGE_CURVE('',#3246,#3247,#611,.T.);
#4192=EDGE_CURVE('',#3247,#3240,#612,.T.);
#4193=EDGE_CURVE('',#3248,#3241,#2076,.T.);
#4194=EDGE_CURVE('',#3249,#3248,#613,.T.);
#4195=EDGE_CURVE('',#3242,#3249,#2077,.T.);
#4196=EDGE_CURVE('',#3250,#3249,#614,.T.);
#4197=EDGE_CURVE('',#3243,#3250,#2078,.T.);
#4198=EDGE_CURVE('',#3251,#3250,#615,.T.);
#4199=EDGE_CURVE('',#3244,#3251,#2079,.T.);
#4200=EDGE_CURVE('',#3252,#3251,#616,.T.);
#4201=EDGE_CURVE('',#3245,#3252,#2080,.T.);
#4202=EDGE_CURVE('',#3253,#3252,#617,.T.);
#4203=EDGE_CURVE('',#3246,#3253,#2081,.T.);
#4204=EDGE_CURVE('',#3254,#3253,#618,.T.);
#4205=EDGE_CURVE('',#3247,#3254,#2082,.T.);
#4206=EDGE_CURVE('',#3255,#3254,#619,.T.);
#4207=EDGE_CURVE('',#3240,#3255,#2083,.T.);
#4208=EDGE_CURVE('',#3248,#3255,#620,.T.);
#4209=EDGE_CURVE('',#3256,#3229,#2084,.T.);
#4210=EDGE_CURVE('',#3257,#3256,#2085,.T.);
#4211=EDGE_CURVE('',#3230,#3257,#2086,.T.);
#4212=EDGE_CURVE('',#3258,#3257,#2087,.T.);
#4213=EDGE_CURVE('',#3231,#3258,#2088,.T.);
#4214=EDGE_CURVE('',#3259,#3258,#2089,.T.);
#4215=EDGE_CURVE('',#3232,#3259,#2090,.T.);
#4216=EDGE_CURVE('',#3260,#3259,#621,.T.);
#4217=EDGE_CURVE('',#3233,#3260,#2091,.T.);
#4218=EDGE_CURVE('',#3261,#3260,#622,.T.);
#4219=EDGE_CURVE('',#3234,#3261,#2092,.T.);
#4220=EDGE_CURVE('',#3262,#3261,#623,.T.);
#4221=EDGE_CURVE('',#3235,#3262,#2093,.T.);
#4222=EDGE_CURVE('',#3263,#3262,#624,.T.);
#4223=EDGE_CURVE('',#3236,#3263,#2094,.T.);
#4224=EDGE_CURVE('',#3264,#3263,#625,.T.);
#4225=EDGE_CURVE('',#3237,#3264,#2095,.T.);
#4226=EDGE_CURVE('',#3265,#3264,#626,.T.);
#4227=EDGE_CURVE('',#3238,#3265,#2096,.T.);
#4228=EDGE_CURVE('',#3266,#3265,#627,.T.);
#4229=EDGE_CURVE('',#3239,#3266,#2097,.T.);
#4230=EDGE_CURVE('',#3267,#3266,#2098,.T.);
#4231=EDGE_CURVE('',#3228,#3267,#2099,.T.);
#4232=EDGE_CURVE('',#3256,#3267,#2100,.T.);
#4233=EDGE_CURVE('',#3268,#3269,#2101,.T.);
#4234=EDGE_CURVE('',#3269,#3270,#2102,.T.);
#4235=EDGE_CURVE('',#3270,#3271,#2103,.T.);
#4236=EDGE_CURVE('',#3271,#3272,#2104,.T.);
#4237=EDGE_CURVE('',#3272,#3273,#2105,.T.);
#4238=EDGE_CURVE('',#3273,#3274,#628,.T.);
#4239=EDGE_CURVE('',#3274,#3275,#629,.T.);
#4240=EDGE_CURVE('',#3275,#3276,#630,.T.);
#4241=EDGE_CURVE('',#3276,#3277,#2106,.T.);
#4242=EDGE_CURVE('',#3277,#3278,#631,.T.);
#4243=EDGE_CURVE('',#3278,#3279,#632,.T.);
#4244=EDGE_CURVE('',#3279,#3280,#633,.T.);
#4245=EDGE_CURVE('',#3280,#3268,#634,.T.);
#4246=EDGE_CURVE('',#3281,#3269,#2107,.T.);
#4247=EDGE_CURVE('',#3282,#3281,#2108,.T.);
#4248=EDGE_CURVE('',#3270,#3282,#2109,.T.);
#4249=EDGE_CURVE('',#3283,#3282,#2110,.T.);
#4250=EDGE_CURVE('',#3271,#3283,#2111,.T.);
#4251=EDGE_CURVE('',#3284,#3283,#2112,.T.);
#4252=EDGE_CURVE('',#3272,#3284,#2113,.T.);
#4253=EDGE_CURVE('',#3285,#3284,#2114,.T.);
#4254=EDGE_CURVE('',#3273,#3285,#2115,.T.);
#4255=EDGE_CURVE('',#3286,#3285,#635,.T.);
#4256=EDGE_CURVE('',#3274,#3286,#2116,.T.);
#4257=EDGE_CURVE('',#3287,#3286,#636,.T.);
#4258=EDGE_CURVE('',#3275,#3287,#2117,.T.);
#4259=EDGE_CURVE('',#3288,#3287,#637,.T.);
#4260=EDGE_CURVE('',#3276,#3288,#2118,.T.);
#4261=EDGE_CURVE('',#3289,#3288,#2119,.T.);
#4262=EDGE_CURVE('',#3277,#3289,#2120,.T.);
#4263=EDGE_CURVE('',#3290,#3289,#638,.T.);
#4264=EDGE_CURVE('',#3278,#3290,#2121,.T.);
#4265=EDGE_CURVE('',#3291,#3290,#639,.T.);
#4266=EDGE_CURVE('',#3279,#3291,#2122,.T.);
#4267=EDGE_CURVE('',#3292,#3291,#640,.T.);
#4268=EDGE_CURVE('',#3280,#3292,#2123,.T.);
#4269=EDGE_CURVE('',#3293,#3292,#641,.T.);
#4270=EDGE_CURVE('',#3268,#3293,#2124,.T.);
#4271=EDGE_CURVE('',#3281,#3293,#2125,.T.);
#4272=EDGE_CURVE('',#3294,#3295,#642,.T.);
#4273=EDGE_CURVE('',#3295,#3296,#643,.T.);
#4274=EDGE_CURVE('',#3296,#3297,#644,.T.);
#4275=EDGE_CURVE('',#3297,#3298,#645,.T.);
#4276=EDGE_CURVE('',#3298,#3299,#646,.T.);
#4277=EDGE_CURVE('',#3299,#3300,#647,.T.);
#4278=EDGE_CURVE('',#3300,#3301,#648,.T.);
#4279=EDGE_CURVE('',#3301,#3302,#649,.T.);
#4280=EDGE_CURVE('',#3302,#3303,#650,.T.);
#4281=EDGE_CURVE('',#3303,#3294,#651,.T.);
#4282=EDGE_CURVE('',#3304,#3305,#652,.T.);
#4283=EDGE_CURVE('',#3305,#3306,#653,.T.);
#4284=EDGE_CURVE('',#3306,#3307,#654,.T.);
#4285=EDGE_CURVE('',#3307,#3308,#655,.T.);
#4286=EDGE_CURVE('',#3308,#3309,#656,.T.);
#4287=EDGE_CURVE('',#3309,#3310,#657,.T.);
#4288=EDGE_CURVE('',#3310,#3311,#658,.T.);
#4289=EDGE_CURVE('',#3311,#3304,#659,.T.);
#4290=EDGE_CURVE('',#3312,#3305,#2126,.T.);
#4291=EDGE_CURVE('',#3313,#3312,#660,.T.);
#4292=EDGE_CURVE('',#3306,#3313,#2127,.T.);
#4293=EDGE_CURVE('',#3314,#3313,#661,.T.);
#4294=EDGE_CURVE('',#3307,#3314,#2128,.T.);
#4295=EDGE_CURVE('',#3315,#3314,#662,.T.);
#4296=EDGE_CURVE('',#3308,#3315,#2129,.T.);
#4297=EDGE_CURVE('',#3316,#3315,#663,.T.);
#4298=EDGE_CURVE('',#3309,#3316,#2130,.T.);
#4299=EDGE_CURVE('',#3317,#3316,#664,.T.);
#4300=EDGE_CURVE('',#3310,#3317,#2131,.T.);
#4301=EDGE_CURVE('',#3318,#3317,#665,.T.);
#4302=EDGE_CURVE('',#3311,#3318,#2132,.T.);
#4303=EDGE_CURVE('',#3319,#3318,#666,.T.);
#4304=EDGE_CURVE('',#3304,#3319,#2133,.T.);
#4305=EDGE_CURVE('',#3312,#3319,#667,.T.);
#4306=EDGE_CURVE('',#3320,#3295,#2134,.T.);
#4307=EDGE_CURVE('',#3321,#3320,#668,.T.);
#4308=EDGE_CURVE('',#3296,#3321,#2135,.T.);
#4309=EDGE_CURVE('',#3322,#3321,#669,.T.);
#4310=EDGE_CURVE('',#3297,#3322,#2136,.T.);
#4311=EDGE_CURVE('',#3323,#3322,#670,.T.);
#4312=EDGE_CURVE('',#3298,#3323,#2137,.T.);
#4313=EDGE_CURVE('',#3324,#3323,#671,.T.);
#4314=EDGE_CURVE('',#3299,#3324,#2138,.T.);
#4315=EDGE_CURVE('',#3325,#3324,#672,.T.);
#4316=EDGE_CURVE('',#3300,#3325,#2139,.T.);
#4317=EDGE_CURVE('',#3326,#3325,#673,.T.);
#4318=EDGE_CURVE('',#3301,#3326,#2140,.T.);
#4319=EDGE_CURVE('',#3327,#3326,#674,.T.);
#4320=EDGE_CURVE('',#3302,#3327,#2141,.T.);
#4321=EDGE_CURVE('',#3328,#3327,#675,.T.);
#4322=EDGE_CURVE('',#3303,#3328,#2142,.T.);
#4323=EDGE_CURVE('',#3329,#3328,#676,.T.);
#4324=EDGE_CURVE('',#3294,#3329,#2143,.T.);
#4325=EDGE_CURVE('',#3320,#3329,#677,.T.);
#4326=EDGE_CURVE('',#3330,#3331,#2144,.T.);
#4327=EDGE_CURVE('',#3331,#3332,#2145,.T.);
#4328=EDGE_CURVE('',#3332,#3333,#2146,.T.);
#4329=EDGE_CURVE('',#3333,#3330,#2147,.T.);
#4330=EDGE_CURVE('',#3334,#3331,#2148,.T.);
#4331=EDGE_CURVE('',#3335,#3334,#2149,.T.);
#4332=EDGE_CURVE('',#3332,#3335,#2150,.T.);
#4333=EDGE_CURVE('',#3336,#3335,#2151,.T.);
#4334=EDGE_CURVE('',#3333,#3336,#2152,.T.);
#4335=EDGE_CURVE('',#3337,#3336,#2153,.T.);
#4336=EDGE_CURVE('',#3330,#3337,#2154,.T.);
#4337=EDGE_CURVE('',#3334,#3337,#2155,.T.);
#4338=EDGE_CURVE('',#3338,#3339,#2156,.T.);
#4339=EDGE_CURVE('',#3339,#3340,#2157,.T.);
#4340=EDGE_CURVE('',#3340,#3341,#2158,.T.);
#4341=EDGE_CURVE('',#3341,#3342,#678,.T.);
#4342=EDGE_CURVE('',#3342,#3343,#679,.T.);
#4343=EDGE_CURVE('',#3343,#3344,#680,.T.);
#4344=EDGE_CURVE('',#3344,#3345,#681,.T.);
#4345=EDGE_CURVE('',#3345,#3346,#682,.T.);
#4346=EDGE_CURVE('',#3346,#3347,#683,.T.);
#4347=EDGE_CURVE('',#3347,#3348,#684,.T.);
#4348=EDGE_CURVE('',#3348,#3349,#685,.T.);
#4349=EDGE_CURVE('',#3349,#3350,#2159,.T.);
#4350=EDGE_CURVE('',#3350,#3338,#2160,.T.);
#4351=EDGE_CURVE('',#3351,#3352,#686,.T.);
#4352=EDGE_CURVE('',#3352,#3353,#687,.T.);
#4353=EDGE_CURVE('',#3353,#3354,#688,.T.);
#4354=EDGE_CURVE('',#3354,#3355,#689,.T.);
#4355=EDGE_CURVE('',#3355,#3356,#690,.T.);
#4356=EDGE_CURVE('',#3356,#3357,#691,.T.);
#4357=EDGE_CURVE('',#3357,#3358,#692,.T.);
#4358=EDGE_CURVE('',#3358,#3351,#693,.T.);
#4359=EDGE_CURVE('',#3359,#3352,#2161,.T.);
#4360=EDGE_CURVE('',#3360,#3359,#694,.T.);
#4361=EDGE_CURVE('',#3353,#3360,#2162,.T.);
#4362=EDGE_CURVE('',#3361,#3360,#695,.T.);
#4363=EDGE_CURVE('',#3354,#3361,#2163,.T.);
#4364=EDGE_CURVE('',#3362,#3361,#696,.T.);
#4365=EDGE_CURVE('',#3355,#3362,#2164,.T.);
#4366=EDGE_CURVE('',#3363,#3362,#697,.T.);
#4367=EDGE_CURVE('',#3356,#3363,#2165,.T.);
#4368=EDGE_CURVE('',#3364,#3363,#698,.T.);
#4369=EDGE_CURVE('',#3357,#3364,#2166,.T.);
#4370=EDGE_CURVE('',#3365,#3364,#699,.T.);
#4371=EDGE_CURVE('',#3358,#3365,#2167,.T.);
#4372=EDGE_CURVE('',#3366,#3365,#700,.T.);
#4373=EDGE_CURVE('',#3351,#3366,#2168,.T.);
#4374=EDGE_CURVE('',#3359,#3366,#701,.T.);
#4375=EDGE_CURVE('',#3367,#3339,#2169,.T.);
#4376=EDGE_CURVE('',#3368,#3367,#2170,.T.);
#4377=EDGE_CURVE('',#3340,#3368,#2171,.T.);
#4378=EDGE_CURVE('',#3369,#3368,#2172,.T.);
#4379=EDGE_CURVE('',#3341,#3369,#2173,.T.);
#4380=EDGE_CURVE('',#3370,#3369,#702,.T.);
#4381=EDGE_CURVE('',#3342,#3370,#2174,.T.);
#4382=EDGE_CURVE('',#3371,#3370,#703,.T.);
#4383=EDGE_CURVE('',#3343,#3371,#2175,.T.);
#4384=EDGE_CURVE('',#3372,#3371,#704,.T.);
#4385=EDGE_CURVE('',#3344,#3372,#2176,.T.);
#4386=EDGE_CURVE('',#3373,#3372,#705,.T.);
#4387=EDGE_CURVE('',#3345,#3373,#2177,.T.);
#4388=EDGE_CURVE('',#3374,#3373,#706,.T.);
#4389=EDGE_CURVE('',#3346,#3374,#2178,.T.);
#4390=EDGE_CURVE('',#3375,#3374,#707,.T.);
#4391=EDGE_CURVE('',#3347,#3375,#2179,.T.);
#4392=EDGE_CURVE('',#3376,#3375,#708,.T.);
#4393=EDGE_CURVE('',#3348,#3376,#2180,.T.);
#4394=EDGE_CURVE('',#3377,#3376,#709,.T.);
#4395=EDGE_CURVE('',#3349,#3377,#2181,.T.);
#4396=EDGE_CURVE('',#3378,#3377,#2182,.T.);
#4397=EDGE_CURVE('',#3350,#3378,#2183,.T.);
#4398=EDGE_CURVE('',#3379,#3378,#2184,.T.);
#4399=EDGE_CURVE('',#3338,#3379,#2185,.T.);
#4400=EDGE_CURVE('',#3367,#3379,#2186,.T.);
#4401=EDGE_CURVE('',#3380,#3381,#710,.T.);
#4402=EDGE_CURVE('',#3381,#3382,#2187,.T.);
#4403=EDGE_CURVE('',#3382,#3383,#711,.T.);
#4404=EDGE_CURVE('',#3383,#3384,#712,.T.);
#4405=EDGE_CURVE('',#3384,#3385,#713,.T.);
#4406=EDGE_CURVE('',#3385,#3386,#714,.T.);
#4407=EDGE_CURVE('',#3386,#3387,#715,.T.);
#4408=EDGE_CURVE('',#3387,#3388,#716,.T.);
#4409=EDGE_CURVE('',#3388,#3389,#717,.T.);
#4410=EDGE_CURVE('',#3389,#3390,#718,.T.);
#4411=EDGE_CURVE('',#3390,#3391,#2188,.T.);
#4412=EDGE_CURVE('',#3391,#3392,#719,.T.);
#4413=EDGE_CURVE('',#3392,#3393,#720,.T.);
#4414=EDGE_CURVE('',#3393,#3380,#721,.T.);
#4415=EDGE_CURVE('',#3394,#3395,#2189,.T.);
#4416=EDGE_CURVE('',#3395,#3396,#722,.T.);
#4417=EDGE_CURVE('',#3396,#3397,#723,.T.);
#4418=EDGE_CURVE('',#3397,#3398,#724,.T.);
#4419=EDGE_CURVE('',#3398,#3394,#725,.T.);
#4420=EDGE_CURVE('',#3399,#3395,#2190,.T.);
#4421=EDGE_CURVE('',#3400,#3399,#726,.T.);
#4422=EDGE_CURVE('',#3396,#3400,#2191,.T.);
#4423=EDGE_CURVE('',#3401,#3400,#727,.T.);
#4424=EDGE_CURVE('',#3397,#3401,#2192,.T.);
#4425=EDGE_CURVE('',#3402,#3401,#728,.T.);
#4426=EDGE_CURVE('',#3398,#3402,#2193,.T.);
#4427=EDGE_CURVE('',#3403,#3402,#729,.T.);
#4428=EDGE_CURVE('',#3394,#3403,#2194,.T.);
#4429=EDGE_CURVE('',#3399,#3403,#2195,.T.);
#4430=EDGE_CURVE('',#3404,#3381,#2196,.T.);
#4431=EDGE_CURVE('',#3405,#3404,#2197,.T.);
#4432=EDGE_CURVE('',#3382,#3405,#2198,.T.);
#4433=EDGE_CURVE('',#3406,#3405,#730,.T.);
#4434=EDGE_CURVE('',#3383,#3406,#2199,.T.);
#4435=EDGE_CURVE('',#3407,#3406,#731,.T.);
#4436=EDGE_CURVE('',#3384,#3407,#2200,.T.);
#4437=EDGE_CURVE('',#3408,#3407,#732,.T.);
#4438=EDGE_CURVE('',#3385,#3408,#2201,.T.);
#4439=EDGE_CURVE('',#3409,#3408,#733,.T.);
#4440=EDGE_CURVE('',#3386,#3409,#2202,.T.);
#4441=EDGE_CURVE('',#3410,#3409,#734,.T.);
#4442=EDGE_CURVE('',#3387,#3410,#2203,.T.);
#4443=EDGE_CURVE('',#3411,#3410,#735,.T.);
#4444=EDGE_CURVE('',#3388,#3411,#2204,.T.);
#4445=EDGE_CURVE('',#3412,#3411,#736,.T.);
#4446=EDGE_CURVE('',#3389,#3412,#2205,.T.);
#4447=EDGE_CURVE('',#3413,#3412,#737,.T.);
#4448=EDGE_CURVE('',#3390,#3413,#2206,.T.);
#4449=EDGE_CURVE('',#3414,#3413,#2207,.T.);
#4450=EDGE_CURVE('',#3391,#3414,#2208,.T.);
#4451=EDGE_CURVE('',#3415,#3414,#738,.T.);
#4452=EDGE_CURVE('',#3392,#3415,#2209,.T.);
#4453=EDGE_CURVE('',#3416,#3415,#739,.T.);
#4454=EDGE_CURVE('',#3393,#3416,#2210,.T.);
#4455=EDGE_CURVE('',#3417,#3416,#740,.T.);
#4456=EDGE_CURVE('',#3380,#3417,#2211,.T.);
#4457=EDGE_CURVE('',#3404,#3417,#741,.T.);
#4458=ORIENTED_EDGE('',*,*,#3418,.T.);
#4459=ORIENTED_EDGE('',*,*,#3419,.T.);
#4460=ORIENTED_EDGE('',*,*,#3420,.T.);
#4461=ORIENTED_EDGE('',*,*,#3421,.T.);
#4462=ORIENTED_EDGE('',*,*,#3422,.T.);
#4463=ORIENTED_EDGE('',*,*,#3423,.T.);
#4464=ORIENTED_EDGE('',*,*,#3418,.F.);
#4465=ORIENTED_EDGE('',*,*,#3424,.T.);
#4466=ORIENTED_EDGE('',*,*,#3425,.T.);
#4467=ORIENTED_EDGE('',*,*,#3426,.T.);
#4468=ORIENTED_EDGE('',*,*,#3422,.F.);
#4469=ORIENTED_EDGE('',*,*,#3427,.T.);
#4470=ORIENTED_EDGE('',*,*,#3428,.T.);
#4471=ORIENTED_EDGE('',*,*,#3429,.T.);
#4472=ORIENTED_EDGE('',*,*,#3425,.F.);
#4473=ORIENTED_EDGE('',*,*,#3430,.T.);
#4474=ORIENTED_EDGE('',*,*,#3431,.T.);
#4475=ORIENTED_EDGE('',*,*,#3432,.T.);
#4476=ORIENTED_EDGE('',*,*,#3428,.F.);
#4477=ORIENTED_EDGE('',*,*,#3433,.T.);
#4478=ORIENTED_EDGE('',*,*,#3434,.T.);
#4479=ORIENTED_EDGE('',*,*,#3435,.T.);
#4480=ORIENTED_EDGE('',*,*,#3431,.F.);
#4481=ORIENTED_EDGE('',*,*,#3436,.T.);
#4482=ORIENTED_EDGE('',*,*,#3437,.T.);
#4483=ORIENTED_EDGE('',*,*,#3438,.T.);
#4484=ORIENTED_EDGE('',*,*,#3434,.F.);
#4485=ORIENTED_EDGE('',*,*,#3439,.T.);
#4486=ORIENTED_EDGE('',*,*,#3420,.F.);
#4487=ORIENTED_EDGE('',*,*,#3440,.T.);
#4488=ORIENTED_EDGE('',*,*,#3437,.F.);
#4489=ORIENTED_EDGE('',*,*,#3441,.T.);
#4490=ORIENTED_EDGE('',*,*,#3435,.F.);
#4491=ORIENTED_EDGE('',*,*,#3442,.T.);
#4492=ORIENTED_EDGE('',*,*,#3443,.T.);
#4493=ORIENTED_EDGE('',*,*,#3444,.T.);
#4494=ORIENTED_EDGE('',*,*,#3438,.F.);
#4495=ORIENTED_EDGE('',*,*,#3445,.F.);
#4496=ORIENTED_EDGE('',*,*,#3446,.F.);
#4497=ORIENTED_EDGE('',*,*,#3442,.F.);
#4498=ORIENTED_EDGE('',*,*,#3440,.F.);
#4499=ORIENTED_EDGE('',*,*,#3447,.T.);
#4500=ORIENTED_EDGE('',*,*,#3448,.T.);
#4501=ORIENTED_EDGE('',*,*,#3445,.T.);
#4502=ORIENTED_EDGE('',*,*,#3419,.F.);
#4503=ORIENTED_EDGE('',*,*,#3449,.F.);
#4504=ORIENTED_EDGE('',*,*,#3450,.F.);
#4505=ORIENTED_EDGE('',*,*,#3447,.F.);
#4506=ORIENTED_EDGE('',*,*,#3421,.F.);
#4507=ORIENTED_EDGE('',*,*,#3441,.F.);
#4508=ORIENTED_EDGE('',*,*,#3439,.F.);
#4509=ORIENTED_EDGE('',*,*,#3436,.F.);
#4510=ORIENTED_EDGE('',*,*,#3433,.F.);
#4511=ORIENTED_EDGE('',*,*,#3430,.F.);
#4512=ORIENTED_EDGE('',*,*,#3427,.F.);
#4513=ORIENTED_EDGE('',*,*,#3424,.F.);
#4514=ORIENTED_EDGE('',*,*,#3451,.F.);
#4515=ORIENTED_EDGE('',*,*,#3452,.F.);
#4516=ORIENTED_EDGE('',*,*,#3453,.F.);
#4517=ORIENTED_EDGE('',*,*,#3454,.F.);
#4518=ORIENTED_EDGE('',*,*,#3455,.T.);
#4519=ORIENTED_EDGE('',*,*,#3456,.T.);
#4520=ORIENTED_EDGE('',*,*,#3457,.T.);
#4521=ORIENTED_EDGE('',*,*,#3456,.F.);
#4522=ORIENTED_EDGE('',*,*,#3457,.F.);
#4523=ORIENTED_EDGE('',*,*,#3458,.T.);
#4524=ORIENTED_EDGE('',*,*,#3459,.F.);
#4525=ORIENTED_EDGE('',*,*,#3458,.F.);
#4526=ORIENTED_EDGE('',*,*,#3460,.T.);
#4527=ORIENTED_EDGE('',*,*,#3455,.F.);
#4528=ORIENTED_EDGE('',*,*,#3461,.T.);
#4529=ORIENTED_EDGE('',*,*,#3462,.T.);
#4530=ORIENTED_EDGE('',*,*,#3463,.T.);
#4531=ORIENTED_EDGE('',*,*,#3462,.F.);
#4532=ORIENTED_EDGE('',*,*,#3463,.F.);
#4533=ORIENTED_EDGE('',*,*,#3464,.T.);
#4534=ORIENTED_EDGE('',*,*,#3465,.F.);
#4535=ORIENTED_EDGE('',*,*,#3464,.F.);
#4536=ORIENTED_EDGE('',*,*,#3466,.T.);
#4537=ORIENTED_EDGE('',*,*,#3461,.F.);
#4538=ORIENTED_EDGE('',*,*,#3467,.T.);
#4539=ORIENTED_EDGE('',*,*,#3468,.T.);
#4540=ORIENTED_EDGE('',*,*,#3469,.T.);
#4541=ORIENTED_EDGE('',*,*,#3468,.F.);
#4542=ORIENTED_EDGE('',*,*,#3469,.F.);
#4543=ORIENTED_EDGE('',*,*,#3470,.T.);
#4544=ORIENTED_EDGE('',*,*,#3471,.F.);
#4545=ORIENTED_EDGE('',*,*,#3470,.F.);
#4546=ORIENTED_EDGE('',*,*,#3472,.T.);
#4547=ORIENTED_EDGE('',*,*,#3467,.F.);
#4548=ORIENTED_EDGE('',*,*,#3473,.T.);
#4549=ORIENTED_EDGE('',*,*,#3474,.T.);
#4550=ORIENTED_EDGE('',*,*,#3475,.T.);
#4551=ORIENTED_EDGE('',*,*,#3474,.F.);
#4552=ORIENTED_EDGE('',*,*,#3475,.F.);
#4553=ORIENTED_EDGE('',*,*,#3476,.T.);
#4554=ORIENTED_EDGE('',*,*,#3477,.F.);
#4555=ORIENTED_EDGE('',*,*,#3476,.F.);
#4556=ORIENTED_EDGE('',*,*,#3478,.T.);
#4557=ORIENTED_EDGE('',*,*,#3473,.F.);
#4558=ORIENTED_EDGE('',*,*,#3451,.T.);
#4559=ORIENTED_EDGE('',*,*,#3479,.T.);
#4560=ORIENTED_EDGE('',*,*,#3480,.T.);
#4561=ORIENTED_EDGE('',*,*,#3479,.F.);
#4562=ORIENTED_EDGE('',*,*,#3478,.F.);
#4563=ORIENTED_EDGE('',*,*,#3481,.T.);
#4564=ORIENTED_EDGE('',*,*,#3480,.F.);
#4565=ORIENTED_EDGE('',*,*,#3481,.F.);
#4566=ORIENTED_EDGE('',*,*,#3454,.T.);
#4567=ORIENTED_EDGE('',*,*,#3482,.T.);
#4568=ORIENTED_EDGE('',*,*,#3483,.T.);
#4569=ORIENTED_EDGE('',*,*,#3482,.F.);
#4570=ORIENTED_EDGE('',*,*,#3460,.F.);
#4571=ORIENTED_EDGE('',*,*,#3484,.T.);
#4572=ORIENTED_EDGE('',*,*,#3483,.F.);
#4573=ORIENTED_EDGE('',*,*,#3484,.F.);
#4574=ORIENTED_EDGE('',*,*,#3452,.T.);
#4575=ORIENTED_EDGE('',*,*,#3485,.T.);
#4576=ORIENTED_EDGE('',*,*,#3486,.T.);
#4577=ORIENTED_EDGE('',*,*,#3485,.F.);
#4578=ORIENTED_EDGE('',*,*,#3466,.F.);
#4579=ORIENTED_EDGE('',*,*,#3487,.T.);
#4580=ORIENTED_EDGE('',*,*,#3486,.F.);
#4581=ORIENTED_EDGE('',*,*,#3487,.F.);
#4582=ORIENTED_EDGE('',*,*,#3453,.T.);
#4583=ORIENTED_EDGE('',*,*,#3488,.T.);
#4584=ORIENTED_EDGE('',*,*,#3489,.T.);
#4585=ORIENTED_EDGE('',*,*,#3488,.F.);
#4586=ORIENTED_EDGE('',*,*,#3472,.F.);
#4587=ORIENTED_EDGE('',*,*,#3490,.T.);
#4588=ORIENTED_EDGE('',*,*,#3489,.F.);
#4589=ORIENTED_EDGE('',*,*,#3490,.F.);
#4590=ORIENTED_EDGE('',*,*,#3429,.F.);
#4591=ORIENTED_EDGE('',*,*,#3491,.T.);
#4592=ORIENTED_EDGE('',*,*,#3492,.T.);
#4593=ORIENTED_EDGE('',*,*,#3493,.T.);
#4594=ORIENTED_EDGE('',*,*,#3432,.F.);
#4595=ORIENTED_EDGE('',*,*,#3444,.F.);
#4596=ORIENTED_EDGE('',*,*,#3494,.F.);
#4597=ORIENTED_EDGE('',*,*,#3491,.F.);
#4598=ORIENTED_EDGE('',*,*,#3423,.F.);
#4599=ORIENTED_EDGE('',*,*,#3495,.T.);
#4600=ORIENTED_EDGE('',*,*,#3496,.T.);
#4601=ORIENTED_EDGE('',*,*,#3449,.T.);
#4602=ORIENTED_EDGE('',*,*,#3426,.F.);
#4603=ORIENTED_EDGE('',*,*,#3493,.F.);
#4604=ORIENTED_EDGE('',*,*,#3497,.F.);
#4605=ORIENTED_EDGE('',*,*,#3495,.F.);
#4606=ORIENTED_EDGE('',*,*,#3477,.T.);
#4607=ORIENTED_EDGE('',*,*,#3471,.T.);
#4608=ORIENTED_EDGE('',*,*,#3459,.T.);
#4609=ORIENTED_EDGE('',*,*,#3465,.T.);
#4610=ORIENTED_EDGE('',*,*,#3492,.F.);
#4611=ORIENTED_EDGE('',*,*,#3494,.T.);
#4612=ORIENTED_EDGE('',*,*,#3443,.F.);
#4613=ORIENTED_EDGE('',*,*,#3446,.T.);
#4614=ORIENTED_EDGE('',*,*,#3448,.F.);
#4615=ORIENTED_EDGE('',*,*,#3450,.T.);
#4616=ORIENTED_EDGE('',*,*,#3496,.F.);
#4617=ORIENTED_EDGE('',*,*,#3497,.T.);
#4618=ORIENTED_EDGE('',*,*,#3498,.T.);
#4619=ORIENTED_EDGE('',*,*,#3499,.T.);
#4620=ORIENTED_EDGE('',*,*,#3500,.T.);
#4621=ORIENTED_EDGE('',*,*,#3501,.T.);
#4622=ORIENTED_EDGE('',*,*,#3502,.T.);
#4623=ORIENTED_EDGE('',*,*,#3503,.T.);
#4624=ORIENTED_EDGE('',*,*,#3504,.T.);
#4625=ORIENTED_EDGE('',*,*,#3505,.T.);
#4626=ORIENTED_EDGE('',*,*,#3506,.T.);
#4627=ORIENTED_EDGE('',*,*,#3507,.T.);
#4628=ORIENTED_EDGE('',*,*,#3508,.T.);
#4629=ORIENTED_EDGE('',*,*,#3509,.T.);
#4630=ORIENTED_EDGE('',*,*,#3510,.T.);
#4631=ORIENTED_EDGE('',*,*,#3511,.T.);
#4632=ORIENTED_EDGE('',*,*,#3512,.T.);
#4633=ORIENTED_EDGE('',*,*,#3513,.T.);
#4634=ORIENTED_EDGE('',*,*,#3514,.T.);
#4635=ORIENTED_EDGE('',*,*,#3515,.T.);
#4636=ORIENTED_EDGE('',*,*,#3516,.T.);
#4637=ORIENTED_EDGE('',*,*,#3517,.T.);
#4638=ORIENTED_EDGE('',*,*,#3518,.T.);
#4639=ORIENTED_EDGE('',*,*,#3519,.T.);
#4640=ORIENTED_EDGE('',*,*,#3520,.T.);
#4641=ORIENTED_EDGE('',*,*,#3521,.T.);
#4642=ORIENTED_EDGE('',*,*,#3522,.T.);
#4643=ORIENTED_EDGE('',*,*,#3523,.T.);
#4644=ORIENTED_EDGE('',*,*,#3524,.F.);
#4645=ORIENTED_EDGE('',*,*,#3525,.F.);
#4646=ORIENTED_EDGE('',*,*,#3526,.F.);
#4647=ORIENTED_EDGE('',*,*,#3499,.F.);
#4648=ORIENTED_EDGE('',*,*,#3526,.T.);
#4649=ORIENTED_EDGE('',*,*,#3527,.F.);
#4650=ORIENTED_EDGE('',*,*,#3528,.F.);
#4651=ORIENTED_EDGE('',*,*,#3500,.F.);
#4652=ORIENTED_EDGE('',*,*,#3528,.T.);
#4653=ORIENTED_EDGE('',*,*,#3529,.F.);
#4654=ORIENTED_EDGE('',*,*,#3530,.F.);
#4655=ORIENTED_EDGE('',*,*,#3501,.F.);
#4656=ORIENTED_EDGE('',*,*,#3530,.T.);
#4657=ORIENTED_EDGE('',*,*,#3531,.F.);
#4658=ORIENTED_EDGE('',*,*,#3532,.F.);
#4659=ORIENTED_EDGE('',*,*,#3502,.F.);
#4660=ORIENTED_EDGE('',*,*,#3532,.T.);
#4661=ORIENTED_EDGE('',*,*,#3533,.F.);
#4662=ORIENTED_EDGE('',*,*,#3534,.F.);
#4663=ORIENTED_EDGE('',*,*,#3503,.F.);
#4664=ORIENTED_EDGE('',*,*,#3534,.T.);
#4665=ORIENTED_EDGE('',*,*,#3535,.F.);
#4666=ORIENTED_EDGE('',*,*,#3536,.F.);
#4667=ORIENTED_EDGE('',*,*,#3504,.F.);
#4668=ORIENTED_EDGE('',*,*,#3536,.T.);
#4669=ORIENTED_EDGE('',*,*,#3537,.F.);
#4670=ORIENTED_EDGE('',*,*,#3538,.F.);
#4671=ORIENTED_EDGE('',*,*,#3505,.F.);
#4672=ORIENTED_EDGE('',*,*,#3538,.T.);
#4673=ORIENTED_EDGE('',*,*,#3539,.F.);
#4674=ORIENTED_EDGE('',*,*,#3540,.F.);
#4675=ORIENTED_EDGE('',*,*,#3506,.F.);
#4676=ORIENTED_EDGE('',*,*,#3540,.T.);
#4677=ORIENTED_EDGE('',*,*,#3541,.F.);
#4678=ORIENTED_EDGE('',*,*,#3542,.F.);
#4679=ORIENTED_EDGE('',*,*,#3507,.F.);
#4680=ORIENTED_EDGE('',*,*,#3542,.T.);
#4681=ORIENTED_EDGE('',*,*,#3543,.F.);
#4682=ORIENTED_EDGE('',*,*,#3544,.F.);
#4683=ORIENTED_EDGE('',*,*,#3508,.F.);
#4684=ORIENTED_EDGE('',*,*,#3544,.T.);
#4685=ORIENTED_EDGE('',*,*,#3545,.F.);
#4686=ORIENTED_EDGE('',*,*,#3546,.F.);
#4687=ORIENTED_EDGE('',*,*,#3509,.F.);
#4688=ORIENTED_EDGE('',*,*,#3546,.T.);
#4689=ORIENTED_EDGE('',*,*,#3547,.F.);
#4690=ORIENTED_EDGE('',*,*,#3548,.F.);
#4691=ORIENTED_EDGE('',*,*,#3510,.F.);
#4692=ORIENTED_EDGE('',*,*,#3548,.T.);
#4693=ORIENTED_EDGE('',*,*,#3549,.F.);
#4694=ORIENTED_EDGE('',*,*,#3550,.F.);
#4695=ORIENTED_EDGE('',*,*,#3511,.F.);
#4696=ORIENTED_EDGE('',*,*,#3550,.T.);
#4697=ORIENTED_EDGE('',*,*,#3551,.F.);
#4698=ORIENTED_EDGE('',*,*,#3552,.F.);
#4699=ORIENTED_EDGE('',*,*,#3512,.F.);
#4700=ORIENTED_EDGE('',*,*,#3552,.T.);
#4701=ORIENTED_EDGE('',*,*,#3553,.F.);
#4702=ORIENTED_EDGE('',*,*,#3554,.F.);
#4703=ORIENTED_EDGE('',*,*,#3513,.F.);
#4704=ORIENTED_EDGE('',*,*,#3554,.T.);
#4705=ORIENTED_EDGE('',*,*,#3555,.F.);
#4706=ORIENTED_EDGE('',*,*,#3556,.F.);
#4707=ORIENTED_EDGE('',*,*,#3514,.F.);
#4708=ORIENTED_EDGE('',*,*,#3556,.T.);
#4709=ORIENTED_EDGE('',*,*,#3557,.F.);
#4710=ORIENTED_EDGE('',*,*,#3558,.F.);
#4711=ORIENTED_EDGE('',*,*,#3515,.F.);
#4712=ORIENTED_EDGE('',*,*,#3558,.T.);
#4713=ORIENTED_EDGE('',*,*,#3559,.F.);
#4714=ORIENTED_EDGE('',*,*,#3560,.F.);
#4715=ORIENTED_EDGE('',*,*,#3516,.F.);
#4716=ORIENTED_EDGE('',*,*,#3560,.T.);
#4717=ORIENTED_EDGE('',*,*,#3561,.F.);
#4718=ORIENTED_EDGE('',*,*,#3562,.F.);
#4719=ORIENTED_EDGE('',*,*,#3517,.F.);
#4720=ORIENTED_EDGE('',*,*,#3562,.T.);
#4721=ORIENTED_EDGE('',*,*,#3563,.F.);
#4722=ORIENTED_EDGE('',*,*,#3564,.F.);
#4723=ORIENTED_EDGE('',*,*,#3518,.F.);
#4724=ORIENTED_EDGE('',*,*,#3564,.T.);
#4725=ORIENTED_EDGE('',*,*,#3565,.F.);
#4726=ORIENTED_EDGE('',*,*,#3566,.F.);
#4727=ORIENTED_EDGE('',*,*,#3519,.F.);
#4728=ORIENTED_EDGE('',*,*,#3566,.T.);
#4729=ORIENTED_EDGE('',*,*,#3567,.F.);
#4730=ORIENTED_EDGE('',*,*,#3568,.F.);
#4731=ORIENTED_EDGE('',*,*,#3520,.F.);
#4732=ORIENTED_EDGE('',*,*,#3568,.T.);
#4733=ORIENTED_EDGE('',*,*,#3569,.F.);
#4734=ORIENTED_EDGE('',*,*,#3570,.F.);
#4735=ORIENTED_EDGE('',*,*,#3521,.F.);
#4736=ORIENTED_EDGE('',*,*,#3570,.T.);
#4737=ORIENTED_EDGE('',*,*,#3571,.F.);
#4738=ORIENTED_EDGE('',*,*,#3572,.F.);
#4739=ORIENTED_EDGE('',*,*,#3522,.F.);
#4740=ORIENTED_EDGE('',*,*,#3572,.T.);
#4741=ORIENTED_EDGE('',*,*,#3573,.F.);
#4742=ORIENTED_EDGE('',*,*,#3574,.F.);
#4743=ORIENTED_EDGE('',*,*,#3523,.F.);
#4744=ORIENTED_EDGE('',*,*,#3574,.T.);
#4745=ORIENTED_EDGE('',*,*,#3575,.F.);
#4746=ORIENTED_EDGE('',*,*,#3524,.T.);
#4747=ORIENTED_EDGE('',*,*,#3498,.F.);
#4748=ORIENTED_EDGE('',*,*,#3575,.T.);
#4749=ORIENTED_EDGE('',*,*,#3573,.T.);
#4750=ORIENTED_EDGE('',*,*,#3571,.T.);
#4751=ORIENTED_EDGE('',*,*,#3569,.T.);
#4752=ORIENTED_EDGE('',*,*,#3567,.T.);
#4753=ORIENTED_EDGE('',*,*,#3565,.T.);
#4754=ORIENTED_EDGE('',*,*,#3563,.T.);
#4755=ORIENTED_EDGE('',*,*,#3561,.T.);
#4756=ORIENTED_EDGE('',*,*,#3559,.T.);
#4757=ORIENTED_EDGE('',*,*,#3557,.T.);
#4758=ORIENTED_EDGE('',*,*,#3555,.T.);
#4759=ORIENTED_EDGE('',*,*,#3553,.T.);
#4760=ORIENTED_EDGE('',*,*,#3551,.T.);
#4761=ORIENTED_EDGE('',*,*,#3549,.T.);
#4762=ORIENTED_EDGE('',*,*,#3547,.T.);
#4763=ORIENTED_EDGE('',*,*,#3545,.T.);
#4764=ORIENTED_EDGE('',*,*,#3543,.T.);
#4765=ORIENTED_EDGE('',*,*,#3541,.T.);
#4766=ORIENTED_EDGE('',*,*,#3539,.T.);
#4767=ORIENTED_EDGE('',*,*,#3537,.T.);
#4768=ORIENTED_EDGE('',*,*,#3535,.T.);
#4769=ORIENTED_EDGE('',*,*,#3533,.T.);
#4770=ORIENTED_EDGE('',*,*,#3531,.T.);
#4771=ORIENTED_EDGE('',*,*,#3529,.T.);
#4772=ORIENTED_EDGE('',*,*,#3527,.T.);
#4773=ORIENTED_EDGE('',*,*,#3525,.T.);
#4774=ORIENTED_EDGE('',*,*,#3576,.T.);
#4775=ORIENTED_EDGE('',*,*,#3577,.T.);
#4776=ORIENTED_EDGE('',*,*,#3578,.F.);
#4777=ORIENTED_EDGE('',*,*,#3579,.F.);
#4778=ORIENTED_EDGE('',*,*,#3580,.T.);
#4779=ORIENTED_EDGE('',*,*,#3581,.F.);
#4780=ORIENTED_EDGE('',*,*,#3582,.T.);
#4781=ORIENTED_EDGE('',*,*,#3578,.T.);
#4782=ORIENTED_EDGE('',*,*,#3583,.T.);
#4783=ORIENTED_EDGE('',*,*,#3584,.T.);
#4784=ORIENTED_EDGE('',*,*,#3585,.T.);
#4785=ORIENTED_EDGE('',*,*,#3576,.F.);
#4786=ORIENTED_EDGE('',*,*,#3585,.F.);
#4787=ORIENTED_EDGE('',*,*,#3586,.T.);
#4788=ORIENTED_EDGE('',*,*,#3580,.F.);
#4789=ORIENTED_EDGE('',*,*,#3577,.F.);
#4790=ORIENTED_EDGE('',*,*,#3584,.F.);
#4791=ORIENTED_EDGE('',*,*,#3587,.T.);
#4792=ORIENTED_EDGE('',*,*,#3581,.T.);
#4793=ORIENTED_EDGE('',*,*,#3586,.F.);
#4794=ORIENTED_EDGE('',*,*,#3583,.F.);
#4795=ORIENTED_EDGE('',*,*,#3579,.T.);
#4796=ORIENTED_EDGE('',*,*,#3582,.F.);
#4797=ORIENTED_EDGE('',*,*,#3587,.F.);
#4798=ORIENTED_EDGE('',*,*,#3588,.T.);
#4799=ORIENTED_EDGE('',*,*,#3589,.T.);
#4800=ORIENTED_EDGE('',*,*,#3590,.F.);
#4801=ORIENTED_EDGE('',*,*,#3591,.F.);
#4802=ORIENTED_EDGE('',*,*,#3592,.T.);
#4803=ORIENTED_EDGE('',*,*,#3593,.F.);
#4804=ORIENTED_EDGE('',*,*,#3594,.T.);
#4805=ORIENTED_EDGE('',*,*,#3590,.T.);
#4806=ORIENTED_EDGE('',*,*,#3595,.T.);
#4807=ORIENTED_EDGE('',*,*,#3596,.T.);
#4808=ORIENTED_EDGE('',*,*,#3597,.T.);
#4809=ORIENTED_EDGE('',*,*,#3588,.F.);
#4810=ORIENTED_EDGE('',*,*,#3597,.F.);
#4811=ORIENTED_EDGE('',*,*,#3598,.T.);
#4812=ORIENTED_EDGE('',*,*,#3592,.F.);
#4813=ORIENTED_EDGE('',*,*,#3589,.F.);
#4814=ORIENTED_EDGE('',*,*,#3596,.F.);
#4815=ORIENTED_EDGE('',*,*,#3599,.T.);
#4816=ORIENTED_EDGE('',*,*,#3593,.T.);
#4817=ORIENTED_EDGE('',*,*,#3598,.F.);
#4818=ORIENTED_EDGE('',*,*,#3595,.F.);
#4819=ORIENTED_EDGE('',*,*,#3591,.T.);
#4820=ORIENTED_EDGE('',*,*,#3594,.F.);
#4821=ORIENTED_EDGE('',*,*,#3599,.F.);
#4822=ORIENTED_EDGE('',*,*,#3600,.T.);
#4823=ORIENTED_EDGE('',*,*,#3601,.T.);
#4824=ORIENTED_EDGE('',*,*,#3602,.F.);
#4825=ORIENTED_EDGE('',*,*,#3603,.F.);
#4826=ORIENTED_EDGE('',*,*,#3604,.T.);
#4827=ORIENTED_EDGE('',*,*,#3605,.F.);
#4828=ORIENTED_EDGE('',*,*,#3606,.T.);
#4829=ORIENTED_EDGE('',*,*,#3602,.T.);
#4830=ORIENTED_EDGE('',*,*,#3607,.T.);
#4831=ORIENTED_EDGE('',*,*,#3608,.T.);
#4832=ORIENTED_EDGE('',*,*,#3609,.T.);
#4833=ORIENTED_EDGE('',*,*,#3600,.F.);
#4834=ORIENTED_EDGE('',*,*,#3609,.F.);
#4835=ORIENTED_EDGE('',*,*,#3610,.T.);
#4836=ORIENTED_EDGE('',*,*,#3604,.F.);
#4837=ORIENTED_EDGE('',*,*,#3601,.F.);
#4838=ORIENTED_EDGE('',*,*,#3608,.F.);
#4839=ORIENTED_EDGE('',*,*,#3611,.T.);
#4840=ORIENTED_EDGE('',*,*,#3605,.T.);
#4841=ORIENTED_EDGE('',*,*,#3610,.F.);
#4842=ORIENTED_EDGE('',*,*,#3607,.F.);
#4843=ORIENTED_EDGE('',*,*,#3603,.T.);
#4844=ORIENTED_EDGE('',*,*,#3606,.F.);
#4845=ORIENTED_EDGE('',*,*,#3611,.F.);
#4846=ORIENTED_EDGE('',*,*,#3612,.T.);
#4847=ORIENTED_EDGE('',*,*,#3613,.T.);
#4848=ORIENTED_EDGE('',*,*,#3614,.F.);
#4849=ORIENTED_EDGE('',*,*,#3615,.F.);
#4850=ORIENTED_EDGE('',*,*,#3616,.T.);
#4851=ORIENTED_EDGE('',*,*,#3617,.F.);
#4852=ORIENTED_EDGE('',*,*,#3618,.T.);
#4853=ORIENTED_EDGE('',*,*,#3614,.T.);
#4854=ORIENTED_EDGE('',*,*,#3619,.T.);
#4855=ORIENTED_EDGE('',*,*,#3620,.T.);
#4856=ORIENTED_EDGE('',*,*,#3621,.T.);
#4857=ORIENTED_EDGE('',*,*,#3612,.F.);
#4858=ORIENTED_EDGE('',*,*,#3621,.F.);
#4859=ORIENTED_EDGE('',*,*,#3622,.T.);
#4860=ORIENTED_EDGE('',*,*,#3616,.F.);
#4861=ORIENTED_EDGE('',*,*,#3613,.F.);
#4862=ORIENTED_EDGE('',*,*,#3620,.F.);
#4863=ORIENTED_EDGE('',*,*,#3623,.T.);
#4864=ORIENTED_EDGE('',*,*,#3617,.T.);
#4865=ORIENTED_EDGE('',*,*,#3622,.F.);
#4866=ORIENTED_EDGE('',*,*,#3619,.F.);
#4867=ORIENTED_EDGE('',*,*,#3615,.T.);
#4868=ORIENTED_EDGE('',*,*,#3618,.F.);
#4869=ORIENTED_EDGE('',*,*,#3623,.F.);
#4870=ORIENTED_EDGE('',*,*,#3624,.T.);
#4871=ORIENTED_EDGE('',*,*,#3625,.T.);
#4872=ORIENTED_EDGE('',*,*,#3626,.T.);
#4873=ORIENTED_EDGE('',*,*,#3627,.T.);
#4874=ORIENTED_EDGE('',*,*,#3628,.T.);
#4875=ORIENTED_EDGE('',*,*,#3629,.T.);
#4876=ORIENTED_EDGE('',*,*,#3630,.T.);
#4877=ORIENTED_EDGE('',*,*,#3631,.T.);
#4878=ORIENTED_EDGE('',*,*,#3632,.T.);
#4879=ORIENTED_EDGE('',*,*,#3633,.T.);
#4880=ORIENTED_EDGE('',*,*,#3634,.T.);
#4881=ORIENTED_EDGE('',*,*,#3635,.T.);
#4882=ORIENTED_EDGE('',*,*,#3636,.T.);
#4883=ORIENTED_EDGE('',*,*,#3637,.T.);
#4884=ORIENTED_EDGE('',*,*,#3638,.T.);
#4885=ORIENTED_EDGE('',*,*,#3639,.T.);
#4886=ORIENTED_EDGE('',*,*,#3640,.T.);
#4887=ORIENTED_EDGE('',*,*,#3641,.T.);
#4888=ORIENTED_EDGE('',*,*,#3642,.T.);
#4889=ORIENTED_EDGE('',*,*,#3643,.T.);
#4890=ORIENTED_EDGE('',*,*,#3644,.T.);
#4891=ORIENTED_EDGE('',*,*,#3645,.F.);
#4892=ORIENTED_EDGE('',*,*,#3646,.F.);
#4893=ORIENTED_EDGE('',*,*,#3647,.F.);
#4894=ORIENTED_EDGE('',*,*,#3625,.F.);
#4895=ORIENTED_EDGE('',*,*,#3647,.T.);
#4896=ORIENTED_EDGE('',*,*,#3648,.F.);
#4897=ORIENTED_EDGE('',*,*,#3649,.F.);
#4898=ORIENTED_EDGE('',*,*,#3626,.F.);
#4899=ORIENTED_EDGE('',*,*,#3649,.T.);
#4900=ORIENTED_EDGE('',*,*,#3650,.F.);
#4901=ORIENTED_EDGE('',*,*,#3651,.F.);
#4902=ORIENTED_EDGE('',*,*,#3627,.F.);
#4903=ORIENTED_EDGE('',*,*,#3651,.T.);
#4904=ORIENTED_EDGE('',*,*,#3652,.F.);
#4905=ORIENTED_EDGE('',*,*,#3653,.F.);
#4906=ORIENTED_EDGE('',*,*,#3628,.F.);
#4907=ORIENTED_EDGE('',*,*,#3653,.T.);
#4908=ORIENTED_EDGE('',*,*,#3654,.F.);
#4909=ORIENTED_EDGE('',*,*,#3655,.F.);
#4910=ORIENTED_EDGE('',*,*,#3629,.F.);
#4911=ORIENTED_EDGE('',*,*,#3655,.T.);
#4912=ORIENTED_EDGE('',*,*,#3656,.F.);
#4913=ORIENTED_EDGE('',*,*,#3657,.F.);
#4914=ORIENTED_EDGE('',*,*,#3630,.F.);
#4915=ORIENTED_EDGE('',*,*,#3657,.T.);
#4916=ORIENTED_EDGE('',*,*,#3658,.F.);
#4917=ORIENTED_EDGE('',*,*,#3659,.F.);
#4918=ORIENTED_EDGE('',*,*,#3631,.F.);
#4919=ORIENTED_EDGE('',*,*,#3659,.T.);
#4920=ORIENTED_EDGE('',*,*,#3660,.F.);
#4921=ORIENTED_EDGE('',*,*,#3661,.F.);
#4922=ORIENTED_EDGE('',*,*,#3632,.F.);
#4923=ORIENTED_EDGE('',*,*,#3661,.T.);
#4924=ORIENTED_EDGE('',*,*,#3662,.F.);
#4925=ORIENTED_EDGE('',*,*,#3663,.F.);
#4926=ORIENTED_EDGE('',*,*,#3633,.F.);
#4927=ORIENTED_EDGE('',*,*,#3663,.T.);
#4928=ORIENTED_EDGE('',*,*,#3664,.F.);
#4929=ORIENTED_EDGE('',*,*,#3665,.F.);
#4930=ORIENTED_EDGE('',*,*,#3634,.F.);
#4931=ORIENTED_EDGE('',*,*,#3665,.T.);
#4932=ORIENTED_EDGE('',*,*,#3666,.F.);
#4933=ORIENTED_EDGE('',*,*,#3667,.F.);
#4934=ORIENTED_EDGE('',*,*,#3635,.F.);
#4935=ORIENTED_EDGE('',*,*,#3667,.T.);
#4936=ORIENTED_EDGE('',*,*,#3668,.F.);
#4937=ORIENTED_EDGE('',*,*,#3669,.F.);
#4938=ORIENTED_EDGE('',*,*,#3636,.F.);
#4939=ORIENTED_EDGE('',*,*,#3669,.T.);
#4940=ORIENTED_EDGE('',*,*,#3670,.F.);
#4941=ORIENTED_EDGE('',*,*,#3671,.F.);
#4942=ORIENTED_EDGE('',*,*,#3637,.F.);
#4943=ORIENTED_EDGE('',*,*,#3671,.T.);
#4944=ORIENTED_EDGE('',*,*,#3672,.F.);
#4945=ORIENTED_EDGE('',*,*,#3673,.F.);
#4946=ORIENTED_EDGE('',*,*,#3638,.F.);
#4947=ORIENTED_EDGE('',*,*,#3673,.T.);
#4948=ORIENTED_EDGE('',*,*,#3674,.F.);
#4949=ORIENTED_EDGE('',*,*,#3675,.F.);
#4950=ORIENTED_EDGE('',*,*,#3639,.F.);
#4951=ORIENTED_EDGE('',*,*,#3675,.T.);
#4952=ORIENTED_EDGE('',*,*,#3676,.F.);
#4953=ORIENTED_EDGE('',*,*,#3677,.F.);
#4954=ORIENTED_EDGE('',*,*,#3640,.F.);
#4955=ORIENTED_EDGE('',*,*,#3677,.T.);
#4956=ORIENTED_EDGE('',*,*,#3678,.F.);
#4957=ORIENTED_EDGE('',*,*,#3679,.F.);
#4958=ORIENTED_EDGE('',*,*,#3641,.F.);
#4959=ORIENTED_EDGE('',*,*,#3679,.T.);
#4960=ORIENTED_EDGE('',*,*,#3680,.F.);
#4961=ORIENTED_EDGE('',*,*,#3681,.F.);
#4962=ORIENTED_EDGE('',*,*,#3642,.F.);
#4963=ORIENTED_EDGE('',*,*,#3681,.T.);
#4964=ORIENTED_EDGE('',*,*,#3682,.F.);
#4965=ORIENTED_EDGE('',*,*,#3683,.F.);
#4966=ORIENTED_EDGE('',*,*,#3643,.F.);
#4967=ORIENTED_EDGE('',*,*,#3683,.T.);
#4968=ORIENTED_EDGE('',*,*,#3684,.F.);
#4969=ORIENTED_EDGE('',*,*,#3685,.F.);
#4970=ORIENTED_EDGE('',*,*,#3644,.F.);
#4971=ORIENTED_EDGE('',*,*,#3685,.T.);
#4972=ORIENTED_EDGE('',*,*,#3686,.F.);
#4973=ORIENTED_EDGE('',*,*,#3645,.T.);
#4974=ORIENTED_EDGE('',*,*,#3624,.F.);
#4975=ORIENTED_EDGE('',*,*,#3686,.T.);
#4976=ORIENTED_EDGE('',*,*,#3684,.T.);
#4977=ORIENTED_EDGE('',*,*,#3682,.T.);
#4978=ORIENTED_EDGE('',*,*,#3680,.T.);
#4979=ORIENTED_EDGE('',*,*,#3678,.T.);
#4980=ORIENTED_EDGE('',*,*,#3676,.T.);
#4981=ORIENTED_EDGE('',*,*,#3674,.T.);
#4982=ORIENTED_EDGE('',*,*,#3672,.T.);
#4983=ORIENTED_EDGE('',*,*,#3670,.T.);
#4984=ORIENTED_EDGE('',*,*,#3668,.T.);
#4985=ORIENTED_EDGE('',*,*,#3666,.T.);
#4986=ORIENTED_EDGE('',*,*,#3664,.T.);
#4987=ORIENTED_EDGE('',*,*,#3662,.T.);
#4988=ORIENTED_EDGE('',*,*,#3660,.T.);
#4989=ORIENTED_EDGE('',*,*,#3658,.T.);
#4990=ORIENTED_EDGE('',*,*,#3656,.T.);
#4991=ORIENTED_EDGE('',*,*,#3654,.T.);
#4992=ORIENTED_EDGE('',*,*,#3652,.T.);
#4993=ORIENTED_EDGE('',*,*,#3650,.T.);
#4994=ORIENTED_EDGE('',*,*,#3648,.T.);
#4995=ORIENTED_EDGE('',*,*,#3646,.T.);
#4996=ORIENTED_EDGE('',*,*,#3687,.T.);
#4997=ORIENTED_EDGE('',*,*,#3688,.T.);
#4998=ORIENTED_EDGE('',*,*,#3689,.T.);
#4999=ORIENTED_EDGE('',*,*,#3690,.T.);
#5000=ORIENTED_EDGE('',*,*,#3691,.T.);
#5001=ORIENTED_EDGE('',*,*,#3692,.T.);
#5002=ORIENTED_EDGE('',*,*,#3693,.T.);
#5003=ORIENTED_EDGE('',*,*,#3694,.T.);
#5004=ORIENTED_EDGE('',*,*,#3695,.T.);
#5005=ORIENTED_EDGE('',*,*,#3696,.T.);
#5006=ORIENTED_EDGE('',*,*,#3697,.T.);
#5007=ORIENTED_EDGE('',*,*,#3698,.T.);
#5008=ORIENTED_EDGE('',*,*,#3699,.T.);
#5009=ORIENTED_EDGE('',*,*,#3700,.T.);
#5010=ORIENTED_EDGE('',*,*,#3701,.T.);
#5011=ORIENTED_EDGE('',*,*,#3702,.T.);
#5012=ORIENTED_EDGE('',*,*,#3703,.T.);
#5013=ORIENTED_EDGE('',*,*,#3704,.T.);
#5014=ORIENTED_EDGE('',*,*,#3705,.T.);
#5015=ORIENTED_EDGE('',*,*,#3706,.T.);
#5016=ORIENTED_EDGE('',*,*,#3707,.T.);
#5017=ORIENTED_EDGE('',*,*,#3708,.F.);
#5018=ORIENTED_EDGE('',*,*,#3709,.F.);
#5019=ORIENTED_EDGE('',*,*,#3710,.F.);
#5020=ORIENTED_EDGE('',*,*,#3701,.F.);
#5021=ORIENTED_EDGE('',*,*,#3710,.T.);
#5022=ORIENTED_EDGE('',*,*,#3711,.F.);
#5023=ORIENTED_EDGE('',*,*,#3712,.F.);
#5024=ORIENTED_EDGE('',*,*,#3702,.F.);
#5025=ORIENTED_EDGE('',*,*,#3712,.T.);
#5026=ORIENTED_EDGE('',*,*,#3713,.F.);
#5027=ORIENTED_EDGE('',*,*,#3714,.F.);
#5028=ORIENTED_EDGE('',*,*,#3703,.F.);
#5029=ORIENTED_EDGE('',*,*,#3714,.T.);
#5030=ORIENTED_EDGE('',*,*,#3715,.F.);
#5031=ORIENTED_EDGE('',*,*,#3716,.F.);
#5032=ORIENTED_EDGE('',*,*,#3704,.F.);
#5033=ORIENTED_EDGE('',*,*,#3716,.T.);
#5034=ORIENTED_EDGE('',*,*,#3717,.F.);
#5035=ORIENTED_EDGE('',*,*,#3718,.F.);
#5036=ORIENTED_EDGE('',*,*,#3705,.F.);
#5037=ORIENTED_EDGE('',*,*,#3718,.T.);
#5038=ORIENTED_EDGE('',*,*,#3719,.F.);
#5039=ORIENTED_EDGE('',*,*,#3720,.F.);
#5040=ORIENTED_EDGE('',*,*,#3706,.F.);
#5041=ORIENTED_EDGE('',*,*,#3720,.T.);
#5042=ORIENTED_EDGE('',*,*,#3721,.F.);
#5043=ORIENTED_EDGE('',*,*,#3722,.F.);
#5044=ORIENTED_EDGE('',*,*,#3707,.F.);
#5045=ORIENTED_EDGE('',*,*,#3722,.T.);
#5046=ORIENTED_EDGE('',*,*,#3723,.F.);
#5047=ORIENTED_EDGE('',*,*,#3708,.T.);
#5048=ORIENTED_EDGE('',*,*,#3700,.F.);
#5049=ORIENTED_EDGE('',*,*,#3724,.F.);
#5050=ORIENTED_EDGE('',*,*,#3725,.F.);
#5051=ORIENTED_EDGE('',*,*,#3726,.F.);
#5052=ORIENTED_EDGE('',*,*,#3688,.F.);
#5053=ORIENTED_EDGE('',*,*,#3726,.T.);
#5054=ORIENTED_EDGE('',*,*,#3727,.F.);
#5055=ORIENTED_EDGE('',*,*,#3728,.F.);
#5056=ORIENTED_EDGE('',*,*,#3689,.F.);
#5057=ORIENTED_EDGE('',*,*,#3728,.T.);
#5058=ORIENTED_EDGE('',*,*,#3729,.F.);
#5059=ORIENTED_EDGE('',*,*,#3730,.F.);
#5060=ORIENTED_EDGE('',*,*,#3690,.F.);
#5061=ORIENTED_EDGE('',*,*,#3730,.T.);
#5062=ORIENTED_EDGE('',*,*,#3731,.F.);
#5063=ORIENTED_EDGE('',*,*,#3732,.F.);
#5064=ORIENTED_EDGE('',*,*,#3691,.F.);
#5065=ORIENTED_EDGE('',*,*,#3732,.T.);
#5066=ORIENTED_EDGE('',*,*,#3733,.F.);
#5067=ORIENTED_EDGE('',*,*,#3734,.F.);
#5068=ORIENTED_EDGE('',*,*,#3692,.F.);
#5069=ORIENTED_EDGE('',*,*,#3734,.T.);
#5070=ORIENTED_EDGE('',*,*,#3735,.F.);
#5071=ORIENTED_EDGE('',*,*,#3736,.F.);
#5072=ORIENTED_EDGE('',*,*,#3693,.F.);
#5073=ORIENTED_EDGE('',*,*,#3736,.T.);
#5074=ORIENTED_EDGE('',*,*,#3737,.F.);
#5075=ORIENTED_EDGE('',*,*,#3738,.F.);
#5076=ORIENTED_EDGE('',*,*,#3694,.F.);
#5077=ORIENTED_EDGE('',*,*,#3738,.T.);
#5078=ORIENTED_EDGE('',*,*,#3739,.F.);
#5079=ORIENTED_EDGE('',*,*,#3740,.F.);
#5080=ORIENTED_EDGE('',*,*,#3695,.F.);
#5081=ORIENTED_EDGE('',*,*,#3740,.T.);
#5082=ORIENTED_EDGE('',*,*,#3741,.F.);
#5083=ORIENTED_EDGE('',*,*,#3742,.F.);
#5084=ORIENTED_EDGE('',*,*,#3696,.F.);
#5085=ORIENTED_EDGE('',*,*,#3742,.T.);
#5086=ORIENTED_EDGE('',*,*,#3743,.F.);
#5087=ORIENTED_EDGE('',*,*,#3744,.F.);
#5088=ORIENTED_EDGE('',*,*,#3697,.F.);
#5089=ORIENTED_EDGE('',*,*,#3744,.T.);
#5090=ORIENTED_EDGE('',*,*,#3745,.F.);
#5091=ORIENTED_EDGE('',*,*,#3746,.F.);
#5092=ORIENTED_EDGE('',*,*,#3698,.F.);
#5093=ORIENTED_EDGE('',*,*,#3746,.T.);
#5094=ORIENTED_EDGE('',*,*,#3747,.F.);
#5095=ORIENTED_EDGE('',*,*,#3748,.F.);
#5096=ORIENTED_EDGE('',*,*,#3699,.F.);
#5097=ORIENTED_EDGE('',*,*,#3748,.T.);
#5098=ORIENTED_EDGE('',*,*,#3749,.F.);
#5099=ORIENTED_EDGE('',*,*,#3724,.T.);
#5100=ORIENTED_EDGE('',*,*,#3687,.F.);
#5101=ORIENTED_EDGE('',*,*,#3749,.T.);
#5102=ORIENTED_EDGE('',*,*,#3747,.T.);
#5103=ORIENTED_EDGE('',*,*,#3745,.T.);
#5104=ORIENTED_EDGE('',*,*,#3743,.T.);
#5105=ORIENTED_EDGE('',*,*,#3741,.T.);
#5106=ORIENTED_EDGE('',*,*,#3739,.T.);
#5107=ORIENTED_EDGE('',*,*,#3737,.T.);
#5108=ORIENTED_EDGE('',*,*,#3735,.T.);
#5109=ORIENTED_EDGE('',*,*,#3733,.T.);
#5110=ORIENTED_EDGE('',*,*,#3731,.T.);
#5111=ORIENTED_EDGE('',*,*,#3729,.T.);
#5112=ORIENTED_EDGE('',*,*,#3727,.T.);
#5113=ORIENTED_EDGE('',*,*,#3725,.T.);
#5114=ORIENTED_EDGE('',*,*,#3723,.T.);
#5115=ORIENTED_EDGE('',*,*,#3721,.T.);
#5116=ORIENTED_EDGE('',*,*,#3719,.T.);
#5117=ORIENTED_EDGE('',*,*,#3717,.T.);
#5118=ORIENTED_EDGE('',*,*,#3715,.T.);
#5119=ORIENTED_EDGE('',*,*,#3713,.T.);
#5120=ORIENTED_EDGE('',*,*,#3711,.T.);
#5121=ORIENTED_EDGE('',*,*,#3709,.T.);
#5122=ORIENTED_EDGE('',*,*,#3750,.T.);
#5123=ORIENTED_EDGE('',*,*,#3751,.T.);
#5124=ORIENTED_EDGE('',*,*,#3752,.T.);
#5125=ORIENTED_EDGE('',*,*,#3753,.T.);
#5126=ORIENTED_EDGE('',*,*,#3754,.T.);
#5127=ORIENTED_EDGE('',*,*,#3755,.T.);
#5128=ORIENTED_EDGE('',*,*,#3756,.T.);
#5129=ORIENTED_EDGE('',*,*,#3757,.T.);
#5130=ORIENTED_EDGE('',*,*,#3758,.T.);
#5131=ORIENTED_EDGE('',*,*,#3759,.T.);
#5132=ORIENTED_EDGE('',*,*,#3760,.T.);
#5133=ORIENTED_EDGE('',*,*,#3761,.T.);
#5134=ORIENTED_EDGE('',*,*,#3762,.T.);
#5135=ORIENTED_EDGE('',*,*,#3763,.T.);
#5136=ORIENTED_EDGE('',*,*,#3764,.T.);
#5137=ORIENTED_EDGE('',*,*,#3765,.T.);
#5138=ORIENTED_EDGE('',*,*,#3766,.T.);
#5139=ORIENTED_EDGE('',*,*,#3767,.T.);
#5140=ORIENTED_EDGE('',*,*,#3768,.T.);
#5141=ORIENTED_EDGE('',*,*,#3769,.T.);
#5142=ORIENTED_EDGE('',*,*,#3770,.T.);
#5143=ORIENTED_EDGE('',*,*,#3771,.T.);
#5144=ORIENTED_EDGE('',*,*,#3772,.T.);
#5145=ORIENTED_EDGE('',*,*,#3773,.T.);
#5146=ORIENTED_EDGE('',*,*,#3774,.T.);
#5147=ORIENTED_EDGE('',*,*,#3775,.T.);
#5148=ORIENTED_EDGE('',*,*,#3776,.T.);
#5149=ORIENTED_EDGE('',*,*,#3777,.T.);
#5150=ORIENTED_EDGE('',*,*,#3778,.T.);
#5151=ORIENTED_EDGE('',*,*,#3779,.T.);
#5152=ORIENTED_EDGE('',*,*,#3780,.T.);
#5153=ORIENTED_EDGE('',*,*,#3781,.T.);
#5154=ORIENTED_EDGE('',*,*,#3782,.T.);
#5155=ORIENTED_EDGE('',*,*,#3783,.T.);
#5156=ORIENTED_EDGE('',*,*,#3784,.F.);
#5157=ORIENTED_EDGE('',*,*,#3785,.F.);
#5158=ORIENTED_EDGE('',*,*,#3786,.F.);
#5159=ORIENTED_EDGE('',*,*,#3776,.F.);
#5160=ORIENTED_EDGE('',*,*,#3786,.T.);
#5161=ORIENTED_EDGE('',*,*,#3787,.F.);
#5162=ORIENTED_EDGE('',*,*,#3788,.F.);
#5163=ORIENTED_EDGE('',*,*,#3777,.F.);
#5164=ORIENTED_EDGE('',*,*,#3788,.T.);
#5165=ORIENTED_EDGE('',*,*,#3789,.F.);
#5166=ORIENTED_EDGE('',*,*,#3790,.F.);
#5167=ORIENTED_EDGE('',*,*,#3778,.F.);
#5168=ORIENTED_EDGE('',*,*,#3790,.T.);
#5169=ORIENTED_EDGE('',*,*,#3791,.F.);
#5170=ORIENTED_EDGE('',*,*,#3792,.F.);
#5171=ORIENTED_EDGE('',*,*,#3779,.F.);
#5172=ORIENTED_EDGE('',*,*,#3792,.T.);
#5173=ORIENTED_EDGE('',*,*,#3793,.F.);
#5174=ORIENTED_EDGE('',*,*,#3794,.F.);
#5175=ORIENTED_EDGE('',*,*,#3780,.F.);
#5176=ORIENTED_EDGE('',*,*,#3794,.T.);
#5177=ORIENTED_EDGE('',*,*,#3795,.F.);
#5178=ORIENTED_EDGE('',*,*,#3796,.F.);
#5179=ORIENTED_EDGE('',*,*,#3781,.F.);
#5180=ORIENTED_EDGE('',*,*,#3796,.T.);
#5181=ORIENTED_EDGE('',*,*,#3797,.F.);
#5182=ORIENTED_EDGE('',*,*,#3798,.F.);
#5183=ORIENTED_EDGE('',*,*,#3782,.F.);
#5184=ORIENTED_EDGE('',*,*,#3798,.T.);
#5185=ORIENTED_EDGE('',*,*,#3799,.F.);
#5186=ORIENTED_EDGE('',*,*,#3800,.F.);
#5187=ORIENTED_EDGE('',*,*,#3783,.F.);
#5188=ORIENTED_EDGE('',*,*,#3800,.T.);
#5189=ORIENTED_EDGE('',*,*,#3801,.F.);
#5190=ORIENTED_EDGE('',*,*,#3784,.T.);
#5191=ORIENTED_EDGE('',*,*,#3775,.F.);
#5192=ORIENTED_EDGE('',*,*,#3802,.F.);
#5193=ORIENTED_EDGE('',*,*,#3803,.F.);
#5194=ORIENTED_EDGE('',*,*,#3804,.F.);
#5195=ORIENTED_EDGE('',*,*,#3751,.F.);
#5196=ORIENTED_EDGE('',*,*,#3804,.T.);
#5197=ORIENTED_EDGE('',*,*,#3805,.F.);
#5198=ORIENTED_EDGE('',*,*,#3806,.F.);
#5199=ORIENTED_EDGE('',*,*,#3752,.F.);
#5200=ORIENTED_EDGE('',*,*,#3806,.T.);
#5201=ORIENTED_EDGE('',*,*,#3807,.F.);
#5202=ORIENTED_EDGE('',*,*,#3808,.F.);
#5203=ORIENTED_EDGE('',*,*,#3753,.F.);
#5204=ORIENTED_EDGE('',*,*,#3808,.T.);
#5205=ORIENTED_EDGE('',*,*,#3809,.F.);
#5206=ORIENTED_EDGE('',*,*,#3810,.F.);
#5207=ORIENTED_EDGE('',*,*,#3754,.F.);
#5208=ORIENTED_EDGE('',*,*,#3810,.T.);
#5209=ORIENTED_EDGE('',*,*,#3811,.F.);
#5210=ORIENTED_EDGE('',*,*,#3812,.F.);
#5211=ORIENTED_EDGE('',*,*,#3755,.F.);
#5212=ORIENTED_EDGE('',*,*,#3812,.T.);
#5213=ORIENTED_EDGE('',*,*,#3813,.F.);
#5214=ORIENTED_EDGE('',*,*,#3814,.F.);
#5215=ORIENTED_EDGE('',*,*,#3756,.F.);
#5216=ORIENTED_EDGE('',*,*,#3814,.T.);
#5217=ORIENTED_EDGE('',*,*,#3815,.F.);
#5218=ORIENTED_EDGE('',*,*,#3816,.F.);
#5219=ORIENTED_EDGE('',*,*,#3757,.F.);
#5220=ORIENTED_EDGE('',*,*,#3816,.T.);
#5221=ORIENTED_EDGE('',*,*,#3817,.F.);
#5222=ORIENTED_EDGE('',*,*,#3818,.F.);
#5223=ORIENTED_EDGE('',*,*,#3758,.F.);
#5224=ORIENTED_EDGE('',*,*,#3818,.T.);
#5225=ORIENTED_EDGE('',*,*,#3819,.F.);
#5226=ORIENTED_EDGE('',*,*,#3820,.F.);
#5227=ORIENTED_EDGE('',*,*,#3759,.F.);
#5228=ORIENTED_EDGE('',*,*,#3820,.T.);
#5229=ORIENTED_EDGE('',*,*,#3821,.F.);
#5230=ORIENTED_EDGE('',*,*,#3822,.F.);
#5231=ORIENTED_EDGE('',*,*,#3760,.F.);
#5232=ORIENTED_EDGE('',*,*,#3822,.T.);
#5233=ORIENTED_EDGE('',*,*,#3823,.F.);
#5234=ORIENTED_EDGE('',*,*,#3824,.F.);
#5235=ORIENTED_EDGE('',*,*,#3761,.F.);
#5236=ORIENTED_EDGE('',*,*,#3824,.T.);
#5237=ORIENTED_EDGE('',*,*,#3825,.F.);
#5238=ORIENTED_EDGE('',*,*,#3826,.F.);
#5239=ORIENTED_EDGE('',*,*,#3762,.F.);
#5240=ORIENTED_EDGE('',*,*,#3826,.T.);
#5241=ORIENTED_EDGE('',*,*,#3827,.F.);
#5242=ORIENTED_EDGE('',*,*,#3828,.F.);
#5243=ORIENTED_EDGE('',*,*,#3763,.F.);
#5244=ORIENTED_EDGE('',*,*,#3828,.T.);
#5245=ORIENTED_EDGE('',*,*,#3829,.F.);
#5246=ORIENTED_EDGE('',*,*,#3830,.F.);
#5247=ORIENTED_EDGE('',*,*,#3764,.F.);
#5248=ORIENTED_EDGE('',*,*,#3830,.T.);
#5249=ORIENTED_EDGE('',*,*,#3831,.F.);
#5250=ORIENTED_EDGE('',*,*,#3832,.F.);
#5251=ORIENTED_EDGE('',*,*,#3765,.F.);
#5252=ORIENTED_EDGE('',*,*,#3832,.T.);
#5253=ORIENTED_EDGE('',*,*,#3833,.F.);
#5254=ORIENTED_EDGE('',*,*,#3834,.F.);
#5255=ORIENTED_EDGE('',*,*,#3766,.F.);
#5256=ORIENTED_EDGE('',*,*,#3834,.T.);
#5257=ORIENTED_EDGE('',*,*,#3835,.F.);
#5258=ORIENTED_EDGE('',*,*,#3836,.F.);
#5259=ORIENTED_EDGE('',*,*,#3767,.F.);
#5260=ORIENTED_EDGE('',*,*,#3836,.T.);
#5261=ORIENTED_EDGE('',*,*,#3837,.F.);
#5262=ORIENTED_EDGE('',*,*,#3838,.F.);
#5263=ORIENTED_EDGE('',*,*,#3768,.F.);
#5264=ORIENTED_EDGE('',*,*,#3838,.T.);
#5265=ORIENTED_EDGE('',*,*,#3839,.F.);
#5266=ORIENTED_EDGE('',*,*,#3840,.F.);
#5267=ORIENTED_EDGE('',*,*,#3769,.F.);
#5268=ORIENTED_EDGE('',*,*,#3840,.T.);
#5269=ORIENTED_EDGE('',*,*,#3841,.F.);
#5270=ORIENTED_EDGE('',*,*,#3842,.F.);
#5271=ORIENTED_EDGE('',*,*,#3770,.F.);
#5272=ORIENTED_EDGE('',*,*,#3842,.T.);
#5273=ORIENTED_EDGE('',*,*,#3843,.F.);
#5274=ORIENTED_EDGE('',*,*,#3844,.F.);
#5275=ORIENTED_EDGE('',*,*,#3771,.F.);
#5276=ORIENTED_EDGE('',*,*,#3844,.T.);
#5277=ORIENTED_EDGE('',*,*,#3845,.F.);
#5278=ORIENTED_EDGE('',*,*,#3846,.F.);
#5279=ORIENTED_EDGE('',*,*,#3772,.F.);
#5280=ORIENTED_EDGE('',*,*,#3846,.T.);
#5281=ORIENTED_EDGE('',*,*,#3847,.F.);
#5282=ORIENTED_EDGE('',*,*,#3848,.F.);
#5283=ORIENTED_EDGE('',*,*,#3773,.F.);
#5284=ORIENTED_EDGE('',*,*,#3848,.T.);
#5285=ORIENTED_EDGE('',*,*,#3849,.F.);
#5286=ORIENTED_EDGE('',*,*,#3850,.F.);
#5287=ORIENTED_EDGE('',*,*,#3774,.F.);
#5288=ORIENTED_EDGE('',*,*,#3850,.T.);
#5289=ORIENTED_EDGE('',*,*,#3851,.F.);
#5290=ORIENTED_EDGE('',*,*,#3802,.T.);
#5291=ORIENTED_EDGE('',*,*,#3750,.F.);
#5292=ORIENTED_EDGE('',*,*,#3851,.T.);
#5293=ORIENTED_EDGE('',*,*,#3849,.T.);
#5294=ORIENTED_EDGE('',*,*,#3847,.T.);
#5295=ORIENTED_EDGE('',*,*,#3845,.T.);
#5296=ORIENTED_EDGE('',*,*,#3843,.T.);
#5297=ORIENTED_EDGE('',*,*,#3841,.T.);
#5298=ORIENTED_EDGE('',*,*,#3839,.T.);
#5299=ORIENTED_EDGE('',*,*,#3837,.T.);
#5300=ORIENTED_EDGE('',*,*,#3835,.T.);
#5301=ORIENTED_EDGE('',*,*,#3833,.T.);
#5302=ORIENTED_EDGE('',*,*,#3831,.T.);
#5303=ORIENTED_EDGE('',*,*,#3829,.T.);
#5304=ORIENTED_EDGE('',*,*,#3827,.T.);
#5305=ORIENTED_EDGE('',*,*,#3825,.T.);
#5306=ORIENTED_EDGE('',*,*,#3823,.T.);
#5307=ORIENTED_EDGE('',*,*,#3821,.T.);
#5308=ORIENTED_EDGE('',*,*,#3819,.T.);
#5309=ORIENTED_EDGE('',*,*,#3817,.T.);
#5310=ORIENTED_EDGE('',*,*,#3815,.T.);
#5311=ORIENTED_EDGE('',*,*,#3813,.T.);
#5312=ORIENTED_EDGE('',*,*,#3811,.T.);
#5313=ORIENTED_EDGE('',*,*,#3809,.T.);
#5314=ORIENTED_EDGE('',*,*,#3807,.T.);
#5315=ORIENTED_EDGE('',*,*,#3805,.T.);
#5316=ORIENTED_EDGE('',*,*,#3803,.T.);
#5317=ORIENTED_EDGE('',*,*,#3801,.T.);
#5318=ORIENTED_EDGE('',*,*,#3799,.T.);
#5319=ORIENTED_EDGE('',*,*,#3797,.T.);
#5320=ORIENTED_EDGE('',*,*,#3795,.T.);
#5321=ORIENTED_EDGE('',*,*,#3793,.T.);
#5322=ORIENTED_EDGE('',*,*,#3791,.T.);
#5323=ORIENTED_EDGE('',*,*,#3789,.T.);
#5324=ORIENTED_EDGE('',*,*,#3787,.T.);
#5325=ORIENTED_EDGE('',*,*,#3785,.T.);
#5326=ORIENTED_EDGE('',*,*,#3852,.T.);
#5327=ORIENTED_EDGE('',*,*,#3853,.T.);
#5328=ORIENTED_EDGE('',*,*,#3854,.T.);
#5329=ORIENTED_EDGE('',*,*,#3855,.T.);
#5330=ORIENTED_EDGE('',*,*,#3856,.T.);
#5331=ORIENTED_EDGE('',*,*,#3857,.T.);
#5332=ORIENTED_EDGE('',*,*,#3858,.T.);
#5333=ORIENTED_EDGE('',*,*,#3859,.T.);
#5334=ORIENTED_EDGE('',*,*,#3860,.T.);
#5335=ORIENTED_EDGE('',*,*,#3861,.T.);
#5336=ORIENTED_EDGE('',*,*,#3862,.T.);
#5337=ORIENTED_EDGE('',*,*,#3863,.T.);
#5338=ORIENTED_EDGE('',*,*,#3864,.T.);
#5339=ORIENTED_EDGE('',*,*,#3865,.T.);
#5340=ORIENTED_EDGE('',*,*,#3866,.T.);
#5341=ORIENTED_EDGE('',*,*,#3867,.T.);
#5342=ORIENTED_EDGE('',*,*,#3868,.T.);
#5343=ORIENTED_EDGE('',*,*,#3869,.T.);
#5344=ORIENTED_EDGE('',*,*,#3870,.T.);
#5345=ORIENTED_EDGE('',*,*,#3871,.T.);
#5346=ORIENTED_EDGE('',*,*,#3872,.F.);
#5347=ORIENTED_EDGE('',*,*,#3873,.F.);
#5348=ORIENTED_EDGE('',*,*,#3874,.F.);
#5349=ORIENTED_EDGE('',*,*,#3865,.F.);
#5350=ORIENTED_EDGE('',*,*,#3874,.T.);
#5351=ORIENTED_EDGE('',*,*,#3875,.F.);
#5352=ORIENTED_EDGE('',*,*,#3876,.F.);
#5353=ORIENTED_EDGE('',*,*,#3866,.F.);
#5354=ORIENTED_EDGE('',*,*,#3876,.T.);
#5355=ORIENTED_EDGE('',*,*,#3877,.F.);
#5356=ORIENTED_EDGE('',*,*,#3878,.F.);
#5357=ORIENTED_EDGE('',*,*,#3867,.F.);
#5358=ORIENTED_EDGE('',*,*,#3878,.T.);
#5359=ORIENTED_EDGE('',*,*,#3879,.F.);
#5360=ORIENTED_EDGE('',*,*,#3880,.F.);
#5361=ORIENTED_EDGE('',*,*,#3868,.F.);
#5362=ORIENTED_EDGE('',*,*,#3880,.T.);
#5363=ORIENTED_EDGE('',*,*,#3881,.F.);
#5364=ORIENTED_EDGE('',*,*,#3882,.F.);
#5365=ORIENTED_EDGE('',*,*,#3869,.F.);
#5366=ORIENTED_EDGE('',*,*,#3882,.T.);
#5367=ORIENTED_EDGE('',*,*,#3883,.F.);
#5368=ORIENTED_EDGE('',*,*,#3884,.F.);
#5369=ORIENTED_EDGE('',*,*,#3870,.F.);
#5370=ORIENTED_EDGE('',*,*,#3884,.T.);
#5371=ORIENTED_EDGE('',*,*,#3885,.F.);
#5372=ORIENTED_EDGE('',*,*,#3886,.F.);
#5373=ORIENTED_EDGE('',*,*,#3871,.F.);
#5374=ORIENTED_EDGE('',*,*,#3886,.T.);
#5375=ORIENTED_EDGE('',*,*,#3887,.F.);
#5376=ORIENTED_EDGE('',*,*,#3872,.T.);
#5377=ORIENTED_EDGE('',*,*,#3864,.F.);
#5378=ORIENTED_EDGE('',*,*,#3888,.F.);
#5379=ORIENTED_EDGE('',*,*,#3889,.F.);
#5380=ORIENTED_EDGE('',*,*,#3890,.F.);
#5381=ORIENTED_EDGE('',*,*,#3853,.F.);
#5382=ORIENTED_EDGE('',*,*,#3890,.T.);
#5383=ORIENTED_EDGE('',*,*,#3891,.F.);
#5384=ORIENTED_EDGE('',*,*,#3892,.F.);
#5385=ORIENTED_EDGE('',*,*,#3854,.F.);
#5386=ORIENTED_EDGE('',*,*,#3892,.T.);
#5387=ORIENTED_EDGE('',*,*,#3893,.F.);
#5388=ORIENTED_EDGE('',*,*,#3894,.F.);
#5389=ORIENTED_EDGE('',*,*,#3855,.F.);
#5390=ORIENTED_EDGE('',*,*,#3894,.T.);
#5391=ORIENTED_EDGE('',*,*,#3895,.F.);
#5392=ORIENTED_EDGE('',*,*,#3896,.F.);
#5393=ORIENTED_EDGE('',*,*,#3856,.F.);
#5394=ORIENTED_EDGE('',*,*,#3896,.T.);
#5395=ORIENTED_EDGE('',*,*,#3897,.F.);
#5396=ORIENTED_EDGE('',*,*,#3898,.F.);
#5397=ORIENTED_EDGE('',*,*,#3857,.F.);
#5398=ORIENTED_EDGE('',*,*,#3898,.T.);
#5399=ORIENTED_EDGE('',*,*,#3899,.F.);
#5400=ORIENTED_EDGE('',*,*,#3900,.F.);
#5401=ORIENTED_EDGE('',*,*,#3858,.F.);
#5402=ORIENTED_EDGE('',*,*,#3900,.T.);
#5403=ORIENTED_EDGE('',*,*,#3901,.F.);
#5404=ORIENTED_EDGE('',*,*,#3902,.F.);
#5405=ORIENTED_EDGE('',*,*,#3859,.F.);
#5406=ORIENTED_EDGE('',*,*,#3902,.T.);
#5407=ORIENTED_EDGE('',*,*,#3903,.F.);
#5408=ORIENTED_EDGE('',*,*,#3904,.F.);
#5409=ORIENTED_EDGE('',*,*,#3860,.F.);
#5410=ORIENTED_EDGE('',*,*,#3904,.T.);
#5411=ORIENTED_EDGE('',*,*,#3905,.F.);
#5412=ORIENTED_EDGE('',*,*,#3906,.F.);
#5413=ORIENTED_EDGE('',*,*,#3861,.F.);
#5414=ORIENTED_EDGE('',*,*,#3906,.T.);
#5415=ORIENTED_EDGE('',*,*,#3907,.F.);
#5416=ORIENTED_EDGE('',*,*,#3908,.F.);
#5417=ORIENTED_EDGE('',*,*,#3862,.F.);
#5418=ORIENTED_EDGE('',*,*,#3908,.T.);
#5419=ORIENTED_EDGE('',*,*,#3909,.F.);
#5420=ORIENTED_EDGE('',*,*,#3910,.F.);
#5421=ORIENTED_EDGE('',*,*,#3863,.F.);
#5422=ORIENTED_EDGE('',*,*,#3910,.T.);
#5423=ORIENTED_EDGE('',*,*,#3911,.F.);
#5424=ORIENTED_EDGE('',*,*,#3888,.T.);
#5425=ORIENTED_EDGE('',*,*,#3852,.F.);
#5426=ORIENTED_EDGE('',*,*,#3911,.T.);
#5427=ORIENTED_EDGE('',*,*,#3909,.T.);
#5428=ORIENTED_EDGE('',*,*,#3907,.T.);
#5429=ORIENTED_EDGE('',*,*,#3905,.T.);
#5430=ORIENTED_EDGE('',*,*,#3903,.T.);
#5431=ORIENTED_EDGE('',*,*,#3901,.T.);
#5432=ORIENTED_EDGE('',*,*,#3899,.T.);
#5433=ORIENTED_EDGE('',*,*,#3897,.T.);
#5434=ORIENTED_EDGE('',*,*,#3895,.T.);
#5435=ORIENTED_EDGE('',*,*,#3893,.T.);
#5436=ORIENTED_EDGE('',*,*,#3891,.T.);
#5437=ORIENTED_EDGE('',*,*,#3889,.T.);
#5438=ORIENTED_EDGE('',*,*,#3887,.T.);
#5439=ORIENTED_EDGE('',*,*,#3885,.T.);
#5440=ORIENTED_EDGE('',*,*,#3883,.T.);
#5441=ORIENTED_EDGE('',*,*,#3881,.T.);
#5442=ORIENTED_EDGE('',*,*,#3879,.T.);
#5443=ORIENTED_EDGE('',*,*,#3877,.T.);
#5444=ORIENTED_EDGE('',*,*,#3875,.T.);
#5445=ORIENTED_EDGE('',*,*,#3873,.T.);
#5446=ORIENTED_EDGE('',*,*,#3912,.T.);
#5447=ORIENTED_EDGE('',*,*,#3913,.T.);
#5448=ORIENTED_EDGE('',*,*,#3914,.T.);
#5449=ORIENTED_EDGE('',*,*,#3915,.T.);
#5450=ORIENTED_EDGE('',*,*,#3916,.T.);
#5451=ORIENTED_EDGE('',*,*,#3917,.T.);
#5452=ORIENTED_EDGE('',*,*,#3918,.T.);
#5453=ORIENTED_EDGE('',*,*,#3919,.T.);
#5454=ORIENTED_EDGE('',*,*,#3920,.T.);
#5455=ORIENTED_EDGE('',*,*,#3921,.T.);
#5456=ORIENTED_EDGE('',*,*,#3922,.T.);
#5457=ORIENTED_EDGE('',*,*,#3923,.T.);
#5458=ORIENTED_EDGE('',*,*,#3924,.T.);
#5459=ORIENTED_EDGE('',*,*,#3925,.T.);
#5460=ORIENTED_EDGE('',*,*,#3926,.T.);
#5461=ORIENTED_EDGE('',*,*,#3927,.T.);
#5462=ORIENTED_EDGE('',*,*,#3928,.T.);
#5463=ORIENTED_EDGE('',*,*,#3929,.T.);
#5464=ORIENTED_EDGE('',*,*,#3930,.T.);
#5465=ORIENTED_EDGE('',*,*,#3931,.T.);
#5466=ORIENTED_EDGE('',*,*,#3932,.T.);
#5467=ORIENTED_EDGE('',*,*,#3933,.F.);
#5468=ORIENTED_EDGE('',*,*,#3934,.F.);
#5469=ORIENTED_EDGE('',*,*,#3935,.F.);
#5470=ORIENTED_EDGE('',*,*,#3926,.F.);
#5471=ORIENTED_EDGE('',*,*,#3935,.T.);
#5472=ORIENTED_EDGE('',*,*,#3936,.F.);
#5473=ORIENTED_EDGE('',*,*,#3937,.F.);
#5474=ORIENTED_EDGE('',*,*,#3927,.F.);
#5475=ORIENTED_EDGE('',*,*,#3937,.T.);
#5476=ORIENTED_EDGE('',*,*,#3938,.F.);
#5477=ORIENTED_EDGE('',*,*,#3939,.F.);
#5478=ORIENTED_EDGE('',*,*,#3928,.F.);
#5479=ORIENTED_EDGE('',*,*,#3939,.T.);
#5480=ORIENTED_EDGE('',*,*,#3940,.F.);
#5481=ORIENTED_EDGE('',*,*,#3941,.F.);
#5482=ORIENTED_EDGE('',*,*,#3929,.F.);
#5483=ORIENTED_EDGE('',*,*,#3941,.T.);
#5484=ORIENTED_EDGE('',*,*,#3942,.F.);
#5485=ORIENTED_EDGE('',*,*,#3943,.F.);
#5486=ORIENTED_EDGE('',*,*,#3930,.F.);
#5487=ORIENTED_EDGE('',*,*,#3943,.T.);
#5488=ORIENTED_EDGE('',*,*,#3944,.F.);
#5489=ORIENTED_EDGE('',*,*,#3945,.F.);
#5490=ORIENTED_EDGE('',*,*,#3931,.F.);
#5491=ORIENTED_EDGE('',*,*,#3945,.T.);
#5492=ORIENTED_EDGE('',*,*,#3946,.F.);
#5493=ORIENTED_EDGE('',*,*,#3947,.F.);
#5494=ORIENTED_EDGE('',*,*,#3932,.F.);
#5495=ORIENTED_EDGE('',*,*,#3947,.T.);
#5496=ORIENTED_EDGE('',*,*,#3948,.F.);
#5497=ORIENTED_EDGE('',*,*,#3933,.T.);
#5498=ORIENTED_EDGE('',*,*,#3925,.F.);
#5499=ORIENTED_EDGE('',*,*,#3949,.F.);
#5500=ORIENTED_EDGE('',*,*,#3950,.F.);
#5501=ORIENTED_EDGE('',*,*,#3951,.F.);
#5502=ORIENTED_EDGE('',*,*,#3913,.F.);
#5503=ORIENTED_EDGE('',*,*,#3951,.T.);
#5504=ORIENTED_EDGE('',*,*,#3952,.F.);
#5505=ORIENTED_EDGE('',*,*,#3953,.F.);
#5506=ORIENTED_EDGE('',*,*,#3914,.F.);
#5507=ORIENTED_EDGE('',*,*,#3953,.T.);
#5508=ORIENTED_EDGE('',*,*,#3954,.F.);
#5509=ORIENTED_EDGE('',*,*,#3955,.F.);
#5510=ORIENTED_EDGE('',*,*,#3915,.F.);
#5511=ORIENTED_EDGE('',*,*,#3955,.T.);
#5512=ORIENTED_EDGE('',*,*,#3956,.F.);
#5513=ORIENTED_EDGE('',*,*,#3957,.F.);
#5514=ORIENTED_EDGE('',*,*,#3916,.F.);
#5515=ORIENTED_EDGE('',*,*,#3957,.T.);
#5516=ORIENTED_EDGE('',*,*,#3958,.F.);
#5517=ORIENTED_EDGE('',*,*,#3959,.F.);
#5518=ORIENTED_EDGE('',*,*,#3917,.F.);
#5519=ORIENTED_EDGE('',*,*,#3959,.T.);
#5520=ORIENTED_EDGE('',*,*,#3960,.F.);
#5521=ORIENTED_EDGE('',*,*,#3961,.F.);
#5522=ORIENTED_EDGE('',*,*,#3918,.F.);
#5523=ORIENTED_EDGE('',*,*,#3961,.T.);
#5524=ORIENTED_EDGE('',*,*,#3962,.F.);
#5525=ORIENTED_EDGE('',*,*,#3963,.F.);
#5526=ORIENTED_EDGE('',*,*,#3919,.F.);
#5527=ORIENTED_EDGE('',*,*,#3963,.T.);
#5528=ORIENTED_EDGE('',*,*,#3964,.F.);
#5529=ORIENTED_EDGE('',*,*,#3965,.F.);
#5530=ORIENTED_EDGE('',*,*,#3920,.F.);
#5531=ORIENTED_EDGE('',*,*,#3965,.T.);
#5532=ORIENTED_EDGE('',*,*,#3966,.F.);
#5533=ORIENTED_EDGE('',*,*,#3967,.F.);
#5534=ORIENTED_EDGE('',*,*,#3921,.F.);
#5535=ORIENTED_EDGE('',*,*,#3967,.T.);
#5536=ORIENTED_EDGE('',*,*,#3968,.F.);
#5537=ORIENTED_EDGE('',*,*,#3969,.F.);
#5538=ORIENTED_EDGE('',*,*,#3922,.F.);
#5539=ORIENTED_EDGE('',*,*,#3969,.T.);
#5540=ORIENTED_EDGE('',*,*,#3970,.F.);
#5541=ORIENTED_EDGE('',*,*,#3971,.F.);
#5542=ORIENTED_EDGE('',*,*,#3923,.F.);
#5543=ORIENTED_EDGE('',*,*,#3971,.T.);
#5544=ORIENTED_EDGE('',*,*,#3972,.F.);
#5545=ORIENTED_EDGE('',*,*,#3973,.F.);
#5546=ORIENTED_EDGE('',*,*,#3924,.F.);
#5547=ORIENTED_EDGE('',*,*,#3973,.T.);
#5548=ORIENTED_EDGE('',*,*,#3974,.F.);
#5549=ORIENTED_EDGE('',*,*,#3949,.T.);
#5550=ORIENTED_EDGE('',*,*,#3912,.F.);
#5551=ORIENTED_EDGE('',*,*,#3974,.T.);
#5552=ORIENTED_EDGE('',*,*,#3972,.T.);
#5553=ORIENTED_EDGE('',*,*,#3970,.T.);
#5554=ORIENTED_EDGE('',*,*,#3968,.T.);
#5555=ORIENTED_EDGE('',*,*,#3966,.T.);
#5556=ORIENTED_EDGE('',*,*,#3964,.T.);
#5557=ORIENTED_EDGE('',*,*,#3962,.T.);
#5558=ORIENTED_EDGE('',*,*,#3960,.T.);
#5559=ORIENTED_EDGE('',*,*,#3958,.T.);
#5560=ORIENTED_EDGE('',*,*,#3956,.T.);
#5561=ORIENTED_EDGE('',*,*,#3954,.T.);
#5562=ORIENTED_EDGE('',*,*,#3952,.T.);
#5563=ORIENTED_EDGE('',*,*,#3950,.T.);
#5564=ORIENTED_EDGE('',*,*,#3948,.T.);
#5565=ORIENTED_EDGE('',*,*,#3946,.T.);
#5566=ORIENTED_EDGE('',*,*,#3944,.T.);
#5567=ORIENTED_EDGE('',*,*,#3942,.T.);
#5568=ORIENTED_EDGE('',*,*,#3940,.T.);
#5569=ORIENTED_EDGE('',*,*,#3938,.T.);
#5570=ORIENTED_EDGE('',*,*,#3936,.T.);
#5571=ORIENTED_EDGE('',*,*,#3934,.T.);
#5572=ORIENTED_EDGE('',*,*,#3975,.T.);
#5573=ORIENTED_EDGE('',*,*,#3976,.T.);
#5574=ORIENTED_EDGE('',*,*,#3977,.T.);
#5575=ORIENTED_EDGE('',*,*,#3978,.T.);
#5576=ORIENTED_EDGE('',*,*,#3979,.F.);
#5577=ORIENTED_EDGE('',*,*,#3980,.F.);
#5578=ORIENTED_EDGE('',*,*,#3981,.F.);
#5579=ORIENTED_EDGE('',*,*,#3976,.F.);
#5580=ORIENTED_EDGE('',*,*,#3981,.T.);
#5581=ORIENTED_EDGE('',*,*,#3982,.F.);
#5582=ORIENTED_EDGE('',*,*,#3983,.F.);
#5583=ORIENTED_EDGE('',*,*,#3977,.F.);
#5584=ORIENTED_EDGE('',*,*,#3983,.T.);
#5585=ORIENTED_EDGE('',*,*,#3984,.F.);
#5586=ORIENTED_EDGE('',*,*,#3985,.F.);
#5587=ORIENTED_EDGE('',*,*,#3978,.F.);
#5588=ORIENTED_EDGE('',*,*,#3985,.T.);
#5589=ORIENTED_EDGE('',*,*,#3986,.F.);
#5590=ORIENTED_EDGE('',*,*,#3979,.T.);
#5591=ORIENTED_EDGE('',*,*,#3975,.F.);
#5592=ORIENTED_EDGE('',*,*,#3986,.T.);
#5593=ORIENTED_EDGE('',*,*,#3984,.T.);
#5594=ORIENTED_EDGE('',*,*,#3982,.T.);
#5595=ORIENTED_EDGE('',*,*,#3980,.T.);
#5596=ORIENTED_EDGE('',*,*,#3987,.T.);
#5597=ORIENTED_EDGE('',*,*,#3988,.T.);
#5598=ORIENTED_EDGE('',*,*,#3989,.T.);
#5599=ORIENTED_EDGE('',*,*,#3990,.T.);
#5600=ORIENTED_EDGE('',*,*,#3991,.T.);
#5601=ORIENTED_EDGE('',*,*,#3992,.T.);
#5602=ORIENTED_EDGE('',*,*,#3993,.T.);
#5603=ORIENTED_EDGE('',*,*,#3994,.T.);
#5604=ORIENTED_EDGE('',*,*,#3995,.T.);
#5605=ORIENTED_EDGE('',*,*,#3996,.T.);
#5606=ORIENTED_EDGE('',*,*,#3997,.T.);
#5607=ORIENTED_EDGE('',*,*,#3998,.T.);
#5608=ORIENTED_EDGE('',*,*,#3999,.T.);
#5609=ORIENTED_EDGE('',*,*,#4000,.T.);
#5610=ORIENTED_EDGE('',*,*,#4001,.T.);
#5611=ORIENTED_EDGE('',*,*,#4002,.T.);
#5612=ORIENTED_EDGE('',*,*,#4003,.T.);
#5613=ORIENTED_EDGE('',*,*,#4004,.T.);
#5614=ORIENTED_EDGE('',*,*,#4005,.T.);
#5615=ORIENTED_EDGE('',*,*,#4006,.T.);
#5616=ORIENTED_EDGE('',*,*,#4007,.T.);
#5617=ORIENTED_EDGE('',*,*,#4008,.T.);
#5618=ORIENTED_EDGE('',*,*,#4009,.T.);
#5619=ORIENTED_EDGE('',*,*,#4010,.T.);
#5620=ORIENTED_EDGE('',*,*,#4011,.T.);
#5621=ORIENTED_EDGE('',*,*,#4012,.T.);
#5622=ORIENTED_EDGE('',*,*,#4013,.T.);
#5623=ORIENTED_EDGE('',*,*,#4014,.T.);
#5624=ORIENTED_EDGE('',*,*,#4015,.T.);
#5625=ORIENTED_EDGE('',*,*,#4016,.T.);
#5626=ORIENTED_EDGE('',*,*,#4017,.T.);
#5627=ORIENTED_EDGE('',*,*,#4018,.T.);
#5628=ORIENTED_EDGE('',*,*,#4019,.T.);
#5629=ORIENTED_EDGE('',*,*,#4020,.T.);
#5630=ORIENTED_EDGE('',*,*,#4021,.F.);
#5631=ORIENTED_EDGE('',*,*,#4022,.F.);
#5632=ORIENTED_EDGE('',*,*,#4023,.F.);
#5633=ORIENTED_EDGE('',*,*,#4013,.F.);
#5634=ORIENTED_EDGE('',*,*,#4023,.T.);
#5635=ORIENTED_EDGE('',*,*,#4024,.F.);
#5636=ORIENTED_EDGE('',*,*,#4025,.F.);
#5637=ORIENTED_EDGE('',*,*,#4014,.F.);
#5638=ORIENTED_EDGE('',*,*,#4025,.T.);
#5639=ORIENTED_EDGE('',*,*,#4026,.F.);
#5640=ORIENTED_EDGE('',*,*,#4027,.F.);
#5641=ORIENTED_EDGE('',*,*,#4015,.F.);
#5642=ORIENTED_EDGE('',*,*,#4027,.T.);
#5643=ORIENTED_EDGE('',*,*,#4028,.F.);
#5644=ORIENTED_EDGE('',*,*,#4029,.F.);
#5645=ORIENTED_EDGE('',*,*,#4016,.F.);
#5646=ORIENTED_EDGE('',*,*,#4029,.T.);
#5647=ORIENTED_EDGE('',*,*,#4030,.F.);
#5648=ORIENTED_EDGE('',*,*,#4031,.F.);
#5649=ORIENTED_EDGE('',*,*,#4017,.F.);
#5650=ORIENTED_EDGE('',*,*,#4031,.T.);
#5651=ORIENTED_EDGE('',*,*,#4032,.F.);
#5652=ORIENTED_EDGE('',*,*,#4033,.F.);
#5653=ORIENTED_EDGE('',*,*,#4018,.F.);
#5654=ORIENTED_EDGE('',*,*,#4033,.T.);
#5655=ORIENTED_EDGE('',*,*,#4034,.F.);
#5656=ORIENTED_EDGE('',*,*,#4035,.F.);
#5657=ORIENTED_EDGE('',*,*,#4019,.F.);
#5658=ORIENTED_EDGE('',*,*,#4035,.T.);
#5659=ORIENTED_EDGE('',*,*,#4036,.F.);
#5660=ORIENTED_EDGE('',*,*,#4037,.F.);
#5661=ORIENTED_EDGE('',*,*,#4020,.F.);
#5662=ORIENTED_EDGE('',*,*,#4037,.T.);
#5663=ORIENTED_EDGE('',*,*,#4038,.F.);
#5664=ORIENTED_EDGE('',*,*,#4021,.T.);
#5665=ORIENTED_EDGE('',*,*,#4012,.F.);
#5666=ORIENTED_EDGE('',*,*,#4039,.F.);
#5667=ORIENTED_EDGE('',*,*,#4040,.F.);
#5668=ORIENTED_EDGE('',*,*,#4041,.F.);
#5669=ORIENTED_EDGE('',*,*,#3988,.F.);
#5670=ORIENTED_EDGE('',*,*,#4041,.T.);
#5671=ORIENTED_EDGE('',*,*,#4042,.F.);
#5672=ORIENTED_EDGE('',*,*,#4043,.F.);
#5673=ORIENTED_EDGE('',*,*,#3989,.F.);
#5674=ORIENTED_EDGE('',*,*,#4043,.T.);
#5675=ORIENTED_EDGE('',*,*,#4044,.F.);
#5676=ORIENTED_EDGE('',*,*,#4045,.F.);
#5677=ORIENTED_EDGE('',*,*,#3990,.F.);
#5678=ORIENTED_EDGE('',*,*,#4045,.T.);
#5679=ORIENTED_EDGE('',*,*,#4046,.F.);
#5680=ORIENTED_EDGE('',*,*,#4047,.F.);
#5681=ORIENTED_EDGE('',*,*,#3991,.F.);
#5682=ORIENTED_EDGE('',*,*,#4047,.T.);
#5683=ORIENTED_EDGE('',*,*,#4048,.F.);
#5684=ORIENTED_EDGE('',*,*,#4049,.F.);
#5685=ORIENTED_EDGE('',*,*,#3992,.F.);
#5686=ORIENTED_EDGE('',*,*,#4049,.T.);
#5687=ORIENTED_EDGE('',*,*,#4050,.F.);
#5688=ORIENTED_EDGE('',*,*,#4051,.F.);
#5689=ORIENTED_EDGE('',*,*,#3993,.F.);
#5690=ORIENTED_EDGE('',*,*,#4051,.T.);
#5691=ORIENTED_EDGE('',*,*,#4052,.F.);
#5692=ORIENTED_EDGE('',*,*,#4053,.F.);
#5693=ORIENTED_EDGE('',*,*,#3994,.F.);
#5694=ORIENTED_EDGE('',*,*,#4053,.T.);
#5695=ORIENTED_EDGE('',*,*,#4054,.F.);
#5696=ORIENTED_EDGE('',*,*,#4055,.F.);
#5697=ORIENTED_EDGE('',*,*,#3995,.F.);
#5698=ORIENTED_EDGE('',*,*,#4055,.T.);
#5699=ORIENTED_EDGE('',*,*,#4056,.F.);
#5700=ORIENTED_EDGE('',*,*,#4057,.F.);
#5701=ORIENTED_EDGE('',*,*,#3996,.F.);
#5702=ORIENTED_EDGE('',*,*,#4057,.T.);
#5703=ORIENTED_EDGE('',*,*,#4058,.F.);
#5704=ORIENTED_EDGE('',*,*,#4059,.F.);
#5705=ORIENTED_EDGE('',*,*,#3997,.F.);
#5706=ORIENTED_EDGE('',*,*,#4059,.T.);
#5707=ORIENTED_EDGE('',*,*,#4060,.F.);
#5708=ORIENTED_EDGE('',*,*,#4061,.F.);
#5709=ORIENTED_EDGE('',*,*,#3998,.F.);
#5710=ORIENTED_EDGE('',*,*,#4061,.T.);
#5711=ORIENTED_EDGE('',*,*,#4062,.F.);
#5712=ORIENTED_EDGE('',*,*,#4063,.F.);
#5713=ORIENTED_EDGE('',*,*,#3999,.F.);
#5714=ORIENTED_EDGE('',*,*,#4063,.T.);
#5715=ORIENTED_EDGE('',*,*,#4064,.F.);
#5716=ORIENTED_EDGE('',*,*,#4065,.F.);
#5717=ORIENTED_EDGE('',*,*,#4000,.F.);
#5718=ORIENTED_EDGE('',*,*,#4065,.T.);
#5719=ORIENTED_EDGE('',*,*,#4066,.F.);
#5720=ORIENTED_EDGE('',*,*,#4067,.F.);
#5721=ORIENTED_EDGE('',*,*,#4001,.F.);
#5722=ORIENTED_EDGE('',*,*,#4067,.T.);
#5723=ORIENTED_EDGE('',*,*,#4068,.F.);
#5724=ORIENTED_EDGE('',*,*,#4069,.F.);
#5725=ORIENTED_EDGE('',*,*,#4002,.F.);
#5726=ORIENTED_EDGE('',*,*,#4069,.T.);
#5727=ORIENTED_EDGE('',*,*,#4070,.F.);
#5728=ORIENTED_EDGE('',*,*,#4071,.F.);
#5729=ORIENTED_EDGE('',*,*,#4003,.F.);
#5730=ORIENTED_EDGE('',*,*,#4071,.T.);
#5731=ORIENTED_EDGE('',*,*,#4072,.F.);
#5732=ORIENTED_EDGE('',*,*,#4073,.F.);
#5733=ORIENTED_EDGE('',*,*,#4004,.F.);
#5734=ORIENTED_EDGE('',*,*,#4073,.T.);
#5735=ORIENTED_EDGE('',*,*,#4074,.F.);
#5736=ORIENTED_EDGE('',*,*,#4075,.F.);
#5737=ORIENTED_EDGE('',*,*,#4005,.F.);
#5738=ORIENTED_EDGE('',*,*,#4075,.T.);
#5739=ORIENTED_EDGE('',*,*,#4076,.F.);
#5740=ORIENTED_EDGE('',*,*,#4077,.F.);
#5741=ORIENTED_EDGE('',*,*,#4006,.F.);
#5742=ORIENTED_EDGE('',*,*,#4077,.T.);
#5743=ORIENTED_EDGE('',*,*,#4078,.F.);
#5744=ORIENTED_EDGE('',*,*,#4079,.F.);
#5745=ORIENTED_EDGE('',*,*,#4007,.F.);
#5746=ORIENTED_EDGE('',*,*,#4079,.T.);
#5747=ORIENTED_EDGE('',*,*,#4080,.F.);
#5748=ORIENTED_EDGE('',*,*,#4081,.F.);
#5749=ORIENTED_EDGE('',*,*,#4008,.F.);
#5750=ORIENTED_EDGE('',*,*,#4081,.T.);
#5751=ORIENTED_EDGE('',*,*,#4082,.F.);
#5752=ORIENTED_EDGE('',*,*,#4083,.F.);
#5753=ORIENTED_EDGE('',*,*,#4009,.F.);
#5754=ORIENTED_EDGE('',*,*,#4083,.T.);
#5755=ORIENTED_EDGE('',*,*,#4084,.F.);
#5756=ORIENTED_EDGE('',*,*,#4085,.F.);
#5757=ORIENTED_EDGE('',*,*,#4010,.F.);
#5758=ORIENTED_EDGE('',*,*,#4085,.T.);
#5759=ORIENTED_EDGE('',*,*,#4086,.F.);
#5760=ORIENTED_EDGE('',*,*,#4087,.F.);
#5761=ORIENTED_EDGE('',*,*,#4011,.F.);
#5762=ORIENTED_EDGE('',*,*,#4087,.T.);
#5763=ORIENTED_EDGE('',*,*,#4088,.F.);
#5764=ORIENTED_EDGE('',*,*,#4039,.T.);
#5765=ORIENTED_EDGE('',*,*,#3987,.F.);
#5766=ORIENTED_EDGE('',*,*,#4088,.T.);
#5767=ORIENTED_EDGE('',*,*,#4086,.T.);
#5768=ORIENTED_EDGE('',*,*,#4084,.T.);
#5769=ORIENTED_EDGE('',*,*,#4082,.T.);
#5770=ORIENTED_EDGE('',*,*,#4080,.T.);
#5771=ORIENTED_EDGE('',*,*,#4078,.T.);
#5772=ORIENTED_EDGE('',*,*,#4076,.T.);
#5773=ORIENTED_EDGE('',*,*,#4074,.T.);
#5774=ORIENTED_EDGE('',*,*,#4072,.T.);
#5775=ORIENTED_EDGE('',*,*,#4070,.T.);
#5776=ORIENTED_EDGE('',*,*,#4068,.T.);
#5777=ORIENTED_EDGE('',*,*,#4066,.T.);
#5778=ORIENTED_EDGE('',*,*,#4064,.T.);
#5779=ORIENTED_EDGE('',*,*,#4062,.T.);
#5780=ORIENTED_EDGE('',*,*,#4060,.T.);
#5781=ORIENTED_EDGE('',*,*,#4058,.T.);
#5782=ORIENTED_EDGE('',*,*,#4056,.T.);
#5783=ORIENTED_EDGE('',*,*,#4054,.T.);
#5784=ORIENTED_EDGE('',*,*,#4052,.T.);
#5785=ORIENTED_EDGE('',*,*,#4050,.T.);
#5786=ORIENTED_EDGE('',*,*,#4048,.T.);
#5787=ORIENTED_EDGE('',*,*,#4046,.T.);
#5788=ORIENTED_EDGE('',*,*,#4044,.T.);
#5789=ORIENTED_EDGE('',*,*,#4042,.T.);
#5790=ORIENTED_EDGE('',*,*,#4040,.T.);
#5791=ORIENTED_EDGE('',*,*,#4038,.T.);
#5792=ORIENTED_EDGE('',*,*,#4036,.T.);
#5793=ORIENTED_EDGE('',*,*,#4034,.T.);
#5794=ORIENTED_EDGE('',*,*,#4032,.T.);
#5795=ORIENTED_EDGE('',*,*,#4030,.T.);
#5796=ORIENTED_EDGE('',*,*,#4028,.T.);
#5797=ORIENTED_EDGE('',*,*,#4026,.T.);
#5798=ORIENTED_EDGE('',*,*,#4024,.T.);
#5799=ORIENTED_EDGE('',*,*,#4022,.T.);
#5800=ORIENTED_EDGE('',*,*,#4089,.T.);
#5801=ORIENTED_EDGE('',*,*,#4090,.T.);
#5802=ORIENTED_EDGE('',*,*,#4091,.T.);
#5803=ORIENTED_EDGE('',*,*,#4092,.T.);
#5804=ORIENTED_EDGE('',*,*,#4093,.T.);
#5805=ORIENTED_EDGE('',*,*,#4094,.T.);
#5806=ORIENTED_EDGE('',*,*,#4095,.T.);
#5807=ORIENTED_EDGE('',*,*,#4096,.T.);
#5808=ORIENTED_EDGE('',*,*,#4097,.T.);
#5809=ORIENTED_EDGE('',*,*,#4098,.T.);
#5810=ORIENTED_EDGE('',*,*,#4099,.T.);
#5811=ORIENTED_EDGE('',*,*,#4100,.T.);
#5812=ORIENTED_EDGE('',*,*,#4101,.T.);
#5813=ORIENTED_EDGE('',*,*,#4102,.T.);
#5814=ORIENTED_EDGE('',*,*,#4103,.T.);
#5815=ORIENTED_EDGE('',*,*,#4104,.T.);
#5816=ORIENTED_EDGE('',*,*,#4105,.T.);
#5817=ORIENTED_EDGE('',*,*,#4106,.T.);
#5818=ORIENTED_EDGE('',*,*,#4107,.T.);
#5819=ORIENTED_EDGE('',*,*,#4108,.T.);
#5820=ORIENTED_EDGE('',*,*,#4109,.T.);
#5821=ORIENTED_EDGE('',*,*,#4110,.T.);
#5822=ORIENTED_EDGE('',*,*,#4111,.T.);
#5823=ORIENTED_EDGE('',*,*,#4112,.T.);
#5824=ORIENTED_EDGE('',*,*,#4113,.T.);
#5825=ORIENTED_EDGE('',*,*,#4114,.T.);
#5826=ORIENTED_EDGE('',*,*,#4115,.T.);
#5827=ORIENTED_EDGE('',*,*,#4116,.T.);
#5828=ORIENTED_EDGE('',*,*,#4117,.F.);
#5829=ORIENTED_EDGE('',*,*,#4118,.F.);
#5830=ORIENTED_EDGE('',*,*,#4119,.F.);
#5831=ORIENTED_EDGE('',*,*,#4090,.F.);
#5832=ORIENTED_EDGE('',*,*,#4119,.T.);
#5833=ORIENTED_EDGE('',*,*,#4120,.F.);
#5834=ORIENTED_EDGE('',*,*,#4121,.F.);
#5835=ORIENTED_EDGE('',*,*,#4091,.F.);
#5836=ORIENTED_EDGE('',*,*,#4121,.T.);
#5837=ORIENTED_EDGE('',*,*,#4122,.F.);
#5838=ORIENTED_EDGE('',*,*,#4123,.F.);
#5839=ORIENTED_EDGE('',*,*,#4092,.F.);
#5840=ORIENTED_EDGE('',*,*,#4123,.T.);
#5841=ORIENTED_EDGE('',*,*,#4124,.F.);
#5842=ORIENTED_EDGE('',*,*,#4125,.F.);
#5843=ORIENTED_EDGE('',*,*,#4093,.F.);
#5844=ORIENTED_EDGE('',*,*,#4125,.T.);
#5845=ORIENTED_EDGE('',*,*,#4126,.F.);
#5846=ORIENTED_EDGE('',*,*,#4127,.F.);
#5847=ORIENTED_EDGE('',*,*,#4094,.F.);
#5848=ORIENTED_EDGE('',*,*,#4127,.T.);
#5849=ORIENTED_EDGE('',*,*,#4128,.F.);
#5850=ORIENTED_EDGE('',*,*,#4129,.F.);
#5851=ORIENTED_EDGE('',*,*,#4095,.F.);
#5852=ORIENTED_EDGE('',*,*,#4129,.T.);
#5853=ORIENTED_EDGE('',*,*,#4130,.F.);
#5854=ORIENTED_EDGE('',*,*,#4131,.F.);
#5855=ORIENTED_EDGE('',*,*,#4096,.F.);
#5856=ORIENTED_EDGE('',*,*,#4131,.T.);
#5857=ORIENTED_EDGE('',*,*,#4132,.F.);
#5858=ORIENTED_EDGE('',*,*,#4133,.F.);
#5859=ORIENTED_EDGE('',*,*,#4097,.F.);
#5860=ORIENTED_EDGE('',*,*,#4133,.T.);
#5861=ORIENTED_EDGE('',*,*,#4134,.F.);
#5862=ORIENTED_EDGE('',*,*,#4135,.F.);
#5863=ORIENTED_EDGE('',*,*,#4098,.F.);
#5864=ORIENTED_EDGE('',*,*,#4135,.T.);
#5865=ORIENTED_EDGE('',*,*,#4136,.F.);
#5866=ORIENTED_EDGE('',*,*,#4137,.F.);
#5867=ORIENTED_EDGE('',*,*,#4099,.F.);
#5868=ORIENTED_EDGE('',*,*,#4137,.T.);
#5869=ORIENTED_EDGE('',*,*,#4138,.F.);
#5870=ORIENTED_EDGE('',*,*,#4139,.F.);
#5871=ORIENTED_EDGE('',*,*,#4100,.F.);
#5872=ORIENTED_EDGE('',*,*,#4139,.T.);
#5873=ORIENTED_EDGE('',*,*,#4140,.F.);
#5874=ORIENTED_EDGE('',*,*,#4141,.F.);
#5875=ORIENTED_EDGE('',*,*,#4101,.F.);
#5876=ORIENTED_EDGE('',*,*,#4141,.T.);
#5877=ORIENTED_EDGE('',*,*,#4142,.F.);
#5878=ORIENTED_EDGE('',*,*,#4143,.F.);
#5879=ORIENTED_EDGE('',*,*,#4102,.F.);
#5880=ORIENTED_EDGE('',*,*,#4143,.T.);
#5881=ORIENTED_EDGE('',*,*,#4144,.F.);
#5882=ORIENTED_EDGE('',*,*,#4145,.F.);
#5883=ORIENTED_EDGE('',*,*,#4103,.F.);
#5884=ORIENTED_EDGE('',*,*,#4145,.T.);
#5885=ORIENTED_EDGE('',*,*,#4146,.F.);
#5886=ORIENTED_EDGE('',*,*,#4147,.F.);
#5887=ORIENTED_EDGE('',*,*,#4104,.F.);
#5888=ORIENTED_EDGE('',*,*,#4147,.T.);
#5889=ORIENTED_EDGE('',*,*,#4148,.F.);
#5890=ORIENTED_EDGE('',*,*,#4149,.F.);
#5891=ORIENTED_EDGE('',*,*,#4105,.F.);
#5892=ORIENTED_EDGE('',*,*,#4149,.T.);
#5893=ORIENTED_EDGE('',*,*,#4150,.F.);
#5894=ORIENTED_EDGE('',*,*,#4151,.F.);
#5895=ORIENTED_EDGE('',*,*,#4106,.F.);
#5896=ORIENTED_EDGE('',*,*,#4151,.T.);
#5897=ORIENTED_EDGE('',*,*,#4152,.F.);
#5898=ORIENTED_EDGE('',*,*,#4153,.F.);
#5899=ORIENTED_EDGE('',*,*,#4107,.F.);
#5900=ORIENTED_EDGE('',*,*,#4153,.T.);
#5901=ORIENTED_EDGE('',*,*,#4154,.F.);
#5902=ORIENTED_EDGE('',*,*,#4155,.F.);
#5903=ORIENTED_EDGE('',*,*,#4108,.F.);
#5904=ORIENTED_EDGE('',*,*,#4155,.T.);
#5905=ORIENTED_EDGE('',*,*,#4156,.F.);
#5906=ORIENTED_EDGE('',*,*,#4157,.F.);
#5907=ORIENTED_EDGE('',*,*,#4109,.F.);
#5908=ORIENTED_EDGE('',*,*,#4157,.T.);
#5909=ORIENTED_EDGE('',*,*,#4158,.F.);
#5910=ORIENTED_EDGE('',*,*,#4159,.F.);
#5911=ORIENTED_EDGE('',*,*,#4110,.F.);
#5912=ORIENTED_EDGE('',*,*,#4159,.T.);
#5913=ORIENTED_EDGE('',*,*,#4160,.F.);
#5914=ORIENTED_EDGE('',*,*,#4161,.F.);
#5915=ORIENTED_EDGE('',*,*,#4111,.F.);
#5916=ORIENTED_EDGE('',*,*,#4161,.T.);
#5917=ORIENTED_EDGE('',*,*,#4162,.F.);
#5918=ORIENTED_EDGE('',*,*,#4163,.F.);
#5919=ORIENTED_EDGE('',*,*,#4112,.F.);
#5920=ORIENTED_EDGE('',*,*,#4163,.T.);
#5921=ORIENTED_EDGE('',*,*,#4164,.F.);
#5922=ORIENTED_EDGE('',*,*,#4165,.F.);
#5923=ORIENTED_EDGE('',*,*,#4113,.F.);
#5924=ORIENTED_EDGE('',*,*,#4165,.T.);
#5925=ORIENTED_EDGE('',*,*,#4166,.F.);
#5926=ORIENTED_EDGE('',*,*,#4167,.F.);
#5927=ORIENTED_EDGE('',*,*,#4114,.F.);
#5928=ORIENTED_EDGE('',*,*,#4167,.T.);
#5929=ORIENTED_EDGE('',*,*,#4168,.F.);
#5930=ORIENTED_EDGE('',*,*,#4169,.F.);
#5931=ORIENTED_EDGE('',*,*,#4115,.F.);
#5932=ORIENTED_EDGE('',*,*,#4169,.T.);
#5933=ORIENTED_EDGE('',*,*,#4170,.F.);
#5934=ORIENTED_EDGE('',*,*,#4171,.F.);
#5935=ORIENTED_EDGE('',*,*,#4116,.F.);
#5936=ORIENTED_EDGE('',*,*,#4171,.T.);
#5937=ORIENTED_EDGE('',*,*,#4172,.F.);
#5938=ORIENTED_EDGE('',*,*,#4117,.T.);
#5939=ORIENTED_EDGE('',*,*,#4089,.F.);
#5940=ORIENTED_EDGE('',*,*,#4172,.T.);
#5941=ORIENTED_EDGE('',*,*,#4170,.T.);
#5942=ORIENTED_EDGE('',*,*,#4168,.T.);
#5943=ORIENTED_EDGE('',*,*,#4166,.T.);
#5944=ORIENTED_EDGE('',*,*,#4164,.T.);
#5945=ORIENTED_EDGE('',*,*,#4162,.T.);
#5946=ORIENTED_EDGE('',*,*,#4160,.T.);
#5947=ORIENTED_EDGE('',*,*,#4158,.T.);
#5948=ORIENTED_EDGE('',*,*,#4156,.T.);
#5949=ORIENTED_EDGE('',*,*,#4154,.T.);
#5950=ORIENTED_EDGE('',*,*,#4152,.T.);
#5951=ORIENTED_EDGE('',*,*,#4150,.T.);
#5952=ORIENTED_EDGE('',*,*,#4148,.T.);
#5953=ORIENTED_EDGE('',*,*,#4146,.T.);
#5954=ORIENTED_EDGE('',*,*,#4144,.T.);
#5955=ORIENTED_EDGE('',*,*,#4142,.T.);
#5956=ORIENTED_EDGE('',*,*,#4140,.T.);
#5957=ORIENTED_EDGE('',*,*,#4138,.T.);
#5958=ORIENTED_EDGE('',*,*,#4136,.T.);
#5959=ORIENTED_EDGE('',*,*,#4134,.T.);
#5960=ORIENTED_EDGE('',*,*,#4132,.T.);
#5961=ORIENTED_EDGE('',*,*,#4130,.T.);
#5962=ORIENTED_EDGE('',*,*,#4128,.T.);
#5963=ORIENTED_EDGE('',*,*,#4126,.T.);
#5964=ORIENTED_EDGE('',*,*,#4124,.T.);
#5965=ORIENTED_EDGE('',*,*,#4122,.T.);
#5966=ORIENTED_EDGE('',*,*,#4120,.T.);
#5967=ORIENTED_EDGE('',*,*,#4118,.T.);
#5968=ORIENTED_EDGE('',*,*,#4173,.T.);
#5969=ORIENTED_EDGE('',*,*,#4174,.T.);
#5970=ORIENTED_EDGE('',*,*,#4175,.T.);
#5971=ORIENTED_EDGE('',*,*,#4176,.T.);
#5972=ORIENTED_EDGE('',*,*,#4177,.T.);
#5973=ORIENTED_EDGE('',*,*,#4178,.T.);
#5974=ORIENTED_EDGE('',*,*,#4179,.T.);
#5975=ORIENTED_EDGE('',*,*,#4180,.T.);
#5976=ORIENTED_EDGE('',*,*,#4181,.T.);
#5977=ORIENTED_EDGE('',*,*,#4182,.T.);
#5978=ORIENTED_EDGE('',*,*,#4183,.T.);
#5979=ORIENTED_EDGE('',*,*,#4184,.T.);
#5980=ORIENTED_EDGE('',*,*,#4185,.T.);
#5981=ORIENTED_EDGE('',*,*,#4186,.T.);
#5982=ORIENTED_EDGE('',*,*,#4187,.T.);
#5983=ORIENTED_EDGE('',*,*,#4188,.T.);
#5984=ORIENTED_EDGE('',*,*,#4189,.T.);
#5985=ORIENTED_EDGE('',*,*,#4190,.T.);
#5986=ORIENTED_EDGE('',*,*,#4191,.T.);
#5987=ORIENTED_EDGE('',*,*,#4192,.T.);
#5988=ORIENTED_EDGE('',*,*,#4193,.F.);
#5989=ORIENTED_EDGE('',*,*,#4194,.F.);
#5990=ORIENTED_EDGE('',*,*,#4195,.F.);
#5991=ORIENTED_EDGE('',*,*,#4186,.F.);
#5992=ORIENTED_EDGE('',*,*,#4195,.T.);
#5993=ORIENTED_EDGE('',*,*,#4196,.F.);
#5994=ORIENTED_EDGE('',*,*,#4197,.F.);
#5995=ORIENTED_EDGE('',*,*,#4187,.F.);
#5996=ORIENTED_EDGE('',*,*,#4197,.T.);
#5997=ORIENTED_EDGE('',*,*,#4198,.F.);
#5998=ORIENTED_EDGE('',*,*,#4199,.F.);
#5999=ORIENTED_EDGE('',*,*,#4188,.F.);
#6000=ORIENTED_EDGE('',*,*,#4199,.T.);
#6001=ORIENTED_EDGE('',*,*,#4200,.F.);
#6002=ORIENTED_EDGE('',*,*,#4201,.F.);
#6003=ORIENTED_EDGE('',*,*,#4189,.F.);
#6004=ORIENTED_EDGE('',*,*,#4201,.T.);
#6005=ORIENTED_EDGE('',*,*,#4202,.F.);
#6006=ORIENTED_EDGE('',*,*,#4203,.F.);
#6007=ORIENTED_EDGE('',*,*,#4190,.F.);
#6008=ORIENTED_EDGE('',*,*,#4203,.T.);
#6009=ORIENTED_EDGE('',*,*,#4204,.F.);
#6010=ORIENTED_EDGE('',*,*,#4205,.F.);
#6011=ORIENTED_EDGE('',*,*,#4191,.F.);
#6012=ORIENTED_EDGE('',*,*,#4205,.T.);
#6013=ORIENTED_EDGE('',*,*,#4206,.F.);
#6014=ORIENTED_EDGE('',*,*,#4207,.F.);
#6015=ORIENTED_EDGE('',*,*,#4192,.F.);
#6016=ORIENTED_EDGE('',*,*,#4207,.T.);
#6017=ORIENTED_EDGE('',*,*,#4208,.F.);
#6018=ORIENTED_EDGE('',*,*,#4193,.T.);
#6019=ORIENTED_EDGE('',*,*,#4185,.F.);
#6020=ORIENTED_EDGE('',*,*,#4209,.F.);
#6021=ORIENTED_EDGE('',*,*,#4210,.F.);
#6022=ORIENTED_EDGE('',*,*,#4211,.F.);
#6023=ORIENTED_EDGE('',*,*,#4174,.F.);
#6024=ORIENTED_EDGE('',*,*,#4211,.T.);
#6025=ORIENTED_EDGE('',*,*,#4212,.F.);
#6026=ORIENTED_EDGE('',*,*,#4213,.F.);
#6027=ORIENTED_EDGE('',*,*,#4175,.F.);
#6028=ORIENTED_EDGE('',*,*,#4213,.T.);
#6029=ORIENTED_EDGE('',*,*,#4214,.F.);
#6030=ORIENTED_EDGE('',*,*,#4215,.F.);
#6031=ORIENTED_EDGE('',*,*,#4176,.F.);
#6032=ORIENTED_EDGE('',*,*,#4215,.T.);
#6033=ORIENTED_EDGE('',*,*,#4216,.F.);
#6034=ORIENTED_EDGE('',*,*,#4217,.F.);
#6035=ORIENTED_EDGE('',*,*,#4177,.F.);
#6036=ORIENTED_EDGE('',*,*,#4217,.T.);
#6037=ORIENTED_EDGE('',*,*,#4218,.F.);
#6038=ORIENTED_EDGE('',*,*,#4219,.F.);
#6039=ORIENTED_EDGE('',*,*,#4178,.F.);
#6040=ORIENTED_EDGE('',*,*,#4219,.T.);
#6041=ORIENTED_EDGE('',*,*,#4220,.F.);
#6042=ORIENTED_EDGE('',*,*,#4221,.F.);
#6043=ORIENTED_EDGE('',*,*,#4179,.F.);
#6044=ORIENTED_EDGE('',*,*,#4221,.T.);
#6045=ORIENTED_EDGE('',*,*,#4222,.F.);
#6046=ORIENTED_EDGE('',*,*,#4223,.F.);
#6047=ORIENTED_EDGE('',*,*,#4180,.F.);
#6048=ORIENTED_EDGE('',*,*,#4223,.T.);
#6049=ORIENTED_EDGE('',*,*,#4224,.F.);
#6050=ORIENTED_EDGE('',*,*,#4225,.F.);
#6051=ORIENTED_EDGE('',*,*,#4181,.F.);
#6052=ORIENTED_EDGE('',*,*,#4225,.T.);
#6053=ORIENTED_EDGE('',*,*,#4226,.F.);
#6054=ORIENTED_EDGE('',*,*,#4227,.F.);
#6055=ORIENTED_EDGE('',*,*,#4182,.F.);
#6056=ORIENTED_EDGE('',*,*,#4227,.T.);
#6057=ORIENTED_EDGE('',*,*,#4228,.F.);
#6058=ORIENTED_EDGE('',*,*,#4229,.F.);
#6059=ORIENTED_EDGE('',*,*,#4183,.F.);
#6060=ORIENTED_EDGE('',*,*,#4229,.T.);
#6061=ORIENTED_EDGE('',*,*,#4230,.F.);
#6062=ORIENTED_EDGE('',*,*,#4231,.F.);
#6063=ORIENTED_EDGE('',*,*,#4184,.F.);
#6064=ORIENTED_EDGE('',*,*,#4231,.T.);
#6065=ORIENTED_EDGE('',*,*,#4232,.F.);
#6066=ORIENTED_EDGE('',*,*,#4209,.T.);
#6067=ORIENTED_EDGE('',*,*,#4173,.F.);
#6068=ORIENTED_EDGE('',*,*,#4232,.T.);
#6069=ORIENTED_EDGE('',*,*,#4230,.T.);
#6070=ORIENTED_EDGE('',*,*,#4228,.T.);
#6071=ORIENTED_EDGE('',*,*,#4226,.T.);
#6072=ORIENTED_EDGE('',*,*,#4224,.T.);
#6073=ORIENTED_EDGE('',*,*,#4222,.T.);
#6074=ORIENTED_EDGE('',*,*,#4220,.T.);
#6075=ORIENTED_EDGE('',*,*,#4218,.T.);
#6076=ORIENTED_EDGE('',*,*,#4216,.T.);
#6077=ORIENTED_EDGE('',*,*,#4214,.T.);
#6078=ORIENTED_EDGE('',*,*,#4212,.T.);
#6079=ORIENTED_EDGE('',*,*,#4210,.T.);
#6080=ORIENTED_EDGE('',*,*,#4208,.T.);
#6081=ORIENTED_EDGE('',*,*,#4206,.T.);
#6082=ORIENTED_EDGE('',*,*,#4204,.T.);
#6083=ORIENTED_EDGE('',*,*,#4202,.T.);
#6084=ORIENTED_EDGE('',*,*,#4200,.T.);
#6085=ORIENTED_EDGE('',*,*,#4198,.T.);
#6086=ORIENTED_EDGE('',*,*,#4196,.T.);
#6087=ORIENTED_EDGE('',*,*,#4194,.T.);
#6088=ORIENTED_EDGE('',*,*,#4233,.T.);
#6089=ORIENTED_EDGE('',*,*,#4234,.T.);
#6090=ORIENTED_EDGE('',*,*,#4235,.T.);
#6091=ORIENTED_EDGE('',*,*,#4236,.T.);
#6092=ORIENTED_EDGE('',*,*,#4237,.T.);
#6093=ORIENTED_EDGE('',*,*,#4238,.T.);
#6094=ORIENTED_EDGE('',*,*,#4239,.T.);
#6095=ORIENTED_EDGE('',*,*,#4240,.T.);
#6096=ORIENTED_EDGE('',*,*,#4241,.T.);
#6097=ORIENTED_EDGE('',*,*,#4242,.T.);
#6098=ORIENTED_EDGE('',*,*,#4243,.T.);
#6099=ORIENTED_EDGE('',*,*,#4244,.T.);
#6100=ORIENTED_EDGE('',*,*,#4245,.T.);
#6101=ORIENTED_EDGE('',*,*,#4246,.F.);
#6102=ORIENTED_EDGE('',*,*,#4247,.F.);
#6103=ORIENTED_EDGE('',*,*,#4248,.F.);
#6104=ORIENTED_EDGE('',*,*,#4234,.F.);
#6105=ORIENTED_EDGE('',*,*,#4248,.T.);
#6106=ORIENTED_EDGE('',*,*,#4249,.F.);
#6107=ORIENTED_EDGE('',*,*,#4250,.F.);
#6108=ORIENTED_EDGE('',*,*,#4235,.F.);
#6109=ORIENTED_EDGE('',*,*,#4250,.T.);
#6110=ORIENTED_EDGE('',*,*,#4251,.F.);
#6111=ORIENTED_EDGE('',*,*,#4252,.F.);
#6112=ORIENTED_EDGE('',*,*,#4236,.F.);
#6113=ORIENTED_EDGE('',*,*,#4252,.T.);
#6114=ORIENTED_EDGE('',*,*,#4253,.F.);
#6115=ORIENTED_EDGE('',*,*,#4254,.F.);
#6116=ORIENTED_EDGE('',*,*,#4237,.F.);
#6117=ORIENTED_EDGE('',*,*,#4254,.T.);
#6118=ORIENTED_EDGE('',*,*,#4255,.F.);
#6119=ORIENTED_EDGE('',*,*,#4256,.F.);
#6120=ORIENTED_EDGE('',*,*,#4238,.F.);
#6121=ORIENTED_EDGE('',*,*,#4256,.T.);
#6122=ORIENTED_EDGE('',*,*,#4257,.F.);
#6123=ORIENTED_EDGE('',*,*,#4258,.F.);
#6124=ORIENTED_EDGE('',*,*,#4239,.F.);
#6125=ORIENTED_EDGE('',*,*,#4258,.T.);
#6126=ORIENTED_EDGE('',*,*,#4259,.F.);
#6127=ORIENTED_EDGE('',*,*,#4260,.F.);
#6128=ORIENTED_EDGE('',*,*,#4240,.F.);
#6129=ORIENTED_EDGE('',*,*,#4260,.T.);
#6130=ORIENTED_EDGE('',*,*,#4261,.F.);
#6131=ORIENTED_EDGE('',*,*,#4262,.F.);
#6132=ORIENTED_EDGE('',*,*,#4241,.F.);
#6133=ORIENTED_EDGE('',*,*,#4262,.T.);
#6134=ORIENTED_EDGE('',*,*,#4263,.F.);
#6135=ORIENTED_EDGE('',*,*,#4264,.F.);
#6136=ORIENTED_EDGE('',*,*,#4242,.F.);
#6137=ORIENTED_EDGE('',*,*,#4264,.T.);
#6138=ORIENTED_EDGE('',*,*,#4265,.F.);
#6139=ORIENTED_EDGE('',*,*,#4266,.F.);
#6140=ORIENTED_EDGE('',*,*,#4243,.F.);
#6141=ORIENTED_EDGE('',*,*,#4266,.T.);
#6142=ORIENTED_EDGE('',*,*,#4267,.F.);
#6143=ORIENTED_EDGE('',*,*,#4268,.F.);
#6144=ORIENTED_EDGE('',*,*,#4244,.F.);
#6145=ORIENTED_EDGE('',*,*,#4268,.T.);
#6146=ORIENTED_EDGE('',*,*,#4269,.F.);
#6147=ORIENTED_EDGE('',*,*,#4270,.F.);
#6148=ORIENTED_EDGE('',*,*,#4245,.F.);
#6149=ORIENTED_EDGE('',*,*,#4270,.T.);
#6150=ORIENTED_EDGE('',*,*,#4271,.F.);
#6151=ORIENTED_EDGE('',*,*,#4246,.T.);
#6152=ORIENTED_EDGE('',*,*,#4233,.F.);
#6153=ORIENTED_EDGE('',*,*,#4271,.T.);
#6154=ORIENTED_EDGE('',*,*,#4269,.T.);
#6155=ORIENTED_EDGE('',*,*,#4267,.T.);
#6156=ORIENTED_EDGE('',*,*,#4265,.T.);
#6157=ORIENTED_EDGE('',*,*,#4263,.T.);
#6158=ORIENTED_EDGE('',*,*,#4261,.T.);
#6159=ORIENTED_EDGE('',*,*,#4259,.T.);
#6160=ORIENTED_EDGE('',*,*,#4257,.T.);
#6161=ORIENTED_EDGE('',*,*,#4255,.T.);
#6162=ORIENTED_EDGE('',*,*,#4253,.T.);
#6163=ORIENTED_EDGE('',*,*,#4251,.T.);
#6164=ORIENTED_EDGE('',*,*,#4249,.T.);
#6165=ORIENTED_EDGE('',*,*,#4247,.T.);
#6166=ORIENTED_EDGE('',*,*,#4272,.T.);
#6167=ORIENTED_EDGE('',*,*,#4273,.T.);
#6168=ORIENTED_EDGE('',*,*,#4274,.T.);
#6169=ORIENTED_EDGE('',*,*,#4275,.T.);
#6170=ORIENTED_EDGE('',*,*,#4276,.T.);
#6171=ORIENTED_EDGE('',*,*,#4277,.T.);
#6172=ORIENTED_EDGE('',*,*,#4278,.T.);
#6173=ORIENTED_EDGE('',*,*,#4279,.T.);
#6174=ORIENTED_EDGE('',*,*,#4280,.T.);
#6175=ORIENTED_EDGE('',*,*,#4281,.T.);
#6176=ORIENTED_EDGE('',*,*,#4282,.T.);
#6177=ORIENTED_EDGE('',*,*,#4283,.T.);
#6178=ORIENTED_EDGE('',*,*,#4284,.T.);
#6179=ORIENTED_EDGE('',*,*,#4285,.T.);
#6180=ORIENTED_EDGE('',*,*,#4286,.T.);
#6181=ORIENTED_EDGE('',*,*,#4287,.T.);
#6182=ORIENTED_EDGE('',*,*,#4288,.T.);
#6183=ORIENTED_EDGE('',*,*,#4289,.T.);
#6184=ORIENTED_EDGE('',*,*,#4290,.F.);
#6185=ORIENTED_EDGE('',*,*,#4291,.F.);
#6186=ORIENTED_EDGE('',*,*,#4292,.F.);
#6187=ORIENTED_EDGE('',*,*,#4283,.F.);
#6188=ORIENTED_EDGE('',*,*,#4292,.T.);
#6189=ORIENTED_EDGE('',*,*,#4293,.F.);
#6190=ORIENTED_EDGE('',*,*,#4294,.F.);
#6191=ORIENTED_EDGE('',*,*,#4284,.F.);
#6192=ORIENTED_EDGE('',*,*,#4294,.T.);
#6193=ORIENTED_EDGE('',*,*,#4295,.F.);
#6194=ORIENTED_EDGE('',*,*,#4296,.F.);
#6195=ORIENTED_EDGE('',*,*,#4285,.F.);
#6196=ORIENTED_EDGE('',*,*,#4296,.T.);
#6197=ORIENTED_EDGE('',*,*,#4297,.F.);
#6198=ORIENTED_EDGE('',*,*,#4298,.F.);
#6199=ORIENTED_EDGE('',*,*,#4286,.F.);
#6200=ORIENTED_EDGE('',*,*,#4298,.T.);
#6201=ORIENTED_EDGE('',*,*,#4299,.F.);
#6202=ORIENTED_EDGE('',*,*,#4300,.F.);
#6203=ORIENTED_EDGE('',*,*,#4287,.F.);
#6204=ORIENTED_EDGE('',*,*,#4300,.T.);
#6205=ORIENTED_EDGE('',*,*,#4301,.F.);
#6206=ORIENTED_EDGE('',*,*,#4302,.F.);
#6207=ORIENTED_EDGE('',*,*,#4288,.F.);
#6208=ORIENTED_EDGE('',*,*,#4302,.T.);
#6209=ORIENTED_EDGE('',*,*,#4303,.F.);
#6210=ORIENTED_EDGE('',*,*,#4304,.F.);
#6211=ORIENTED_EDGE('',*,*,#4289,.F.);
#6212=ORIENTED_EDGE('',*,*,#4304,.T.);
#6213=ORIENTED_EDGE('',*,*,#4305,.F.);
#6214=ORIENTED_EDGE('',*,*,#4290,.T.);
#6215=ORIENTED_EDGE('',*,*,#4282,.F.);
#6216=ORIENTED_EDGE('',*,*,#4306,.F.);
#6217=ORIENTED_EDGE('',*,*,#4307,.F.);
#6218=ORIENTED_EDGE('',*,*,#4308,.F.);
#6219=ORIENTED_EDGE('',*,*,#4273,.F.);
#6220=ORIENTED_EDGE('',*,*,#4308,.T.);
#6221=ORIENTED_EDGE('',*,*,#4309,.F.);
#6222=ORIENTED_EDGE('',*,*,#4310,.F.);
#6223=ORIENTED_EDGE('',*,*,#4274,.F.);
#6224=ORIENTED_EDGE('',*,*,#4310,.T.);
#6225=ORIENTED_EDGE('',*,*,#4311,.F.);
#6226=ORIENTED_EDGE('',*,*,#4312,.F.);
#6227=ORIENTED_EDGE('',*,*,#4275,.F.);
#6228=ORIENTED_EDGE('',*,*,#4312,.T.);
#6229=ORIENTED_EDGE('',*,*,#4313,.F.);
#6230=ORIENTED_EDGE('',*,*,#4314,.F.);
#6231=ORIENTED_EDGE('',*,*,#4276,.F.);
#6232=ORIENTED_EDGE('',*,*,#4314,.T.);
#6233=ORIENTED_EDGE('',*,*,#4315,.F.);
#6234=ORIENTED_EDGE('',*,*,#4316,.F.);
#6235=ORIENTED_EDGE('',*,*,#4277,.F.);
#6236=ORIENTED_EDGE('',*,*,#4316,.T.);
#6237=ORIENTED_EDGE('',*,*,#4317,.F.);
#6238=ORIENTED_EDGE('',*,*,#4318,.F.);
#6239=ORIENTED_EDGE('',*,*,#4278,.F.);
#6240=ORIENTED_EDGE('',*,*,#4318,.T.);
#6241=ORIENTED_EDGE('',*,*,#4319,.F.);
#6242=ORIENTED_EDGE('',*,*,#4320,.F.);
#6243=ORIENTED_EDGE('',*,*,#4279,.F.);
#6244=ORIENTED_EDGE('',*,*,#4320,.T.);
#6245=ORIENTED_EDGE('',*,*,#4321,.F.);
#6246=ORIENTED_EDGE('',*,*,#4322,.F.);
#6247=ORIENTED_EDGE('',*,*,#4280,.F.);
#6248=ORIENTED_EDGE('',*,*,#4322,.T.);
#6249=ORIENTED_EDGE('',*,*,#4323,.F.);
#6250=ORIENTED_EDGE('',*,*,#4324,.F.);
#6251=ORIENTED_EDGE('',*,*,#4281,.F.);
#6252=ORIENTED_EDGE('',*,*,#4324,.T.);
#6253=ORIENTED_EDGE('',*,*,#4325,.F.);
#6254=ORIENTED_EDGE('',*,*,#4306,.T.);
#6255=ORIENTED_EDGE('',*,*,#4272,.F.);
#6256=ORIENTED_EDGE('',*,*,#4325,.T.);
#6257=ORIENTED_EDGE('',*,*,#4323,.T.);
#6258=ORIENTED_EDGE('',*,*,#4321,.T.);
#6259=ORIENTED_EDGE('',*,*,#4319,.T.);
#6260=ORIENTED_EDGE('',*,*,#4317,.T.);
#6261=ORIENTED_EDGE('',*,*,#4315,.T.);
#6262=ORIENTED_EDGE('',*,*,#4313,.T.);
#6263=ORIENTED_EDGE('',*,*,#4311,.T.);
#6264=ORIENTED_EDGE('',*,*,#4309,.T.);
#6265=ORIENTED_EDGE('',*,*,#4307,.T.);
#6266=ORIENTED_EDGE('',*,*,#4305,.T.);
#6267=ORIENTED_EDGE('',*,*,#4303,.T.);
#6268=ORIENTED_EDGE('',*,*,#4301,.T.);
#6269=ORIENTED_EDGE('',*,*,#4299,.T.);
#6270=ORIENTED_EDGE('',*,*,#4297,.T.);
#6271=ORIENTED_EDGE('',*,*,#4295,.T.);
#6272=ORIENTED_EDGE('',*,*,#4293,.T.);
#6273=ORIENTED_EDGE('',*,*,#4291,.T.);
#6274=ORIENTED_EDGE('',*,*,#4326,.T.);
#6275=ORIENTED_EDGE('',*,*,#4327,.T.);
#6276=ORIENTED_EDGE('',*,*,#4328,.T.);
#6277=ORIENTED_EDGE('',*,*,#4329,.T.);
#6278=ORIENTED_EDGE('',*,*,#4330,.F.);
#6279=ORIENTED_EDGE('',*,*,#4331,.F.);
#6280=ORIENTED_EDGE('',*,*,#4332,.F.);
#6281=ORIENTED_EDGE('',*,*,#4327,.F.);
#6282=ORIENTED_EDGE('',*,*,#4332,.T.);
#6283=ORIENTED_EDGE('',*,*,#4333,.F.);
#6284=ORIENTED_EDGE('',*,*,#4334,.F.);
#6285=ORIENTED_EDGE('',*,*,#4328,.F.);
#6286=ORIENTED_EDGE('',*,*,#4334,.T.);
#6287=ORIENTED_EDGE('',*,*,#4335,.F.);
#6288=ORIENTED_EDGE('',*,*,#4336,.F.);
#6289=ORIENTED_EDGE('',*,*,#4329,.F.);
#6290=ORIENTED_EDGE('',*,*,#4336,.T.);
#6291=ORIENTED_EDGE('',*,*,#4337,.F.);
#6292=ORIENTED_EDGE('',*,*,#4330,.T.);
#6293=ORIENTED_EDGE('',*,*,#4326,.F.);
#6294=ORIENTED_EDGE('',*,*,#4337,.T.);
#6295=ORIENTED_EDGE('',*,*,#4335,.T.);
#6296=ORIENTED_EDGE('',*,*,#4333,.T.);
#6297=ORIENTED_EDGE('',*,*,#4331,.T.);
#6298=ORIENTED_EDGE('',*,*,#4338,.T.);
#6299=ORIENTED_EDGE('',*,*,#4339,.T.);
#6300=ORIENTED_EDGE('',*,*,#4340,.T.);
#6301=ORIENTED_EDGE('',*,*,#4341,.T.);
#6302=ORIENTED_EDGE('',*,*,#4342,.T.);
#6303=ORIENTED_EDGE('',*,*,#4343,.T.);
#6304=ORIENTED_EDGE('',*,*,#4344,.T.);
#6305=ORIENTED_EDGE('',*,*,#4345,.T.);
#6306=ORIENTED_EDGE('',*,*,#4346,.T.);
#6307=ORIENTED_EDGE('',*,*,#4347,.T.);
#6308=ORIENTED_EDGE('',*,*,#4348,.T.);
#6309=ORIENTED_EDGE('',*,*,#4349,.T.);
#6310=ORIENTED_EDGE('',*,*,#4350,.T.);
#6311=ORIENTED_EDGE('',*,*,#4351,.T.);
#6312=ORIENTED_EDGE('',*,*,#4352,.T.);
#6313=ORIENTED_EDGE('',*,*,#4353,.T.);
#6314=ORIENTED_EDGE('',*,*,#4354,.T.);
#6315=ORIENTED_EDGE('',*,*,#4355,.T.);
#6316=ORIENTED_EDGE('',*,*,#4356,.T.);
#6317=ORIENTED_EDGE('',*,*,#4357,.T.);
#6318=ORIENTED_EDGE('',*,*,#4358,.T.);
#6319=ORIENTED_EDGE('',*,*,#4359,.F.);
#6320=ORIENTED_EDGE('',*,*,#4360,.F.);
#6321=ORIENTED_EDGE('',*,*,#4361,.F.);
#6322=ORIENTED_EDGE('',*,*,#4352,.F.);
#6323=ORIENTED_EDGE('',*,*,#4361,.T.);
#6324=ORIENTED_EDGE('',*,*,#4362,.F.);
#6325=ORIENTED_EDGE('',*,*,#4363,.F.);
#6326=ORIENTED_EDGE('',*,*,#4353,.F.);
#6327=ORIENTED_EDGE('',*,*,#4363,.T.);
#6328=ORIENTED_EDGE('',*,*,#4364,.F.);
#6329=ORIENTED_EDGE('',*,*,#4365,.F.);
#6330=ORIENTED_EDGE('',*,*,#4354,.F.);
#6331=ORIENTED_EDGE('',*,*,#4365,.T.);
#6332=ORIENTED_EDGE('',*,*,#4366,.F.);
#6333=ORIENTED_EDGE('',*,*,#4367,.F.);
#6334=ORIENTED_EDGE('',*,*,#4355,.F.);
#6335=ORIENTED_EDGE('',*,*,#4367,.T.);
#6336=ORIENTED_EDGE('',*,*,#4368,.F.);
#6337=ORIENTED_EDGE('',*,*,#4369,.F.);
#6338=ORIENTED_EDGE('',*,*,#4356,.F.);
#6339=ORIENTED_EDGE('',*,*,#4369,.T.);
#6340=ORIENTED_EDGE('',*,*,#4370,.F.);
#6341=ORIENTED_EDGE('',*,*,#4371,.F.);
#6342=ORIENTED_EDGE('',*,*,#4357,.F.);
#6343=ORIENTED_EDGE('',*,*,#4371,.T.);
#6344=ORIENTED_EDGE('',*,*,#4372,.F.);
#6345=ORIENTED_EDGE('',*,*,#4373,.F.);
#6346=ORIENTED_EDGE('',*,*,#4358,.F.);
#6347=ORIENTED_EDGE('',*,*,#4373,.T.);
#6348=ORIENTED_EDGE('',*,*,#4374,.F.);
#6349=ORIENTED_EDGE('',*,*,#4359,.T.);
#6350=ORIENTED_EDGE('',*,*,#4351,.F.);
#6351=ORIENTED_EDGE('',*,*,#4375,.F.);
#6352=ORIENTED_EDGE('',*,*,#4376,.F.);
#6353=ORIENTED_EDGE('',*,*,#4377,.F.);
#6354=ORIENTED_EDGE('',*,*,#4339,.F.);
#6355=ORIENTED_EDGE('',*,*,#4377,.T.);
#6356=ORIENTED_EDGE('',*,*,#4378,.F.);
#6357=ORIENTED_EDGE('',*,*,#4379,.F.);
#6358=ORIENTED_EDGE('',*,*,#4340,.F.);
#6359=ORIENTED_EDGE('',*,*,#4379,.T.);
#6360=ORIENTED_EDGE('',*,*,#4380,.F.);
#6361=ORIENTED_EDGE('',*,*,#4381,.F.);
#6362=ORIENTED_EDGE('',*,*,#4341,.F.);
#6363=ORIENTED_EDGE('',*,*,#4381,.T.);
#6364=ORIENTED_EDGE('',*,*,#4382,.F.);
#6365=ORIENTED_EDGE('',*,*,#4383,.F.);
#6366=ORIENTED_EDGE('',*,*,#4342,.F.);
#6367=ORIENTED_EDGE('',*,*,#4383,.T.);
#6368=ORIENTED_EDGE('',*,*,#4384,.F.);
#6369=ORIENTED_EDGE('',*,*,#4385,.F.);
#6370=ORIENTED_EDGE('',*,*,#4343,.F.);
#6371=ORIENTED_EDGE('',*,*,#4385,.T.);
#6372=ORIENTED_EDGE('',*,*,#4386,.F.);
#6373=ORIENTED_EDGE('',*,*,#4387,.F.);
#6374=ORIENTED_EDGE('',*,*,#4344,.F.);
#6375=ORIENTED_EDGE('',*,*,#4387,.T.);
#6376=ORIENTED_EDGE('',*,*,#4388,.F.);
#6377=ORIENTED_EDGE('',*,*,#4389,.F.);
#6378=ORIENTED_EDGE('',*,*,#4345,.F.);
#6379=ORIENTED_EDGE('',*,*,#4389,.T.);
#6380=ORIENTED_EDGE('',*,*,#4390,.F.);
#6381=ORIENTED_EDGE('',*,*,#4391,.F.);
#6382=ORIENTED_EDGE('',*,*,#4346,.F.);
#6383=ORIENTED_EDGE('',*,*,#4391,.T.);
#6384=ORIENTED_EDGE('',*,*,#4392,.F.);
#6385=ORIENTED_EDGE('',*,*,#4393,.F.);
#6386=ORIENTED_EDGE('',*,*,#4347,.F.);
#6387=ORIENTED_EDGE('',*,*,#4393,.T.);
#6388=ORIENTED_EDGE('',*,*,#4394,.F.);
#6389=ORIENTED_EDGE('',*,*,#4395,.F.);
#6390=ORIENTED_EDGE('',*,*,#4348,.F.);
#6391=ORIENTED_EDGE('',*,*,#4395,.T.);
#6392=ORIENTED_EDGE('',*,*,#4396,.F.);
#6393=ORIENTED_EDGE('',*,*,#4397,.F.);
#6394=ORIENTED_EDGE('',*,*,#4349,.F.);
#6395=ORIENTED_EDGE('',*,*,#4397,.T.);
#6396=ORIENTED_EDGE('',*,*,#4398,.F.);
#6397=ORIENTED_EDGE('',*,*,#4399,.F.);
#6398=ORIENTED_EDGE('',*,*,#4350,.F.);
#6399=ORIENTED_EDGE('',*,*,#4399,.T.);
#6400=ORIENTED_EDGE('',*,*,#4400,.F.);
#6401=ORIENTED_EDGE('',*,*,#4375,.T.);
#6402=ORIENTED_EDGE('',*,*,#4338,.F.);
#6403=ORIENTED_EDGE('',*,*,#4400,.T.);
#6404=ORIENTED_EDGE('',*,*,#4398,.T.);
#6405=ORIENTED_EDGE('',*,*,#4396,.T.);
#6406=ORIENTED_EDGE('',*,*,#4394,.T.);
#6407=ORIENTED_EDGE('',*,*,#4392,.T.);
#6408=ORIENTED_EDGE('',*,*,#4390,.T.);
#6409=ORIENTED_EDGE('',*,*,#4388,.T.);
#6410=ORIENTED_EDGE('',*,*,#4386,.T.);
#6411=ORIENTED_EDGE('',*,*,#4384,.T.);
#6412=ORIENTED_EDGE('',*,*,#4382,.T.);
#6413=ORIENTED_EDGE('',*,*,#4380,.T.);
#6414=ORIENTED_EDGE('',*,*,#4378,.T.);
#6415=ORIENTED_EDGE('',*,*,#4376,.T.);
#6416=ORIENTED_EDGE('',*,*,#4374,.T.);
#6417=ORIENTED_EDGE('',*,*,#4372,.T.);
#6418=ORIENTED_EDGE('',*,*,#4370,.T.);
#6419=ORIENTED_EDGE('',*,*,#4368,.T.);
#6420=ORIENTED_EDGE('',*,*,#4366,.T.);
#6421=ORIENTED_EDGE('',*,*,#4364,.T.);
#6422=ORIENTED_EDGE('',*,*,#4362,.T.);
#6423=ORIENTED_EDGE('',*,*,#4360,.T.);
#6424=ORIENTED_EDGE('',*,*,#4401,.T.);
#6425=ORIENTED_EDGE('',*,*,#4402,.T.);
#6426=ORIENTED_EDGE('',*,*,#4403,.T.);
#6427=ORIENTED_EDGE('',*,*,#4404,.T.);
#6428=ORIENTED_EDGE('',*,*,#4405,.T.);
#6429=ORIENTED_EDGE('',*,*,#4406,.T.);
#6430=ORIENTED_EDGE('',*,*,#4407,.T.);
#6431=ORIENTED_EDGE('',*,*,#4408,.T.);
#6432=ORIENTED_EDGE('',*,*,#4409,.T.);
#6433=ORIENTED_EDGE('',*,*,#4410,.T.);
#6434=ORIENTED_EDGE('',*,*,#4411,.T.);
#6435=ORIENTED_EDGE('',*,*,#4412,.T.);
#6436=ORIENTED_EDGE('',*,*,#4413,.T.);
#6437=ORIENTED_EDGE('',*,*,#4414,.T.);
#6438=ORIENTED_EDGE('',*,*,#4415,.T.);
#6439=ORIENTED_EDGE('',*,*,#4416,.T.);
#6440=ORIENTED_EDGE('',*,*,#4417,.T.);
#6441=ORIENTED_EDGE('',*,*,#4418,.T.);
#6442=ORIENTED_EDGE('',*,*,#4419,.T.);
#6443=ORIENTED_EDGE('',*,*,#4420,.F.);
#6444=ORIENTED_EDGE('',*,*,#4421,.F.);
#6445=ORIENTED_EDGE('',*,*,#4422,.F.);
#6446=ORIENTED_EDGE('',*,*,#4416,.F.);
#6447=ORIENTED_EDGE('',*,*,#4422,.T.);
#6448=ORIENTED_EDGE('',*,*,#4423,.F.);
#6449=ORIENTED_EDGE('',*,*,#4424,.F.);
#6450=ORIENTED_EDGE('',*,*,#4417,.F.);
#6451=ORIENTED_EDGE('',*,*,#4424,.T.);
#6452=ORIENTED_EDGE('',*,*,#4425,.F.);
#6453=ORIENTED_EDGE('',*,*,#4426,.F.);
#6454=ORIENTED_EDGE('',*,*,#4418,.F.);
#6455=ORIENTED_EDGE('',*,*,#4426,.T.);
#6456=ORIENTED_EDGE('',*,*,#4427,.F.);
#6457=ORIENTED_EDGE('',*,*,#4428,.F.);
#6458=ORIENTED_EDGE('',*,*,#4419,.F.);
#6459=ORIENTED_EDGE('',*,*,#4428,.T.);
#6460=ORIENTED_EDGE('',*,*,#4429,.F.);
#6461=ORIENTED_EDGE('',*,*,#4420,.T.);
#6462=ORIENTED_EDGE('',*,*,#4415,.F.);
#6463=ORIENTED_EDGE('',*,*,#4430,.F.);
#6464=ORIENTED_EDGE('',*,*,#4431,.F.);
#6465=ORIENTED_EDGE('',*,*,#4432,.F.);
#6466=ORIENTED_EDGE('',*,*,#4402,.F.);
#6467=ORIENTED_EDGE('',*,*,#4432,.T.);
#6468=ORIENTED_EDGE('',*,*,#4433,.F.);
#6469=ORIENTED_EDGE('',*,*,#4434,.F.);
#6470=ORIENTED_EDGE('',*,*,#4403,.F.);
#6471=ORIENTED_EDGE('',*,*,#4434,.T.);
#6472=ORIENTED_EDGE('',*,*,#4435,.F.);
#6473=ORIENTED_EDGE('',*,*,#4436,.F.);
#6474=ORIENTED_EDGE('',*,*,#4404,.F.);
#6475=ORIENTED_EDGE('',*,*,#4436,.T.);
#6476=ORIENTED_EDGE('',*,*,#4437,.F.);
#6477=ORIENTED_EDGE('',*,*,#4438,.F.);
#6478=ORIENTED_EDGE('',*,*,#4405,.F.);
#6479=ORIENTED_EDGE('',*,*,#4438,.T.);
#6480=ORIENTED_EDGE('',*,*,#4439,.F.);
#6481=ORIENTED_EDGE('',*,*,#4440,.F.);
#6482=ORIENTED_EDGE('',*,*,#4406,.F.);
#6483=ORIENTED_EDGE('',*,*,#4440,.T.);
#6484=ORIENTED_EDGE('',*,*,#4441,.F.);
#6485=ORIENTED_EDGE('',*,*,#4442,.F.);
#6486=ORIENTED_EDGE('',*,*,#4407,.F.);
#6487=ORIENTED_EDGE('',*,*,#4442,.T.);
#6488=ORIENTED_EDGE('',*,*,#4443,.F.);
#6489=ORIENTED_EDGE('',*,*,#4444,.F.);
#6490=ORIENTED_EDGE('',*,*,#4408,.F.);
#6491=ORIENTED_EDGE('',*,*,#4444,.T.);
#6492=ORIENTED_EDGE('',*,*,#4445,.F.);
#6493=ORIENTED_EDGE('',*,*,#4446,.F.);
#6494=ORIENTED_EDGE('',*,*,#4409,.F.);
#6495=ORIENTED_EDGE('',*,*,#4446,.T.);
#6496=ORIENTED_EDGE('',*,*,#4447,.F.);
#6497=ORIENTED_EDGE('',*,*,#4448,.F.);
#6498=ORIENTED_EDGE('',*,*,#4410,.F.);
#6499=ORIENTED_EDGE('',*,*,#4448,.T.);
#6500=ORIENTED_EDGE('',*,*,#4449,.F.);
#6501=ORIENTED_EDGE('',*,*,#4450,.F.);
#6502=ORIENTED_EDGE('',*,*,#4411,.F.);
#6503=ORIENTED_EDGE('',*,*,#4450,.T.);
#6504=ORIENTED_EDGE('',*,*,#4451,.F.);
#6505=ORIENTED_EDGE('',*,*,#4452,.F.);
#6506=ORIENTED_EDGE('',*,*,#4412,.F.);
#6507=ORIENTED_EDGE('',*,*,#4452,.T.);
#6508=ORIENTED_EDGE('',*,*,#4453,.F.);
#6509=ORIENTED_EDGE('',*,*,#4454,.F.);
#6510=ORIENTED_EDGE('',*,*,#4413,.F.);
#6511=ORIENTED_EDGE('',*,*,#4454,.T.);
#6512=ORIENTED_EDGE('',*,*,#4455,.F.);
#6513=ORIENTED_EDGE('',*,*,#4456,.F.);
#6514=ORIENTED_EDGE('',*,*,#4414,.F.);
#6515=ORIENTED_EDGE('',*,*,#4456,.T.);
#6516=ORIENTED_EDGE('',*,*,#4457,.F.);
#6517=ORIENTED_EDGE('',*,*,#4430,.T.);
#6518=ORIENTED_EDGE('',*,*,#4401,.F.);
#6519=ORIENTED_EDGE('',*,*,#4457,.T.);
#6520=ORIENTED_EDGE('',*,*,#4455,.T.);
#6521=ORIENTED_EDGE('',*,*,#4453,.T.);
#6522=ORIENTED_EDGE('',*,*,#4451,.T.);
#6523=ORIENTED_EDGE('',*,*,#4449,.T.);
#6524=ORIENTED_EDGE('',*,*,#4447,.T.);
#6525=ORIENTED_EDGE('',*,*,#4445,.T.);
#6526=ORIENTED_EDGE('',*,*,#4443,.T.);
#6527=ORIENTED_EDGE('',*,*,#4441,.T.);
#6528=ORIENTED_EDGE('',*,*,#4439,.T.);
#6529=ORIENTED_EDGE('',*,*,#4437,.T.);
#6530=ORIENTED_EDGE('',*,*,#4435,.T.);
#6531=ORIENTED_EDGE('',*,*,#4433,.T.);
#6532=ORIENTED_EDGE('',*,*,#4431,.T.);
#6533=ORIENTED_EDGE('',*,*,#4429,.T.);
#6534=ORIENTED_EDGE('',*,*,#4427,.T.);
#6535=ORIENTED_EDGE('',*,*,#4425,.T.);
#6536=ORIENTED_EDGE('',*,*,#4423,.T.);
#6537=ORIENTED_EDGE('',*,*,#4421,.T.);
#6538=PLANE('',#7104);
#6539=PLANE('',#7108);
#6540=PLANE('',#7112);
#6541=PLANE('',#7116);
#6542=PLANE('',#7122);
#6543=PLANE('',#7125);
#6544=PLANE('',#7126);
#6545=PLANE('',#7136);
#6546=PLANE('',#7143);
#6547=PLANE('',#7150);
#6548=PLANE('',#7157);
#6549=PLANE('',#7173);
#6550=PLANE('',#7176);
#6551=PLANE('',#7177);
#6552=PLANE('',#7178);
#6553=PLANE('',#7179);
#6554=PLANE('',#7180);
#6555=PLANE('',#7181);
#6556=PLANE('',#7182);
#6557=PLANE('',#7183);
#6558=PLANE('',#7184);
#6559=PLANE('',#7185);
#6560=PLANE('',#7186);
#6561=PLANE('',#7187);
#6562=PLANE('',#7188);
#6563=PLANE('',#7189);
#6564=PLANE('',#7190);
#6565=PLANE('',#7191);
#6566=PLANE('',#7192);
#6567=PLANE('',#7193);
#6568=PLANE('',#7194);
#6569=PLANE('',#7195);
#6570=PLANE('',#7196);
#6571=PLANE('',#7197);
#6572=PLANE('',#7198);
#6573=PLANE('',#7199);
#6574=PLANE('',#7200);
#6575=PLANE('',#7201);
#6576=PLANE('',#7202);
#6577=PLANE('',#7203);
#6578=PLANE('',#7204);
#6579=PLANE('',#7205);
#6580=PLANE('',#7206);
#6581=PLANE('',#7207);
#6582=PLANE('',#7208);
#6583=PLANE('',#7209);
#6584=PLANE('',#7210);
#6585=PLANE('',#7211);
#6586=PLANE('',#7212);
#6587=PLANE('',#7213);
#6588=PLANE('',#7214);
#6589=PLANE('',#7215);
#6590=PLANE('',#7216);
#6591=PLANE('',#7217);
#6592=PLANE('',#7218);
#6593=PLANE('',#7219);
#6594=PLANE('',#7220);
#6595=PLANE('',#7221);
#6596=PLANE('',#7222);
#6597=PLANE('',#7223);
#6598=PLANE('',#7224);
#6599=PLANE('',#7225);
#6600=PLANE('',#7226);
#6601=PLANE('',#7227);
#6602=PLANE('',#7228);
#6603=PLANE('',#7229);
#6604=PLANE('',#7230);
#6605=PLANE('',#7231);
#6606=PLANE('',#7232);
#6607=PLANE('',#7233);
#6608=PLANE('',#7234);
#6609=PLANE('',#7235);
#6610=PLANE('',#7236);
#6611=PLANE('',#7237);
#6612=PLANE('',#7238);
#6613=PLANE('',#7239);
#6614=PLANE('',#7240);
#6615=PLANE('',#7241);
#6616=PLANE('',#7242);
#6617=PLANE('',#7243);
#6618=PLANE('',#7244);
#6619=PLANE('',#7245);
#6620=PLANE('',#7246);
#6621=PLANE('',#7247);
#6622=PLANE('',#7248);
#6623=PLANE('',#7249);
#6624=PLANE('',#7250);
#6625=PLANE('',#7251);
#6626=PLANE('',#7252);
#6627=PLANE('',#7253);
#6628=PLANE('',#7254);
#6629=PLANE('',#7255);
#6630=PLANE('',#7256);
#6631=PLANE('',#7257);
#6632=PLANE('',#7258);
#6633=PLANE('',#7259);
#6634=PLANE('',#7260);
#6635=PLANE('',#7261);
#6636=PLANE('',#7262);
#6637=PLANE('',#7263);
#6638=PLANE('',#7264);
#6639=PLANE('',#7265);
#6640=PLANE('',#7266);
#6641=PLANE('',#7267);
#6642=PLANE('',#7268);
#6643=PLANE('',#7269);
#6644=PLANE('',#7270);
#6645=PLANE('',#7271);
#6646=PLANE('',#7272);
#6647=PLANE('',#7273);
#6648=PLANE('',#7274);
#6649=PLANE('',#7275);
#6650=PLANE('',#7276);
#6651=PLANE('',#7277);
#6652=PLANE('',#7278);
#6653=PLANE('',#7279);
#6654=PLANE('',#7280);
#6655=PLANE('',#7281);
#6656=PLANE('',#7282);
#6657=PLANE('',#7283);
#6658=PLANE('',#7284);
#6659=PLANE('',#7285);
#6660=PLANE('',#7286);
#6661=PLANE('',#7287);
#6662=PLANE('',#7288);
#6663=PLANE('',#7289);
#6664=PLANE('',#7290);
#6665=PLANE('',#7291);
#6666=PLANE('',#7292);
#6667=PLANE('',#7293);
#6668=PLANE('',#7294);
#6669=PLANE('',#7295);
#6670=PLANE('',#7296);
#6671=ADVANCED_FACE('',(#868),#6538,.T.);
#6672=ADVANCED_FACE('',(#869),#856,.T.);
#6673=ADVANCED_FACE('',(#870),#6539,.T.);
#6674=ADVANCED_FACE('',(#871),#857,.T.);
#6675=ADVANCED_FACE('',(#872),#6540,.T.);
#6676=ADVANCED_FACE('',(#873),#858,.T.);
#6677=ADVANCED_FACE('',(#874),#6541,.T.);
#6678=ADVANCED_FACE('',(#875),#859,.T.);
#6679=ADVANCED_FACE('',(#876),#808,.T.);
#6680=ADVANCED_FACE('',(#877),#6542,.T.);
#6681=ADVANCED_FACE('',(#878),#809,.T.);
#6682=ADVANCED_FACE('',(#879),#6543,.T.);
#6683=ADVANCED_FACE('',(#880,#782,#783,#784,#785),#6544,.T.);
#6684=ADVANCED_FACE('',(#881),#860,.F.);
#6685=ADVANCED_FACE('',(#882),#810,.F.);
#6686=ADVANCED_FACE('',(#883,#786),#6545,.T.);
#6687=ADVANCED_FACE('',(#884),#861,.F.);
#6688=ADVANCED_FACE('',(#885),#811,.F.);
#6689=ADVANCED_FACE('',(#886,#787),#6546,.T.);
#6690=ADVANCED_FACE('',(#887),#862,.F.);
#6691=ADVANCED_FACE('',(#888),#812,.F.);
#6692=ADVANCED_FACE('',(#889,#788),#6547,.T.);
#6693=ADVANCED_FACE('',(#890),#863,.F.);
#6694=ADVANCED_FACE('',(#891),#813,.F.);
#6695=ADVANCED_FACE('',(#892,#789),#6548,.T.);
#6696=ADVANCED_FACE('',(#893),#864,.T.);
#6697=ADVANCED_FACE('',(#894),#814,.T.);
#6698=ADVANCED_FACE('',(#895),#865,.T.);
#6699=ADVANCED_FACE('',(#896),#815,.T.);
#6700=ADVANCED_FACE('',(#897),#866,.T.);
#6701=ADVANCED_FACE('',(#898),#816,.T.);
#6702=ADVANCED_FACE('',(#899),#867,.T.);
#6703=ADVANCED_FACE('',(#900),#817,.T.);
#6704=ADVANCED_FACE('',(#901),#818,.T.);
#6705=ADVANCED_FACE('',(#902),#6549,.T.);
#6706=ADVANCED_FACE('',(#903),#819,.T.);
#6707=ADVANCED_FACE('',(#904),#6550,.T.);
#6708=ADVANCED_FACE('',(#905),#6551,.T.);
#6709=ADVANCED_FACE('',(#906),#6552,.T.);
#6710=ADVANCED_FACE('',(#907),#6553,.T.);
#6711=ADVANCED_FACE('',(#908),#6554,.T.);
#6712=ADVANCED_FACE('',(#909),#6555,.T.);
#6713=ADVANCED_FACE('',(#910),#6556,.F.);
#6714=ADVANCED_FACE('',(#911),#6557,.T.);
#6715=ADVANCED_FACE('',(#912),#13,.T.);
#6716=ADVANCED_FACE('',(#913),#14,.T.);
#6717=ADVANCED_FACE('',(#914),#15,.T.);
#6718=ADVANCED_FACE('',(#915),#16,.T.);
#6719=ADVANCED_FACE('',(#916),#17,.T.);
#6720=ADVANCED_FACE('',(#917),#18,.T.);
#6721=ADVANCED_FACE('',(#918),#19,.T.);
#6722=ADVANCED_FACE('',(#919),#20,.T.);
#6723=ADVANCED_FACE('',(#920),#21,.T.);
#6724=ADVANCED_FACE('',(#921),#22,.T.);
#6725=ADVANCED_FACE('',(#922),#23,.T.);
#6726=ADVANCED_FACE('',(#923),#24,.T.);
#6727=ADVANCED_FACE('',(#924),#6558,.T.);
#6728=ADVANCED_FACE('',(#925),#25,.T.);
#6729=ADVANCED_FACE('',(#926),#26,.T.);
#6730=ADVANCED_FACE('',(#927),#27,.T.);
#6731=ADVANCED_FACE('',(#928),#28,.T.);
#6732=ADVANCED_FACE('',(#929),#29,.T.);
#6733=ADVANCED_FACE('',(#930),#30,.T.);
#6734=ADVANCED_FACE('',(#931),#31,.T.);
#6735=ADVANCED_FACE('',(#932),#32,.T.);
#6736=ADVANCED_FACE('',(#933),#33,.T.);
#6737=ADVANCED_FACE('',(#934),#34,.T.);
#6738=ADVANCED_FACE('',(#935),#35,.T.);
#6739=ADVANCED_FACE('',(#936),#36,.T.);
#6740=ADVANCED_FACE('',(#937),#6559,.T.);
#6741=ADVANCED_FACE('',(#938),#6560,.F.);
#6742=ADVANCED_FACE('',(#939),#6561,.T.);
#6743=ADVANCED_FACE('',(#940),#6562,.F.);
#6744=ADVANCED_FACE('',(#941),#6563,.F.);
#6745=ADVANCED_FACE('',(#942),#6564,.F.);
#6746=ADVANCED_FACE('',(#943),#6565,.F.);
#6747=ADVANCED_FACE('',(#944),#6566,.F.);
#6748=ADVANCED_FACE('',(#945),#6567,.T.);
#6749=ADVANCED_FACE('',(#946),#6568,.F.);
#6750=ADVANCED_FACE('',(#947),#6569,.F.);
#6751=ADVANCED_FACE('',(#948),#6570,.F.);
#6752=ADVANCED_FACE('',(#949),#6571,.F.);
#6753=ADVANCED_FACE('',(#950),#6572,.F.);
#6754=ADVANCED_FACE('',(#951),#6573,.T.);
#6755=ADVANCED_FACE('',(#952),#6574,.F.);
#6756=ADVANCED_FACE('',(#953),#6575,.F.);
#6757=ADVANCED_FACE('',(#954),#6576,.F.);
#6758=ADVANCED_FACE('',(#955),#6577,.F.);
#6759=ADVANCED_FACE('',(#956),#6578,.F.);
#6760=ADVANCED_FACE('',(#957),#6579,.T.);
#6761=ADVANCED_FACE('',(#958),#6580,.F.);
#6762=ADVANCED_FACE('',(#959),#6581,.F.);
#6763=ADVANCED_FACE('',(#960),#6582,.F.);
#6764=ADVANCED_FACE('',(#961),#6583,.F.);
#6765=ADVANCED_FACE('',(#962),#6584,.F.);
#6766=ADVANCED_FACE('',(#963),#6585,.T.);
#6767=ADVANCED_FACE('',(#964),#6586,.T.);
#6768=ADVANCED_FACE('',(#965),#37,.T.);
#6769=ADVANCED_FACE('',(#966),#38,.T.);
#6770=ADVANCED_FACE('',(#967),#39,.T.);
#6771=ADVANCED_FACE('',(#968),#40,.T.);
#6772=ADVANCED_FACE('',(#969),#41,.T.);
#6773=ADVANCED_FACE('',(#970),#42,.T.);
#6774=ADVANCED_FACE('',(#971),#43,.T.);
#6775=ADVANCED_FACE('',(#972),#44,.T.);
#6776=ADVANCED_FACE('',(#973),#6587,.T.);
#6777=ADVANCED_FACE('',(#974),#45,.T.);
#6778=ADVANCED_FACE('',(#975),#46,.T.);
#6779=ADVANCED_FACE('',(#976),#47,.T.);
#6780=ADVANCED_FACE('',(#977),#48,.T.);
#6781=ADVANCED_FACE('',(#978),#49,.T.);
#6782=ADVANCED_FACE('',(#979),#50,.T.);
#6783=ADVANCED_FACE('',(#980),#51,.T.);
#6784=ADVANCED_FACE('',(#981),#52,.T.);
#6785=ADVANCED_FACE('',(#982),#53,.T.);
#6786=ADVANCED_FACE('',(#983),#6588,.T.);
#6787=ADVANCED_FACE('',(#984),#6589,.T.);
#6788=ADVANCED_FACE('',(#985,#790),#6590,.F.);
#6789=ADVANCED_FACE('',(#986),#54,.T.);
#6790=ADVANCED_FACE('',(#987),#55,.T.);
#6791=ADVANCED_FACE('',(#988),#56,.T.);
#6792=ADVANCED_FACE('',(#989),#57,.T.);
#6793=ADVANCED_FACE('',(#990),#58,.T.);
#6794=ADVANCED_FACE('',(#991),#59,.T.);
#6795=ADVANCED_FACE('',(#992),#60,.T.);
#6796=ADVANCED_FACE('',(#993),#61,.T.);
#6797=ADVANCED_FACE('',(#994),#6591,.T.);
#6798=ADVANCED_FACE('',(#995),#6592,.T.);
#6799=ADVANCED_FACE('',(#996),#62,.T.);
#6800=ADVANCED_FACE('',(#997),#63,.T.);
#6801=ADVANCED_FACE('',(#998),#64,.T.);
#6802=ADVANCED_FACE('',(#999),#65,.T.);
#6803=ADVANCED_FACE('',(#1000),#66,.T.);
#6804=ADVANCED_FACE('',(#1001),#67,.T.);
#6805=ADVANCED_FACE('',(#1002),#68,.T.);
#6806=ADVANCED_FACE('',(#1003),#69,.T.);
#6807=ADVANCED_FACE('',(#1004),#6593,.T.);
#6808=ADVANCED_FACE('',(#1005),#6594,.T.);
#6809=ADVANCED_FACE('',(#1006),#6595,.T.);
#6810=ADVANCED_FACE('',(#1007,#791),#6596,.T.);
#6811=ADVANCED_FACE('',(#1008,#792),#6597,.F.);
#6812=ADVANCED_FACE('',(#1009),#70,.T.);
#6813=ADVANCED_FACE('',(#1010),#71,.T.);
#6814=ADVANCED_FACE('',(#1011),#72,.T.);
#6815=ADVANCED_FACE('',(#1012),#73,.T.);
#6816=ADVANCED_FACE('',(#1013),#74,.T.);
#6817=ADVANCED_FACE('',(#1014),#75,.T.);
#6818=ADVANCED_FACE('',(#1015),#76,.T.);
#6819=ADVANCED_FACE('',(#1016),#77,.T.);
#6820=ADVANCED_FACE('',(#1017),#6598,.T.);
#6821=ADVANCED_FACE('',(#1018),#6599,.T.);
#6822=ADVANCED_FACE('',(#1019),#78,.T.);
#6823=ADVANCED_FACE('',(#1020),#79,.T.);
#6824=ADVANCED_FACE('',(#1021),#80,.T.);
#6825=ADVANCED_FACE('',(#1022),#81,.T.);
#6826=ADVANCED_FACE('',(#1023),#82,.T.);
#6827=ADVANCED_FACE('',(#1024),#6600,.T.);
#6828=ADVANCED_FACE('',(#1025),#83,.T.);
#6829=ADVANCED_FACE('',(#1026),#84,.T.);
#6830=ADVANCED_FACE('',(#1027),#6601,.T.);
#6831=ADVANCED_FACE('',(#1028),#85,.T.);
#6832=ADVANCED_FACE('',(#1029),#86,.T.);
#6833=ADVANCED_FACE('',(#1030),#87,.T.);
#6834=ADVANCED_FACE('',(#1031),#88,.T.);
#6835=ADVANCED_FACE('',(#1032),#89,.T.);
#6836=ADVANCED_FACE('',(#1033),#90,.T.);
#6837=ADVANCED_FACE('',(#1034),#91,.T.);
#6838=ADVANCED_FACE('',(#1035),#92,.T.);
#6839=ADVANCED_FACE('',(#1036),#93,.T.);
#6840=ADVANCED_FACE('',(#1037),#94,.T.);
#6841=ADVANCED_FACE('',(#1038),#6602,.T.);
#6842=ADVANCED_FACE('',(#1039),#95,.T.);
#6843=ADVANCED_FACE('',(#1040),#96,.T.);
#6844=ADVANCED_FACE('',(#1041),#97,.T.);
#6845=ADVANCED_FACE('',(#1042),#98,.T.);
#6846=ADVANCED_FACE('',(#1043,#793),#6603,.T.);
#6847=ADVANCED_FACE('',(#1044,#794),#6604,.F.);
#6848=ADVANCED_FACE('',(#1045),#99,.T.);
#6849=ADVANCED_FACE('',(#1046),#100,.T.);
#6850=ADVANCED_FACE('',(#1047),#101,.T.);
#6851=ADVANCED_FACE('',(#1048),#102,.T.);
#6852=ADVANCED_FACE('',(#1049),#103,.T.);
#6853=ADVANCED_FACE('',(#1050),#104,.T.);
#6854=ADVANCED_FACE('',(#1051),#105,.T.);
#6855=ADVANCED_FACE('',(#1052),#106,.T.);
#6856=ADVANCED_FACE('',(#1053),#6605,.T.);
#6857=ADVANCED_FACE('',(#1054),#6606,.T.);
#6858=ADVANCED_FACE('',(#1055),#107,.T.);
#6859=ADVANCED_FACE('',(#1056),#108,.T.);
#6860=ADVANCED_FACE('',(#1057),#109,.T.);
#6861=ADVANCED_FACE('',(#1058),#110,.T.);
#6862=ADVANCED_FACE('',(#1059),#111,.T.);
#6863=ADVANCED_FACE('',(#1060),#112,.T.);
#6864=ADVANCED_FACE('',(#1061),#113,.T.);
#6865=ADVANCED_FACE('',(#1062),#6607,.T.);
#6866=ADVANCED_FACE('',(#1063),#6608,.T.);
#6867=ADVANCED_FACE('',(#1064),#6609,.T.);
#6868=ADVANCED_FACE('',(#1065,#795),#6610,.T.);
#6869=ADVANCED_FACE('',(#1066,#796),#6611,.F.);
#6870=ADVANCED_FACE('',(#1067),#114,.T.);
#6871=ADVANCED_FACE('',(#1068),#115,.T.);
#6872=ADVANCED_FACE('',(#1069),#116,.T.);
#6873=ADVANCED_FACE('',(#1070),#117,.T.);
#6874=ADVANCED_FACE('',(#1071),#118,.T.);
#6875=ADVANCED_FACE('',(#1072),#119,.T.);
#6876=ADVANCED_FACE('',(#1073),#120,.T.);
#6877=ADVANCED_FACE('',(#1074),#121,.T.);
#6878=ADVANCED_FACE('',(#1075),#6612,.T.);
#6879=ADVANCED_FACE('',(#1076),#6613,.T.);
#6880=ADVANCED_FACE('',(#1077),#122,.T.);
#6881=ADVANCED_FACE('',(#1078),#123,.T.);
#6882=ADVANCED_FACE('',(#1079),#124,.T.);
#6883=ADVANCED_FACE('',(#1080),#125,.T.);
#6884=ADVANCED_FACE('',(#1081),#126,.T.);
#6885=ADVANCED_FACE('',(#1082),#127,.T.);
#6886=ADVANCED_FACE('',(#1083),#128,.T.);
#6887=ADVANCED_FACE('',(#1084),#129,.T.);
#6888=ADVANCED_FACE('',(#1085),#6614,.T.);
#6889=ADVANCED_FACE('',(#1086),#6615,.T.);
#6890=ADVANCED_FACE('',(#1087),#6616,.T.);
#6891=ADVANCED_FACE('',(#1088,#797),#6617,.T.);
#6892=ADVANCED_FACE('',(#1089),#6618,.T.);
#6893=ADVANCED_FACE('',(#1090),#6619,.T.);
#6894=ADVANCED_FACE('',(#1091),#6620,.T.);
#6895=ADVANCED_FACE('',(#1092),#6621,.T.);
#6896=ADVANCED_FACE('',(#1093),#6622,.T.);
#6897=ADVANCED_FACE('',(#1094),#6623,.T.);
#6898=ADVANCED_FACE('',(#1095,#798),#6624,.F.);
#6899=ADVANCED_FACE('',(#1096),#130,.T.);
#6900=ADVANCED_FACE('',(#1097),#131,.T.);
#6901=ADVANCED_FACE('',(#1098),#132,.T.);
#6902=ADVANCED_FACE('',(#1099),#133,.T.);
#6903=ADVANCED_FACE('',(#1100),#134,.T.);
#6904=ADVANCED_FACE('',(#1101),#135,.T.);
#6905=ADVANCED_FACE('',(#1102),#136,.T.);
#6906=ADVANCED_FACE('',(#1103),#137,.T.);
#6907=ADVANCED_FACE('',(#1104),#6625,.T.);
#6908=ADVANCED_FACE('',(#1105),#6626,.T.);
#6909=ADVANCED_FACE('',(#1106),#138,.T.);
#6910=ADVANCED_FACE('',(#1107),#139,.T.);
#6911=ADVANCED_FACE('',(#1108),#140,.T.);
#6912=ADVANCED_FACE('',(#1109),#141,.T.);
#6913=ADVANCED_FACE('',(#1110),#142,.T.);
#6914=ADVANCED_FACE('',(#1111),#6627,.T.);
#6915=ADVANCED_FACE('',(#1112),#143,.T.);
#6916=ADVANCED_FACE('',(#1113),#144,.T.);
#6917=ADVANCED_FACE('',(#1114),#6628,.T.);
#6918=ADVANCED_FACE('',(#1115),#145,.T.);
#6919=ADVANCED_FACE('',(#1116),#146,.T.);
#6920=ADVANCED_FACE('',(#1117),#147,.T.);
#6921=ADVANCED_FACE('',(#1118),#148,.T.);
#6922=ADVANCED_FACE('',(#1119),#149,.T.);
#6923=ADVANCED_FACE('',(#1120),#150,.T.);
#6924=ADVANCED_FACE('',(#1121),#151,.T.);
#6925=ADVANCED_FACE('',(#1122),#152,.T.);
#6926=ADVANCED_FACE('',(#1123),#153,.T.);
#6927=ADVANCED_FACE('',(#1124),#154,.T.);
#6928=ADVANCED_FACE('',(#1125),#6629,.T.);
#6929=ADVANCED_FACE('',(#1126),#155,.T.);
#6930=ADVANCED_FACE('',(#1127),#156,.T.);
#6931=ADVANCED_FACE('',(#1128),#157,.T.);
#6932=ADVANCED_FACE('',(#1129),#158,.T.);
#6933=ADVANCED_FACE('',(#1130,#799),#6630,.T.);
#6934=ADVANCED_FACE('',(#1131),#6631,.F.);
#6935=ADVANCED_FACE('',(#1132),#6632,.T.);
#6936=ADVANCED_FACE('',(#1133),#159,.T.);
#6937=ADVANCED_FACE('',(#1134),#160,.T.);
#6938=ADVANCED_FACE('',(#1135),#161,.T.);
#6939=ADVANCED_FACE('',(#1136),#162,.T.);
#6940=ADVANCED_FACE('',(#1137),#163,.T.);
#6941=ADVANCED_FACE('',(#1138),#164,.T.);
#6942=ADVANCED_FACE('',(#1139),#165,.T.);
#6943=ADVANCED_FACE('',(#1140),#6633,.T.);
#6944=ADVANCED_FACE('',(#1141),#166,.T.);
#6945=ADVANCED_FACE('',(#1142),#167,.T.);
#6946=ADVANCED_FACE('',(#1143),#168,.T.);
#6947=ADVANCED_FACE('',(#1144),#169,.T.);
#6948=ADVANCED_FACE('',(#1145),#170,.T.);
#6949=ADVANCED_FACE('',(#1146),#171,.T.);
#6950=ADVANCED_FACE('',(#1147),#6634,.T.);
#6951=ADVANCED_FACE('',(#1148),#172,.T.);
#6952=ADVANCED_FACE('',(#1149),#173,.T.);
#6953=ADVANCED_FACE('',(#1150),#174,.T.);
#6954=ADVANCED_FACE('',(#1151),#175,.T.);
#6955=ADVANCED_FACE('',(#1152),#176,.T.);
#6956=ADVANCED_FACE('',(#1153),#177,.T.);
#6957=ADVANCED_FACE('',(#1154),#178,.T.);
#6958=ADVANCED_FACE('',(#1155),#179,.T.);
#6959=ADVANCED_FACE('',(#1156),#180,.T.);
#6960=ADVANCED_FACE('',(#1157),#181,.T.);
#6961=ADVANCED_FACE('',(#1158),#182,.T.);
#6962=ADVANCED_FACE('',(#1159),#183,.T.);
#6963=ADVANCED_FACE('',(#1160),#6635,.T.);
#6964=ADVANCED_FACE('',(#1161,#800),#6636,.F.);
#6965=ADVANCED_FACE('',(#1162),#184,.T.);
#6966=ADVANCED_FACE('',(#1163),#185,.T.);
#6967=ADVANCED_FACE('',(#1164),#186,.T.);
#6968=ADVANCED_FACE('',(#1165),#187,.T.);
#6969=ADVANCED_FACE('',(#1166),#188,.T.);
#6970=ADVANCED_FACE('',(#1167),#189,.T.);
#6971=ADVANCED_FACE('',(#1168),#190,.T.);
#6972=ADVANCED_FACE('',(#1169),#191,.T.);
#6973=ADVANCED_FACE('',(#1170),#6637,.T.);
#6974=ADVANCED_FACE('',(#1171),#6638,.T.);
#6975=ADVANCED_FACE('',(#1172),#6639,.T.);
#6976=ADVANCED_FACE('',(#1173),#192,.T.);
#6977=ADVANCED_FACE('',(#1174),#193,.T.);
#6978=ADVANCED_FACE('',(#1175),#194,.T.);
#6979=ADVANCED_FACE('',(#1176),#195,.T.);
#6980=ADVANCED_FACE('',(#1177),#196,.T.);
#6981=ADVANCED_FACE('',(#1178),#197,.T.);
#6982=ADVANCED_FACE('',(#1179),#198,.T.);
#6983=ADVANCED_FACE('',(#1180),#6640,.T.);
#6984=ADVANCED_FACE('',(#1181),#6641,.T.);
#6985=ADVANCED_FACE('',(#1182,#801),#6642,.T.);
#6986=ADVANCED_FACE('',(#1183),#6643,.F.);
#6987=ADVANCED_FACE('',(#1184),#6644,.T.);
#6988=ADVANCED_FACE('',(#1185),#6645,.T.);
#6989=ADVANCED_FACE('',(#1186),#6646,.T.);
#6990=ADVANCED_FACE('',(#1187),#6647,.T.);
#6991=ADVANCED_FACE('',(#1188),#199,.T.);
#6992=ADVANCED_FACE('',(#1189),#200,.T.);
#6993=ADVANCED_FACE('',(#1190),#201,.T.);
#6994=ADVANCED_FACE('',(#1191),#6648,.T.);
#6995=ADVANCED_FACE('',(#1192),#202,.T.);
#6996=ADVANCED_FACE('',(#1193),#203,.T.);
#6997=ADVANCED_FACE('',(#1194),#204,.T.);
#6998=ADVANCED_FACE('',(#1195),#205,.T.);
#6999=ADVANCED_FACE('',(#1196),#6649,.T.);
#7000=ADVANCED_FACE('',(#1197),#6650,.T.);
#7001=ADVANCED_FACE('',(#1198,#802),#6651,.F.);
#7002=ADVANCED_FACE('',(#1199),#206,.T.);
#7003=ADVANCED_FACE('',(#1200),#207,.T.);
#7004=ADVANCED_FACE('',(#1201),#208,.T.);
#7005=ADVANCED_FACE('',(#1202),#209,.T.);
#7006=ADVANCED_FACE('',(#1203),#210,.T.);
#7007=ADVANCED_FACE('',(#1204),#211,.T.);
#7008=ADVANCED_FACE('',(#1205),#212,.T.);
#7009=ADVANCED_FACE('',(#1206),#213,.T.);
#7010=ADVANCED_FACE('',(#1207),#214,.T.);
#7011=ADVANCED_FACE('',(#1208),#215,.T.);
#7012=ADVANCED_FACE('',(#1209),#216,.T.);
#7013=ADVANCED_FACE('',(#1210),#217,.T.);
#7014=ADVANCED_FACE('',(#1211),#218,.T.);
#7015=ADVANCED_FACE('',(#1212),#219,.T.);
#7016=ADVANCED_FACE('',(#1213),#220,.T.);
#7017=ADVANCED_FACE('',(#1214),#221,.T.);
#7018=ADVANCED_FACE('',(#1215),#222,.T.);
#7019=ADVANCED_FACE('',(#1216),#223,.T.);
#7020=ADVANCED_FACE('',(#1217,#803),#6652,.T.);
#7021=ADVANCED_FACE('',(#1218),#6653,.T.);
#7022=ADVANCED_FACE('',(#1219),#6654,.T.);
#7023=ADVANCED_FACE('',(#1220),#6655,.T.);
#7024=ADVANCED_FACE('',(#1221),#6656,.T.);
#7025=ADVANCED_FACE('',(#1222),#6657,.T.);
#7026=ADVANCED_FACE('',(#1223),#6658,.T.);
#7027=ADVANCED_FACE('',(#1224,#804),#6659,.F.);
#7028=ADVANCED_FACE('',(#1225),#224,.T.);
#7029=ADVANCED_FACE('',(#1226),#225,.T.);
#7030=ADVANCED_FACE('',(#1227),#226,.T.);
#7031=ADVANCED_FACE('',(#1228),#227,.T.);
#7032=ADVANCED_FACE('',(#1229),#228,.T.);
#7033=ADVANCED_FACE('',(#1230),#229,.T.);
#7034=ADVANCED_FACE('',(#1231),#230,.T.);
#7035=ADVANCED_FACE('',(#1232),#231,.T.);
#7036=ADVANCED_FACE('',(#1233),#6660,.T.);
#7037=ADVANCED_FACE('',(#1234),#6661,.T.);
#7038=ADVANCED_FACE('',(#1235),#232,.T.);
#7039=ADVANCED_FACE('',(#1236),#233,.T.);
#7040=ADVANCED_FACE('',(#1237),#234,.T.);
#7041=ADVANCED_FACE('',(#1238),#235,.T.);
#7042=ADVANCED_FACE('',(#1239),#236,.T.);
#7043=ADVANCED_FACE('',(#1240),#237,.T.);
#7044=ADVANCED_FACE('',(#1241),#238,.T.);
#7045=ADVANCED_FACE('',(#1242),#239,.T.);
#7046=ADVANCED_FACE('',(#1243),#6662,.T.);
#7047=ADVANCED_FACE('',(#1244),#6663,.T.);
#7048=ADVANCED_FACE('',(#1245),#6664,.T.);
#7049=ADVANCED_FACE('',(#1246,#805),#6665,.T.);
#7050=ADVANCED_FACE('',(#1247,#806),#6666,.F.);
#7051=ADVANCED_FACE('',(#1248),#240,.T.);
#7052=ADVANCED_FACE('',(#1249),#241,.T.);
#7053=ADVANCED_FACE('',(#1250),#242,.T.);
#7054=ADVANCED_FACE('',(#1251),#243,.T.);
#7055=ADVANCED_FACE('',(#1252),#6667,.T.);
#7056=ADVANCED_FACE('',(#1253),#6668,.T.);
#7057=ADVANCED_FACE('',(#1254),#244,.T.);
#7058=ADVANCED_FACE('',(#1255),#245,.T.);
#7059=ADVANCED_FACE('',(#1256),#246,.T.);
#7060=ADVANCED_FACE('',(#1257),#247,.T.);
#7061=ADVANCED_FACE('',(#1258),#248,.T.);
#7062=ADVANCED_FACE('',(#1259),#249,.T.);
#7063=ADVANCED_FACE('',(#1260),#250,.T.);
#7064=ADVANCED_FACE('',(#1261),#251,.T.);
#7065=ADVANCED_FACE('',(#1262),#6669,.T.);
#7066=ADVANCED_FACE('',(#1263),#252,.T.);
#7067=ADVANCED_FACE('',(#1264),#253,.T.);
#7068=ADVANCED_FACE('',(#1265),#254,.T.);
#7069=ADVANCED_FACE('',(#1266),#255,.T.);
#7070=ADVANCED_FACE('',(#1267,#807),#6670,.T.);
#7071=CLOSED_SHELL('',(#6671,#6672,#6673,#6674,#6675,#6676,#6677,#6678,
#6679,#6680,#6681,#6682,#6683,#6684,#6685,#6686,#6687,#6688,#6689,#6690,
#6691,#6692,#6693,#6694,#6695,#6696,#6697,#6698,#6699,#6700,#6701,#6702,
#6703,#6704,#6705,#6706,#6707,#6708,#6709,#6710,#6711,#6712));
#7072=CLOSED_SHELL('',(#6713,#6714,#6715,#6716,#6717,#6718,#6719,#6720,
#6721,#6722,#6723,#6724,#6725,#6726,#6727,#6728,#6729,#6730,#6731,#6732,
#6733,#6734,#6735,#6736,#6737,#6738,#6739,#6740));
#7073=CLOSED_SHELL('',(#6741,#6742,#6743,#6744,#6745,#6746));
#7074=CLOSED_SHELL('',(#6747,#6748,#6749,#6750,#6751,#6752));
#7075=CLOSED_SHELL('',(#6753,#6754,#6755,#6756,#6757,#6758));
#7076=CLOSED_SHELL('',(#6759,#6760,#6761,#6762,#6763,#6764));
#7077=CLOSED_SHELL('',(#6765,#6766,#6767,#6768,#6769,#6770,#6771,#6772,
#6773,#6774,#6775,#6776,#6777,#6778,#6779,#6780,#6781,#6782,#6783,#6784,
#6785,#6786,#6787));
#7078=CLOSED_SHELL('',(#6788,#6789,#6790,#6791,#6792,#6793,#6794,#6795,
#6796,#6797,#6798,#6799,#6800,#6801,#6802,#6803,#6804,#6805,#6806,#6807,
#6808,#6809,#6810));
#7079=CLOSED_SHELL('',(#6811,#6812,#6813,#6814,#6815,#6816,#6817,#6818,
#6819,#6820,#6821,#6822,#6823,#6824,#6825,#6826,#6827,#6828,#6829,#6830,
#6831,#6832,#6833,#6834,#6835,#6836,#6837,#6838,#6839,#6840,#6841,#6842,
#6843,#6844,#6845,#6846));
#7080=CLOSED_SHELL('',(#6847,#6848,#6849,#6850,#6851,#6852,#6853,#6854,
#6855,#6856,#6857,#6858,#6859,#6860,#6861,#6862,#6863,#6864,#6865,#6866,
#6867,#6868));
#7081=CLOSED_SHELL('',(#6869,#6870,#6871,#6872,#6873,#6874,#6875,#6876,
#6877,#6878,#6879,#6880,#6881,#6882,#6883,#6884,#6885,#6886,#6887,#6888,
#6889,#6890,#6891));
#7082=CLOSED_SHELL('',(#6892,#6893,#6894,#6895,#6896,#6897));
#7083=CLOSED_SHELL('',(#6898,#6899,#6900,#6901,#6902,#6903,#6904,#6905,
#6906,#6907,#6908,#6909,#6910,#6911,#6912,#6913,#6914,#6915,#6916,#6917,
#6918,#6919,#6920,#6921,#6922,#6923,#6924,#6925,#6926,#6927,#6928,#6929,
#6930,#6931,#6932,#6933));
#7084=CLOSED_SHELL('',(#6934,#6935,#6936,#6937,#6938,#6939,#6940,#6941,
#6942,#6943,#6944,#6945,#6946,#6947,#6948,#6949,#6950,#6951,#6952,#6953,
#6954,#6955,#6956,#6957,#6958,#6959,#6960,#6961,#6962,#6963));
#7085=CLOSED_SHELL('',(#6964,#6965,#6966,#6967,#6968,#6969,#6970,#6971,
#6972,#6973,#6974,#6975,#6976,#6977,#6978,#6979,#6980,#6981,#6982,#6983,
#6984,#6985));
#7086=CLOSED_SHELL('',(#6986,#6987,#6988,#6989,#6990,#6991,#6992,#6993,
#6994,#6995,#6996,#6997,#6998,#6999,#7000));
#7087=CLOSED_SHELL('',(#7001,#7002,#7003,#7004,#7005,#7006,#7007,#7008,
#7009,#7010,#7011,#7012,#7013,#7014,#7015,#7016,#7017,#7018,#7019,#7020));
#7088=CLOSED_SHELL('',(#7021,#7022,#7023,#7024,#7025,#7026));
#7089=CLOSED_SHELL('',(#7027,#7028,#7029,#7030,#7031,#7032,#7033,#7034,
#7035,#7036,#7037,#7038,#7039,#7040,#7041,#7042,#7043,#7044,#7045,#7046,
#7047,#7048,#7049));
#7090=CLOSED_SHELL('',(#7050,#7051,#7052,#7053,#7054,#7055,#7056,#7057,
#7058,#7059,#7060,#7061,#7062,#7063,#7064,#7065,#7066,#7067,#7068,#7069,
#7070));
#7091=DERIVED_UNIT_ELEMENT(#7093,1.);
#7092=DERIVED_UNIT_ELEMENT(#14468,-3.);
#7093=(
MASS_UNIT()
NAMED_UNIT(*)
SI_UNIT(.KILO.,.GRAM.)
);
#7094=DERIVED_UNIT((#7091,#7092));
#7095=MEASURE_REPRESENTATION_ITEM('density measure',
POSITIVE_RATIO_MEASURE(7850.),#7094);
#7096=PROPERTY_DEFINITION_REPRESENTATION(#7101,#7098);
#7097=PROPERTY_DEFINITION_REPRESENTATION(#7102,#7099);
#7098=REPRESENTATION('material name',(#7100),#14465);
#7099=REPRESENTATION('density',(#7095),#14465);
#7100=DESCRIPTIVE_REPRESENTATION_ITEM('Steel','Steel');
#7101=PROPERTY_DEFINITION('material property','material name',#14475);
#7102=PROPERTY_DEFINITION('material property','density of part',#14475);
#7103=AXIS2_PLACEMENT_3D('',#8203,#7297,#7298);
#7104=AXIS2_PLACEMENT_3D('',#8204,#7299,#7300);
#7105=AXIS2_PLACEMENT_3D('',#8213,#7305,#7306);
#7106=AXIS2_PLACEMENT_3D('',#8217,#7308,#7309);
#7107=AXIS2_PLACEMENT_3D('',#8218,#7310,#7311);
#7108=AXIS2_PLACEMENT_3D('',#8219,#7312,#7313);
#7109=AXIS2_PLACEMENT_3D('',#8225,#7317,#7318);
#7110=AXIS2_PLACEMENT_3D('',#8229,#7320,#7321);
#7111=AXIS2_PLACEMENT_3D('',#8230,#7322,#7323);
#7112=AXIS2_PLACEMENT_3D('',#8231,#7324,#7325);
#7113=AXIS2_PLACEMENT_3D('',#8237,#7329,#7330);
#7114=AXIS2_PLACEMENT_3D('',#8241,#7332,#7333);
#7115=AXIS2_PLACEMENT_3D('',#8242,#7334,#7335);
#7116=AXIS2_PLACEMENT_3D('',#8243,#7336,#7337);
#7117=AXIS2_PLACEMENT_3D('',#8249,#7341,#7342);
#7118=AXIS2_PLACEMENT_3D('',#8250,#7343,#7344);
#7119=AXIS2_PLACEMENT_3D('',#8251,#7345,#7346);
#7120=AXIS2_PLACEMENT_3D('',#8252,#7347,#7348);
#7121=AXIS2_PLACEMENT_3D('',#8256,#7350,#7351);
#7122=AXIS2_PLACEMENT_3D('',#8258,#7353,#7354);
#7123=AXIS2_PLACEMENT_3D('',#8262,#7357,#7358);
#7124=AXIS2_PLACEMENT_3D('',#8265,#7360,#7361);
#7125=AXIS2_PLACEMENT_3D('',#8266,#7362,#7363);
#7126=AXIS2_PLACEMENT_3D('',#8270,#7366,#7367);
#7127=AXIS2_PLACEMENT_3D('',#8272,#7368,#7369);
#7128=AXIS2_PLACEMENT_3D('',#8274,#7370,#7371);
#7129=AXIS2_PLACEMENT_3D('',#8276,#7372,#7373);
#7130=AXIS2_PLACEMENT_3D('',#8278,#7374,#7375);
#7131=AXIS2_PLACEMENT_3D('',#8279,#7376,#7377);
#7132=AXIS2_PLACEMENT_3D('',#8281,#7378,#7379);
#7133=AXIS2_PLACEMENT_3D('',#8284,#7381,#7382);
#7134=AXIS2_PLACEMENT_3D('',#8285,#7383,#7384);
#7135=AXIS2_PLACEMENT_3D('',#8288,#7386,#7387);
#7136=AXIS2_PLACEMENT_3D('',#8289,#7388,#7389);
#7137=AXIS2_PLACEMENT_3D('',#8291,#7390,#7391);
#7138=AXIS2_PLACEMENT_3D('',#8292,#7392,#7393);
#7139=AXIS2_PLACEMENT_3D('',#8294,#7394,#7395);
#7140=AXIS2_PLACEMENT_3D('',#8297,#7397,#7398);
#7141=AXIS2_PLACEMENT_3D('',#8298,#7399,#7400);
#7142=AXIS2_PLACEMENT_3D('',#8301,#7402,#7403);
#7143=AXIS2_PLACEMENT_3D('',#8302,#7404,#7405);
#7144=AXIS2_PLACEMENT_3D('',#8304,#7406,#7407);
#7145=AXIS2_PLACEMENT_3D('',#8305,#7408,#7409);
#7146=AXIS2_PLACEMENT_3D('',#8307,#7410,#7411);
#7147=AXIS2_PLACEMENT_3D('',#8310,#7413,#7414);
#7148=AXIS2_PLACEMENT_3D('',#8311,#7415,#7416);
#7149=AXIS2_PLACEMENT_3D('',#8314,#7418,#7419);
#7150=AXIS2_PLACEMENT_3D('',#8315,#7420,#7421);
#7151=AXIS2_PLACEMENT_3D('',#8317,#7422,#7423);
#7152=AXIS2_PLACEMENT_3D('',#8318,#7424,#7425);
#7153=AXIS2_PLACEMENT_3D('',#8320,#7426,#7427);
#7154=AXIS2_PLACEMENT_3D('',#8323,#7429,#7430);
#7155=AXIS2_PLACEMENT_3D('',#8324,#7431,#7432);
#7156=AXIS2_PLACEMENT_3D('',#8327,#7434,#7435);
#7157=AXIS2_PLACEMENT_3D('',#8328,#7436,#7437);
#7158=AXIS2_PLACEMENT_3D('',#8330,#7438,#7439);
#7159=AXIS2_PLACEMENT_3D('',#8331,#7440,#7441);
#7160=AXIS2_PLACEMENT_3D('',#8334,#7443,#7444);
#7161=AXIS2_PLACEMENT_3D('',#8335,#7445,#7446);
#7162=AXIS2_PLACEMENT_3D('',#8337,#7448,#7449);
#7163=AXIS2_PLACEMENT_3D('',#8340,#7451,#7452);
#7164=AXIS2_PLACEMENT_3D('',#8341,#7453,#7454);
#7165=AXIS2_PLACEMENT_3D('',#8343,#7456,#7457);
#7166=AXIS2_PLACEMENT_3D('',#8346,#7459,#7460);
#7167=AXIS2_PLACEMENT_3D('',#8347,#7461,#7462);
#7168=AXIS2_PLACEMENT_3D('',#8349,#7464,#7465);
#7169=AXIS2_PLACEMENT_3D('',#8352,#7467,#7468);
#7170=AXIS2_PLACEMENT_3D('',#8353,#7469,#7470);
#7171=AXIS2_PLACEMENT_3D('',#8355,#7472,#7473);
#7172=AXIS2_PLACEMENT_3D('',#8359,#7475,#7476);
#7173=AXIS2_PLACEMENT_3D('',#8361,#7478,#7479);
#7174=AXIS2_PLACEMENT_3D('',#8363,#7481,#7482);
#7175=AXIS2_PLACEMENT_3D('',#8366,#7484,#7485);
#7176=AXIS2_PLACEMENT_3D('',#8367,#7486,#7487);
#7177=AXIS2_PLACEMENT_3D('',#8369,#7489,#7490);
#7178=AXIS2_PLACEMENT_3D('',#8370,#7491,#7492);
#7179=AXIS2_PLACEMENT_3D('',#8371,#7493,#7494);
#7180=AXIS2_PLACEMENT_3D('',#8372,#7495,#7496);
#7181=AXIS2_PLACEMENT_3D('',#8373,#7497,#7498);
#7182=AXIS2_PLACEMENT_3D('',#8374,#7499,#7500);
#7183=AXIS2_PLACEMENT_3D('',#8523,#7503,#7504);
#7184=AXIS2_PLACEMENT_3D('',#8733,#7520,#7521);
#7185=AXIS2_PLACEMENT_3D('',#8939,#7535,#7536);
#7186=AXIS2_PLACEMENT_3D('',#8940,#7537,#7538);
#7187=AXIS2_PLACEMENT_3D('',#8949,#7543,#7544);
#7188=AXIS2_PLACEMENT_3D('',#8955,#7548,#7549);
#7189=AXIS2_PLACEMENT_3D('',#8961,#7553,#7554);
#7190=AXIS2_PLACEMENT_3D('',#8963,#7556,#7557);
#7191=AXIS2_PLACEMENT_3D('',#8965,#7559,#7560);
#7192=AXIS2_PLACEMENT_3D('',#8966,#7561,#7562);
#7193=AXIS2_PLACEMENT_3D('',#8975,#7567,#7568);
#7194=AXIS2_PLACEMENT_3D('',#8981,#7572,#7573);
#7195=AXIS2_PLACEMENT_3D('',#8987,#7577,#7578);
#7196=AXIS2_PLACEMENT_3D('',#8989,#7580,#7581);
#7197=AXIS2_PLACEMENT_3D('',#8991,#7583,#7584);
#7198=AXIS2_PLACEMENT_3D('',#8992,#7585,#7586);
#7199=AXIS2_PLACEMENT_3D('',#9001,#7591,#7592);
#7200=AXIS2_PLACEMENT_3D('',#9007,#7596,#7597);
#7201=AXIS2_PLACEMENT_3D('',#9013,#7601,#7602);
#7202=AXIS2_PLACEMENT_3D('',#9015,#7604,#7605);
#7203=AXIS2_PLACEMENT_3D('',#9017,#7607,#7608);
#7204=AXIS2_PLACEMENT_3D('',#9018,#7609,#7610);
#7205=AXIS2_PLACEMENT_3D('',#9027,#7615,#7616);
#7206=AXIS2_PLACEMENT_3D('',#9033,#7620,#7621);
#7207=AXIS2_PLACEMENT_3D('',#9039,#7625,#7626);
#7208=AXIS2_PLACEMENT_3D('',#9041,#7628,#7629);
#7209=AXIS2_PLACEMENT_3D('',#9043,#7631,#7632);
#7210=AXIS2_PLACEMENT_3D('',#9044,#7633,#7634);
#7211=AXIS2_PLACEMENT_3D('',#9155,#7639,#7640);
#7212=AXIS2_PLACEMENT_3D('',#9161,#7644,#7645);
#7213=AXIS2_PLACEMENT_3D('',#9301,#7656,#7657);
#7214=AXIS2_PLACEMENT_3D('',#9458,#7669,#7670);
#7215=AXIS2_PLACEMENT_3D('',#9460,#7672,#7673);
#7216=AXIS2_PLACEMENT_3D('',#9461,#7674,#7675);
#7217=AXIS2_PLACEMENT_3D('',#9704,#7689,#7690);
#7218=AXIS2_PLACEMENT_3D('',#9710,#7694,#7695);
#7219=AXIS2_PLACEMENT_3D('',#9850,#7706,#7707);
#7220=AXIS2_PLACEMENT_3D('',#9854,#7710,#7711);
#7221=AXIS2_PLACEMENT_3D('',#9858,#7714,#7715);
#7222=AXIS2_PLACEMENT_3D('',#9860,#7717,#7718);
#7223=AXIS2_PLACEMENT_3D('',#9861,#7719,#7720);
#7224=AXIS2_PLACEMENT_3D('',#10184,#7735,#7736);
#7225=AXIS2_PLACEMENT_3D('',#10186,#7738,#7739);
#7226=AXIS2_PLACEMENT_3D('',#10277,#7748,#7749);
#7227=AXIS2_PLACEMENT_3D('',#10315,#7754,#7755);
#7228=AXIS2_PLACEMENT_3D('',#10489,#7768,#7769);
#7229=AXIS2_PLACEMENT_3D('',#10559,#7775,#7776);
#7230=AXIS2_PLACEMENT_3D('',#10560,#7777,#7778);
#7231=AXIS2_PLACEMENT_3D('',#10797,#7792,#7793);
#7232=AXIS2_PLACEMENT_3D('',#10803,#7797,#7798);
#7233=AXIS2_PLACEMENT_3D('',#10926,#7808,#7809);
#7234=AXIS2_PLACEMENT_3D('',#10930,#7812,#7813);
#7235=AXIS2_PLACEMENT_3D('',#10934,#7816,#7817);
#7236=AXIS2_PLACEMENT_3D('',#10936,#7819,#7820);
#7237=AXIS2_PLACEMENT_3D('',#10937,#7821,#7822);
#7238=AXIS2_PLACEMENT_3D('',#11180,#7836,#7837);
#7239=AXIS2_PLACEMENT_3D('',#11186,#7841,#7842);
#7240=AXIS2_PLACEMENT_3D('',#11326,#7853,#7854);
#7241=AXIS2_PLACEMENT_3D('',#11330,#7857,#7858);
#7242=AXIS2_PLACEMENT_3D('',#11334,#7861,#7862);
#7243=AXIS2_PLACEMENT_3D('',#11336,#7864,#7865);
#7244=AXIS2_PLACEMENT_3D('',#11337,#7866,#7867);
#7245=AXIS2_PLACEMENT_3D('',#11346,#7872,#7873);
#7246=AXIS2_PLACEMENT_3D('',#11352,#7877,#7878);
#7247=AXIS2_PLACEMENT_3D('',#11356,#7881,#7882);
#7248=AXIS2_PLACEMENT_3D('',#11360,#7885,#7886);
#7249=AXIS2_PLACEMENT_3D('',#11362,#7888,#7889);
#7250=AXIS2_PLACEMENT_3D('',#11363,#7890,#7891);
#7251=AXIS2_PLACEMENT_3D('',#11686,#7906,#7907);
#7252=AXIS2_PLACEMENT_3D('',#11688,#7909,#7910);
#7253=AXIS2_PLACEMENT_3D('',#11779,#7919,#7920);
#7254=AXIS2_PLACEMENT_3D('',#11817,#7925,#7926);
#7255=AXIS2_PLACEMENT_3D('',#11991,#7939,#7940);
#7256=AXIS2_PLACEMENT_3D('',#12061,#7946,#7947);
#7257=AXIS2_PLACEMENT_3D('',#12062,#7948,#7949);
#7258=AXIS2_PLACEMENT_3D('',#12219,#7953,#7954);
#7259=AXIS2_PLACEMENT_3D('',#12344,#7965,#7966);
#7260=AXIS2_PLACEMENT_3D('',#12450,#7975,#7976);
#7261=AXIS2_PLACEMENT_3D('',#12656,#7990,#7991);
#7262=AXIS2_PLACEMENT_3D('',#12657,#7992,#7993);
#7263=AXIS2_PLACEMENT_3D('',#12894,#8007,#8008);
#7264=AXIS2_PLACEMENT_3D('',#12900,#8012,#8013);
#7265=AXIS2_PLACEMENT_3D('',#12904,#8016,#8017);
#7266=AXIS2_PLACEMENT_3D('',#13027,#8027,#8028);
#7267=AXIS2_PLACEMENT_3D('',#13031,#8031,#8032);
#7268=AXIS2_PLACEMENT_3D('',#13033,#8034,#8035);
#7269=AXIS2_PLACEMENT_3D('',#13034,#8036,#8037);
#7270=AXIS2_PLACEMENT_3D('',#13089,#8044,#8045);
#7271=AXIS2_PLACEMENT_3D('',#13095,#8049,#8050);
#7272=AXIS2_PLACEMENT_3D('',#13099,#8053,#8054);
#7273=AXIS2_PLACEMENT_3D('',#13103,#8057,#8058);
#7274=AXIS2_PLACEMENT_3D('',#13158,#8064,#8065);
#7275=AXIS2_PLACEMENT_3D('',#13230,#8072,#8073);
#7276=AXIS2_PLACEMENT_3D('',#13232,#8075,#8076);
#7277=AXIS2_PLACEMENT_3D('',#13233,#8077,#8078);
#7278=AXIS2_PLACEMENT_3D('',#13648,#8097,#8098);
#7279=AXIS2_PLACEMENT_3D('',#13649,#8099,#8100);
#7280=AXIS2_PLACEMENT_3D('',#13658,#8105,#8106);
#7281=AXIS2_PLACEMENT_3D('',#13664,#8110,#8111);
#7282=AXIS2_PLACEMENT_3D('',#13668,#8114,#8115);
#7283=AXIS2_PLACEMENT_3D('',#13672,#8118,#8119);
#7284=AXIS2_PLACEMENT_3D('',#13674,#8121,#8122);
#7285=AXIS2_PLACEMENT_3D('',#13675,#8123,#8124);
#7286=AXIS2_PLACEMENT_3D('',#13918,#8138,#8139);
#7287=AXIS2_PLACEMENT_3D('',#13924,#8143,#8144);
#7288=AXIS2_PLACEMENT_3D('',#14064,#8155,#8156);
#7289=AXIS2_PLACEMENT_3D('',#14068,#8159,#8160);
#7290=AXIS2_PLACEMENT_3D('',#14072,#8163,#8164);
#7291=AXIS2_PLACEMENT_3D('',#14074,#8166,#8167);
#7292=AXIS2_PLACEMENT_3D('',#14075,#8168,#8169);
#7293=AXIS2_PLACEMENT_3D('',#14248,#8178,#8179);
#7294=AXIS2_PLACEMENT_3D('',#14250,#8181,#8182);
#7295=AXIS2_PLACEMENT_3D('',#14392,#8194,#8195);
#7296=AXIS2_PLACEMENT_3D('',#14462,#8201,#8202);
#7297=DIRECTION('axis',(0.,0.,1.));
#7298=DIRECTION('refdir',(1.,0.,0.));
#7299=DIRECTION('center_axis',(-1.4572315706078E-16,-0.707106781186549,
0.707106781186546));
#7300=DIRECTION('ref_axis',(1.,0.,2.06083665067181E-16));
#7301=DIRECTION('',(-8.83177008009633E-16,-0.70710678118654,-0.707106781186555));
#7302=DIRECTION('',(1.,-2.0608366506718E-16,0.));
#7303=DIRECTION('',(0.,0.707106781186546,0.707106781186549));
#7304=DIRECTION('',(-1.,2.0608366506718E-16,0.));
#7305=DIRECTION('center_axis',(0.,0.,-1.));
#7306=DIRECTION('ref_axis',(-0.707106781186549,-0.707106781186546,0.));
#7307=DIRECTION('',(-0.707106781186547,0.,-0.707106781186548));
#7308=DIRECTION('center_axis',(0.,0.,1.));
#7309=DIRECTION('ref_axis',(-0.707106781186549,-0.707106781186546,0.));
#7310=DIRECTION('center_axis',(0.,0.,-1.));
#7311=DIRECTION('ref_axis',(-0.707106781186549,-0.707106781186546,0.));
#7312=DIRECTION('center_axis',(-0.707106781186548,0.,0.707106781186547));
#7313=DIRECTION('ref_axis',(0.707106781186547,0.,0.707106781186548));
#7314=DIRECTION('',(-0.707106781186547,0.,-0.707106781186548));
#7315=DIRECTION('',(0.,-1.,0.));
#7316=DIRECTION('',(0.,1.,0.));
#7317=DIRECTION('center_axis',(0.,0.,-1.));
#7318=DIRECTION('ref_axis',(-0.707106781186548,0.707106781186547,0.));
#7319=DIRECTION('',(3.92523114670944E-16,0.707106781186546,-0.707106781186549));
#7320=DIRECTION('center_axis',(0.,0.,1.));
#7321=DIRECTION('ref_axis',(-0.707106781186548,0.707106781186547,0.));
#7322=DIRECTION('center_axis',(0.,0.,-1.));
#7323=DIRECTION('ref_axis',(-0.707106781186548,0.707106781186547,0.));
#7324=DIRECTION('center_axis',(0.,0.707106781186549,0.707106781186546));
#7325=DIRECTION('ref_axis',(1.,0.,0.));
#7326=DIRECTION('',(0.,0.707106781186546,-0.707106781186549));
#7327=DIRECTION('',(-1.,0.,0.));
#7328=DIRECTION('',(1.,0.,0.));
#7329=DIRECTION('center_axis',(0.,0.,-1.));
#7330=DIRECTION('ref_axis',(0.707106781186548,0.707106781186547,0.));
#7331=DIRECTION('',(0.707106781186552,0.,-0.707106781186542));
#7332=DIRECTION('center_axis',(0.,0.,1.));
#7333=DIRECTION('ref_axis',(0.707106781186548,0.707106781186547,0.));
#7334=DIRECTION('center_axis',(0.,0.,-1.));
#7335=DIRECTION('ref_axis',(0.707106781186548,0.707106781186547,0.));
#7336=DIRECTION('center_axis',(0.707106781186543,0.,0.707106781186553));
#7337=DIRECTION('ref_axis',(0.707106781186553,0.,-0.707106781186543));
#7338=DIRECTION('',(0.707106781186552,0.,-0.707106781186542));
#7339=DIRECTION('',(0.,1.,0.));
#7340=DIRECTION('',(0.,-1.,0.));
#7341=DIRECTION('center_axis',(0.,0.,-1.));
#7342=DIRECTION('ref_axis',(0.70710678118655,-0.707106781186545,0.));
#7343=DIRECTION('center_axis',(0.,0.,1.));
#7344=DIRECTION('ref_axis',(0.70710678118655,-0.707106781186545,0.));
#7345=DIRECTION('center_axis',(0.,0.,-1.));
#7346=DIRECTION('ref_axis',(0.70710678118655,-0.707106781186545,0.));
#7347=DIRECTION('center_axis',(0.,0.,-1.));
#7348=DIRECTION('ref_axis',(0.707106781186548,0.707106781186547,0.));
#7349=DIRECTION('',(0.,0.,-1.));
#7350=DIRECTION('center_axis',(0.,0.,1.));
#7351=DIRECTION('ref_axis',(0.707106781186548,0.707106781186547,0.));
#7352=DIRECTION('',(0.,0.,1.));
#7353=DIRECTION('center_axis',(1.,0.,0.));
#7354=DIRECTION('ref_axis',(0.,-1.,0.));
#7355=DIRECTION('',(0.,0.,1.));
#7356=DIRECTION('',(0.,-1.,0.));
#7357=DIRECTION('center_axis',(0.,0.,-1.));
#7358=DIRECTION('ref_axis',(0.70710678118655,-0.707106781186545,0.));
#7359=DIRECTION('',(0.,0.,-1.));
#7360=DIRECTION('center_axis',(0.,0.,1.));
#7361=DIRECTION('ref_axis',(0.70710678118655,-0.707106781186545,0.));
#7362=DIRECTION('center_axis',(-2.0608366506718E-16,-1.,0.));
#7363=DIRECTION('ref_axis',(-1.,2.0608366506718E-16,0.));
#7364=DIRECTION('',(0.,0.,1.));
#7365=DIRECTION('',(-1.,2.0608366506718E-16,0.));
#7366=DIRECTION('center_axis',(0.,0.,1.));
#7367=DIRECTION('ref_axis',(1.,0.,0.));
#7368=DIRECTION('center_axis',(0.,0.,1.));
#7369=DIRECTION('ref_axis',(1.,0.,0.));
#7370=DIRECTION('center_axis',(0.,0.,1.));
#7371=DIRECTION('ref_axis',(1.,0.,0.));
#7372=DIRECTION('center_axis',(0.,0.,1.));
#7373=DIRECTION('ref_axis',(1.,0.,0.));
#7374=DIRECTION('center_axis',(0.,0.,1.));
#7375=DIRECTION('ref_axis',(1.,0.,0.));
#7376=DIRECTION('center_axis',(0.,0.,1.));
#7377=DIRECTION('ref_axis',(1.,0.,0.));
#7378=DIRECTION('center_axis',(0.,0.,1.));
#7379=DIRECTION('ref_axis',(1.,0.,0.));
#7380=DIRECTION('',(0.707106781186546,8.65956056235492E-17,-0.707106781186549));
#7381=DIRECTION('center_axis',(0.,0.,-1.));
#7382=DIRECTION('ref_axis',(1.,0.,0.));
#7383=DIRECTION('center_axis',(0.,0.,1.));
#7384=DIRECTION('ref_axis',(1.,0.,0.));
#7385=DIRECTION('',(0.,0.,-1.));
#7386=DIRECTION('center_axis',(0.,0.,1.));
#7387=DIRECTION('ref_axis',(1.,0.,0.));
#7388=DIRECTION('center_axis',(0.,0.,1.));
#7389=DIRECTION('ref_axis',(1.,0.,0.));
#7390=DIRECTION('center_axis',(0.,0.,1.));
#7391=DIRECTION('ref_axis',(1.,0.,0.));
#7392=DIRECTION('center_axis',(0.,0.,1.));
#7393=DIRECTION('ref_axis',(1.,0.,0.));
#7394=DIRECTION('center_axis',(0.,0.,1.));
#7395=DIRECTION('ref_axis',(1.,0.,0.));
#7396=DIRECTION('',(0.707106781186546,8.65956056235492E-17,-0.707106781186549));
#7397=DIRECTION('center_axis',(0.,0.,-1.));
#7398=DIRECTION('ref_axis',(1.,0.,0.));
#7399=DIRECTION('center_axis',(0.,0.,1.));
#7400=DIRECTION('ref_axis',(1.,0.,0.));
#7401=DIRECTION('',(0.,0.,-1.));
#7402=DIRECTION('center_axis',(0.,0.,1.));
#7403=DIRECTION('ref_axis',(1.,0.,0.));
#7404=DIRECTION('center_axis',(0.,0.,1.));
#7405=DIRECTION('ref_axis',(1.,0.,0.));
#7406=DIRECTION('center_axis',(0.,0.,1.));
#7407=DIRECTION('ref_axis',(1.,0.,0.));
#7408=DIRECTION('center_axis',(0.,0.,1.));
#7409=DIRECTION('ref_axis',(1.,0.,0.));
#7410=DIRECTION('center_axis',(0.,0.,1.));
#7411=DIRECTION('ref_axis',(1.,0.,0.));
#7412=DIRECTION('',(0.707106781186548,8.65956056235493E-17,-0.707106781186548));
#7413=DIRECTION('center_axis',(0.,0.,-1.));
#7414=DIRECTION('ref_axis',(1.,0.,0.));
#7415=DIRECTION('center_axis',(0.,0.,1.));
#7416=DIRECTION('ref_axis',(1.,0.,0.));
#7417=DIRECTION('',(0.,0.,-1.));
#7418=DIRECTION('center_axis',(0.,0.,1.));
#7419=DIRECTION('ref_axis',(1.,0.,0.));
#7420=DIRECTION('center_axis',(0.,0.,1.));
#7421=DIRECTION('ref_axis',(1.,0.,0.));
#7422=DIRECTION('center_axis',(0.,0.,1.));
#7423=DIRECTION('ref_axis',(1.,0.,0.));
#7424=DIRECTION('center_axis',(0.,0.,1.));
#7425=DIRECTION('ref_axis',(1.,0.,0.));
#7426=DIRECTION('center_axis',(0.,0.,1.));
#7427=DIRECTION('ref_axis',(1.,0.,0.));
#7428=DIRECTION('',(0.707106781186548,8.65956056235493E-17,-0.707106781186548));
#7429=DIRECTION('center_axis',(0.,0.,-1.));
#7430=DIRECTION('ref_axis',(1.,0.,0.));
#7431=DIRECTION('center_axis',(0.,0.,1.));
#7432=DIRECTION('ref_axis',(1.,0.,0.));
#7433=DIRECTION('',(0.,0.,-1.));
#7434=DIRECTION('center_axis',(0.,0.,1.));
#7435=DIRECTION('ref_axis',(1.,0.,0.));
#7436=DIRECTION('center_axis',(0.,0.,1.));
#7437=DIRECTION('ref_axis',(1.,0.,0.));
#7438=DIRECTION('center_axis',(0.,0.,1.));
#7439=DIRECTION('ref_axis',(1.,0.,0.));
#7440=DIRECTION('center_axis',(0.,0.,-1.));
#7441=DIRECTION('ref_axis',(1.,0.,0.));
#7442=DIRECTION('',(0.707106781186547,-8.65956056235493E-17,0.707106781186548));
#7443=DIRECTION('center_axis',(0.,0.,-1.));
#7444=DIRECTION('ref_axis',(1.,0.,0.));
#7445=DIRECTION('center_axis',(0.,0.,1.));
#7446=DIRECTION('ref_axis',(1.,0.,0.));
#7447=DIRECTION('',(0.,0.,-1.));
#7448=DIRECTION('center_axis',(0.,0.,-1.));
#7449=DIRECTION('ref_axis',(1.,0.,0.));
#7450=DIRECTION('',(0.707106781186546,-8.65956056235492E-17,0.707106781186549));
#7451=DIRECTION('center_axis',(0.,0.,-1.));
#7452=DIRECTION('ref_axis',(1.,0.,0.));
#7453=DIRECTION('center_axis',(0.,0.,1.));
#7454=DIRECTION('ref_axis',(1.,0.,0.));
#7455=DIRECTION('',(0.,0.,-1.));
#7456=DIRECTION('center_axis',(0.,0.,-1.));
#7457=DIRECTION('ref_axis',(1.,0.,0.));
#7458=DIRECTION('',(0.707106781186546,-8.65956056235492E-17,0.707106781186549));
#7459=DIRECTION('center_axis',(0.,0.,-1.));
#7460=DIRECTION('ref_axis',(1.,0.,0.));
#7461=DIRECTION('center_axis',(0.,0.,1.));
#7462=DIRECTION('ref_axis',(1.,0.,0.));
#7463=DIRECTION('',(0.,0.,-1.));
#7464=DIRECTION('center_axis',(0.,0.,-1.));
#7465=DIRECTION('ref_axis',(1.,0.,0.));
#7466=DIRECTION('',(0.707106781186547,-8.65956056235493E-17,0.707106781186548));
#7467=DIRECTION('center_axis',(0.,0.,-1.));
#7468=DIRECTION('ref_axis',(1.,0.,0.));
#7469=DIRECTION('center_axis',(0.,0.,1.));
#7470=DIRECTION('ref_axis',(1.,0.,0.));
#7471=DIRECTION('',(0.,0.,-1.));
#7472=DIRECTION('center_axis',(0.,0.,-1.));
#7473=DIRECTION('ref_axis',(-0.707106781186548,0.707106781186547,0.));
#7474=DIRECTION('',(0.,0.,-1.));
#7475=DIRECTION('center_axis',(0.,0.,1.));
#7476=DIRECTION('ref_axis',(-0.707106781186548,0.707106781186547,0.));
#7477=DIRECTION('',(0.,0.,1.));
#7478=DIRECTION('center_axis',(0.,1.,0.));
#7479=DIRECTION('ref_axis',(1.,0.,0.));
#7480=DIRECTION('',(1.,0.,0.));
#7481=DIRECTION('center_axis',(0.,0.,-1.));
#7482=DIRECTION('ref_axis',(-0.707106781186549,-0.707106781186546,0.));
#7483=DIRECTION('',(0.,0.,-1.));
#7484=DIRECTION('center_axis',(0.,0.,1.));
#7485=DIRECTION('ref_axis',(-0.707106781186549,-0.707106781186546,0.));
#7486=DIRECTION('center_axis',(-1.,0.,0.));
#7487=DIRECTION('ref_axis',(0.,1.,0.));
#7488=DIRECTION('',(0.,1.,0.));
#7489=DIRECTION('center_axis',(0.,0.,1.));
#7490=DIRECTION('ref_axis',(1.,0.,0.));
#7491=DIRECTION('center_axis',(0.,0.,1.));
#7492=DIRECTION('ref_axis',(1.,0.,0.));
#7493=DIRECTION('center_axis',(0.,0.,1.));
#7494=DIRECTION('ref_axis',(1.,0.,0.));
#7495=DIRECTION('center_axis',(0.,0.,1.));
#7496=DIRECTION('ref_axis',(1.,0.,0.));
#7497=DIRECTION('center_axis',(0.,0.,-1.));
#7498=DIRECTION('ref_axis',(-1.,0.,0.));
#7499=DIRECTION('center_axis',(0.,0.,1.));
#7500=DIRECTION('ref_axis',(-1.,0.,0.));
#7501=DIRECTION('',(0.988573454696036,0.150739923943013,0.));
#7502=DIRECTION('',(-0.983331182383809,-0.181823501648327,0.));
#7503=DIRECTION('center_axis',(-0.150739923943013,0.988573454696036,0.));
#7504=DIRECTION('ref_axis',(-0.988573454696036,-0.150739923943013,0.));
#7505=DIRECTION('',(0.,0.,-1.));
#7506=DIRECTION('',(-0.988573454696036,-0.150739923943013,0.));
#7507=DIRECTION('',(0.,0.,1.));
#7508=DIRECTION('',(0.,0.,1.));
#7509=DIRECTION('',(0.,0.,1.));
#7510=DIRECTION('',(0.,0.,1.));
#7511=DIRECTION('',(0.,0.,1.));
#7512=DIRECTION('',(0.,0.,1.));
#7513=DIRECTION('',(0.,0.,1.));
#7514=DIRECTION('',(0.,0.,1.));
#7515=DIRECTION('',(0.,0.,1.));
#7516=DIRECTION('',(0.,0.,1.));
#7517=DIRECTION('',(0.,0.,1.));
#7518=DIRECTION('',(0.,0.,1.));
#7519=DIRECTION('',(0.,0.,1.));
#7520=DIRECTION('center_axis',(0.181823501648327,-0.98333118238381,0.));
#7521=DIRECTION('ref_axis',(0.983331182383809,0.181823501648327,0.));
#7522=DIRECTION('',(0.983331182383809,0.181823501648327,0.));
#7523=DIRECTION('',(0.,0.,1.));
#7524=DIRECTION('',(0.,0.,1.));
#7525=DIRECTION('',(0.,0.,1.));
#7526=DIRECTION('',(0.,0.,1.));
#7527=DIRECTION('',(0.,0.,1.));
#7528=DIRECTION('',(0.,0.,1.));
#7529=DIRECTION('',(0.,0.,1.));
#7530=DIRECTION('',(0.,0.,1.));
#7531=DIRECTION('',(0.,0.,1.));
#7532=DIRECTION('',(0.,0.,1.));
#7533=DIRECTION('',(0.,0.,1.));
#7534=DIRECTION('',(0.,0.,1.));
#7535=DIRECTION('center_axis',(0.,0.,1.));
#7536=DIRECTION('ref_axis',(-1.,0.,0.));
#7537=DIRECTION('center_axis',(0.,0.,1.));
#7538=DIRECTION('ref_axis',(1.,0.,0.));
#7539=DIRECTION('',(-1.,3.27123478959921E-17,0.));
#7540=DIRECTION('',(3.27123478959921E-17,1.,0.));
#7541=DIRECTION('',(-1.,3.27123478959921E-17,0.));
#7542=DIRECTION('',(3.27123478959921E-17,1.,0.));
#7543=DIRECTION('center_axis',(3.27123478959921E-17,1.,0.));
#7544=DIRECTION('ref_axis',(-1.,3.27123478959921E-17,0.));
#7545=DIRECTION('',(0.,0.,1.));
#7546=DIRECTION('',(-1.,3.27123478959921E-17,0.));
#7547=DIRECTION('',(0.,0.,-1.));
#7548=DIRECTION('center_axis',(3.27123478959921E-17,1.,0.));
#7549=DIRECTION('ref_axis',(-1.,3.27123478959921E-17,0.));
#7550=DIRECTION('',(0.,0.,1.));
#7551=DIRECTION('',(-1.,3.27123478959921E-17,0.));
#7552=DIRECTION('',(0.,0.,-1.));
#7553=DIRECTION('center_axis',(1.,-3.27123478959921E-17,0.));
#7554=DIRECTION('ref_axis',(0.,0.,-1.));
#7555=DIRECTION('',(3.27123478959921E-17,1.,0.));
#7556=DIRECTION('center_axis',(0.,0.,-1.));
#7557=DIRECTION('ref_axis',(-1.,0.,0.));
#7558=DIRECTION('',(3.27123478959921E-17,1.,0.));
#7559=DIRECTION('center_axis',(-1.,3.27123478959921E-17,0.));
#7560=DIRECTION('ref_axis',(0.,0.,1.));
#7561=DIRECTION('center_axis',(0.,0.,1.));
#7562=DIRECTION('ref_axis',(1.,0.,0.));
#7563=DIRECTION('',(1.,1.30274929054182E-16,0.));
#7564=DIRECTION('',(1.30274929054182E-16,-1.,0.));
#7565=DIRECTION('',(1.,1.30274929054182E-16,0.));
#7566=DIRECTION('',(1.30274929054182E-16,-1.,0.));
#7567=DIRECTION('center_axis',(1.30274929054182E-16,-1.,0.));
#7568=DIRECTION('ref_axis',(1.,1.30274929054182E-16,0.));
#7569=DIRECTION('',(0.,0.,1.));
#7570=DIRECTION('',(1.,1.30274929054182E-16,0.));
#7571=DIRECTION('',(0.,0.,-1.));
#7572=DIRECTION('center_axis',(1.30274929054182E-16,-1.,0.));
#7573=DIRECTION('ref_axis',(1.,1.30274929054182E-16,0.));
#7574=DIRECTION('',(0.,0.,1.));
#7575=DIRECTION('',(1.,1.30274929054182E-16,0.));
#7576=DIRECTION('',(0.,0.,-1.));
#7577=DIRECTION('center_axis',(-1.,-1.30274929054182E-16,0.));
#7578=DIRECTION('ref_axis',(0.,0.,1.));
#7579=DIRECTION('',(1.30274929054182E-16,-1.,0.));
#7580=DIRECTION('center_axis',(0.,0.,-1.));
#7581=DIRECTION('ref_axis',(-1.,0.,0.));
#7582=DIRECTION('',(1.30274929054182E-16,-1.,0.));
#7583=DIRECTION('center_axis',(1.,1.30274929054182E-16,0.));
#7584=DIRECTION('ref_axis',(0.,0.,-1.));
#7585=DIRECTION('center_axis',(0.,0.,1.));
#7586=DIRECTION('ref_axis',(1.,0.,0.));
#7587=DIRECTION('',(-4.73038495012099E-17,-1.,0.));
#7588=DIRECTION('',(-1.,4.73038495012099E-17,0.));
#7589=DIRECTION('',(-4.73038495012099E-17,-1.,0.));
#7590=DIRECTION('',(-1.,4.73038495012099E-17,0.));
#7591=DIRECTION('center_axis',(-1.,4.73038495012099E-17,0.));
#7592=DIRECTION('ref_axis',(-4.73038495012099E-17,-1.,0.));
#7593=DIRECTION('',(0.,0.,1.));
#7594=DIRECTION('',(-4.73038495012099E-17,-1.,0.));
#7595=DIRECTION('',(0.,0.,-1.));
#7596=DIRECTION('center_axis',(-1.,4.73038495012099E-17,0.));
#7597=DIRECTION('ref_axis',(-4.73038495012099E-17,-1.,0.));
#7598=DIRECTION('',(0.,0.,1.));
#7599=DIRECTION('',(-4.73038495012099E-17,-1.,0.));
#7600=DIRECTION('',(0.,0.,-1.));
#7601=DIRECTION('center_axis',(4.73038495012099E-17,1.,0.));
#7602=DIRECTION('ref_axis',(0.,0.,1.));
#7603=DIRECTION('',(-1.,4.73038495012099E-17,0.));
#7604=DIRECTION('center_axis',(0.,0.,-1.));
#7605=DIRECTION('ref_axis',(-1.,0.,0.));
#7606=DIRECTION('',(-1.,4.73038495012099E-17,0.));
#7607=DIRECTION('center_axis',(-4.73038495012099E-17,-1.,0.));
#7608=DIRECTION('ref_axis',(0.,0.,-1.));
#7609=DIRECTION('center_axis',(0.,0.,1.));
#7610=DIRECTION('ref_axis',(1.,0.,0.));
#7611=DIRECTION('',(0.,-1.,0.));
#7612=DIRECTION('',(-1.,0.,0.));
#7613=DIRECTION('',(0.,-1.,0.));
#7614=DIRECTION('',(-1.,0.,0.));
#7615=DIRECTION('center_axis',(-1.,0.,0.));
#7616=DIRECTION('ref_axis',(0.,-1.,0.));
#7617=DIRECTION('',(0.,0.,1.));
#7618=DIRECTION('',(0.,-1.,0.));
#7619=DIRECTION('',(0.,0.,-1.));
#7620=DIRECTION('center_axis',(-1.,0.,0.));
#7621=DIRECTION('ref_axis',(0.,-1.,0.));
#7622=DIRECTION('',(0.,0.,1.));
#7623=DIRECTION('',(0.,-1.,0.));
#7624=DIRECTION('',(0.,0.,-1.));
#7625=DIRECTION('center_axis',(0.,1.,0.));
#7626=DIRECTION('ref_axis',(0.,0.,1.));
#7627=DIRECTION('',(-1.,0.,0.));
#7628=DIRECTION('center_axis',(0.,0.,-1.));
#7629=DIRECTION('ref_axis',(-1.,0.,0.));
#7630=DIRECTION('',(-1.,0.,0.));
#7631=DIRECTION('center_axis',(0.,-1.,0.));
#7632=DIRECTION('ref_axis',(0.,0.,-1.));
#7633=DIRECTION('center_axis',(0.,0.,1.));
#7634=DIRECTION('ref_axis',(-1.,0.,0.));
#7635=DIRECTION('',(1.,0.,0.));
#7636=DIRECTION('',(0.,-1.,0.));
#7637=DIRECTION('',(-1.,0.,0.));
#7638=DIRECTION('',(-0.995037190209989,0.0995037190209989,0.));
#7639=DIRECTION('center_axis',(1.,0.,0.));
#7640=DIRECTION('ref_axis',(0.,1.,0.));
#7641=DIRECTION('',(0.,0.,-1.));
#7642=DIRECTION('',(0.,1.,0.));
#7643=DIRECTION('',(0.,0.,1.));
#7644=DIRECTION('center_axis',(0.,-1.,0.));
#7645=DIRECTION('ref_axis',(1.,0.,0.));
#7646=DIRECTION('',(1.,0.,0.));
#7647=DIRECTION('',(0.,0.,1.));
#7648=DIRECTION('',(0.,0.,1.));
#7649=DIRECTION('',(0.,0.,1.));
#7650=DIRECTION('',(0.,0.,1.));
#7651=DIRECTION('',(0.,0.,1.));
#7652=DIRECTION('',(0.,0.,1.));
#7653=DIRECTION('',(0.,0.,1.));
#7654=DIRECTION('',(0.,0.,1.));
#7655=DIRECTION('',(0.,0.,1.));
#7656=DIRECTION('center_axis',(-0.0995037190209989,-0.995037190209989,0.));
#7657=DIRECTION('ref_axis',(0.995037190209989,-0.0995037190209989,0.));
#7658=DIRECTION('',(0.995037190209989,-0.0995037190209989,0.));
#7659=DIRECTION('',(0.,0.,1.));
#7660=DIRECTION('',(0.,0.,1.));
#7661=DIRECTION('',(0.,0.,1.));
#7662=DIRECTION('',(0.,0.,1.));
#7663=DIRECTION('',(0.,0.,1.));
#7664=DIRECTION('',(0.,0.,1.));
#7665=DIRECTION('',(0.,0.,1.));
#7666=DIRECTION('',(0.,0.,1.));
#7667=DIRECTION('',(0.,0.,1.));
#7668=DIRECTION('',(0.,0.,1.));
#7669=DIRECTION('center_axis',(0.,1.,0.));
#7670=DIRECTION('ref_axis',(-1.,0.,0.));
#7671=DIRECTION('',(-1.,0.,0.));
#7672=DIRECTION('center_axis',(0.,0.,1.));
#7673=DIRECTION('ref_axis',(-1.,0.,0.));
#7674=DIRECTION('center_axis',(0.,0.,1.));
#7675=DIRECTION('ref_axis',(-1.,0.,0.));
#7676=DIRECTION('',(6.20392020308955E-16,1.,0.));
#7677=DIRECTION('',(1.,0.,0.));
#7678=DIRECTION('',(0.,-1.,0.));
#7679=DIRECTION('',(0.,-1.,0.));
#7680=DIRECTION('',(-1.,0.,0.));
#7681=DIRECTION('',(0.,0.,-1.));
#7682=DIRECTION('',(0.,0.,1.));
#7683=DIRECTION('',(0.,0.,1.));
#7684=DIRECTION('',(0.,0.,1.));
#7685=DIRECTION('',(0.,0.,1.));
#7686=DIRECTION('',(0.,0.,1.));
#7687=DIRECTION('',(0.,0.,1.));
#7688=DIRECTION('',(0.,0.,1.));
#7689=DIRECTION('center_axis',(0.,1.,0.));
#7690=DIRECTION('ref_axis',(-1.,0.,0.));
#7691=DIRECTION('',(0.,0.,-1.));
#7692=DIRECTION('',(-1.,0.,0.));
#7693=DIRECTION('',(0.,0.,1.));
#7694=DIRECTION('center_axis',(1.,0.,0.));
#7695=DIRECTION('ref_axis',(0.,1.,0.));
#7696=DIRECTION('',(0.,1.,0.));
#7697=DIRECTION('',(0.,0.,1.));
#7698=DIRECTION('',(0.,0.,1.));
#7699=DIRECTION('',(0.,0.,1.));
#7700=DIRECTION('',(0.,0.,1.));
#7701=DIRECTION('',(0.,0.,1.));
#7702=DIRECTION('',(0.,0.,1.));
#7703=DIRECTION('',(0.,0.,1.));
#7704=DIRECTION('',(0.,0.,1.));
#7705=DIRECTION('',(0.,0.,1.));
#7706=DIRECTION('center_axis',(1.,0.,0.));
#7707=DIRECTION('ref_axis',(0.,1.,0.));
#7708=DIRECTION('',(0.,1.,0.));
#7709=DIRECTION('',(0.,0.,1.));
#7710=DIRECTION('center_axis',(0.,-1.,0.));
#7711=DIRECTION('ref_axis',(1.,0.,0.));
#7712=DIRECTION('',(1.,0.,0.));
#7713=DIRECTION('',(0.,0.,1.));
#7714=DIRECTION('center_axis',(-1.,6.20392020308955E-16,0.));
#7715=DIRECTION('ref_axis',(-6.20392020308955E-16,-1.,0.));
#7716=DIRECTION('',(-6.20392020308955E-16,-1.,0.));
#7717=DIRECTION('center_axis',(0.,0.,1.));
#7718=DIRECTION('ref_axis',(-1.,0.,0.));
#7719=DIRECTION('center_axis',(0.,0.,1.));
#7720=DIRECTION('ref_axis',(-1.,0.,0.));
#7721=DIRECTION('',(-0.984115966068187,0.177526801722104,0.));
#7722=DIRECTION('',(-0.00914595891624768,-0.999958174843079,0.));
#7723=DIRECTION('',(-1.,0.,0.));
#7724=DIRECTION('',(0.,1.,0.));
#7725=DIRECTION('',(0.,1.,0.));
#7726=DIRECTION('',(0.,0.,-1.));
#7727=DIRECTION('',(0.,0.,1.));
#7728=DIRECTION('',(0.,0.,1.));
#7729=DIRECTION('',(0.,0.,1.));
#7730=DIRECTION('',(0.,0.,1.));
#7731=DIRECTION('',(0.,0.,1.));
#7732=DIRECTION('',(0.,0.,1.));
#7733=DIRECTION('',(0.,0.,1.));
#7734=DIRECTION('',(0.,0.,1.));
#7735=DIRECTION('center_axis',(-1.,0.,0.));
#7736=DIRECTION('ref_axis',(0.,-1.,0.));
#7737=DIRECTION('',(0.,-1.,0.));
#7738=DIRECTION('center_axis',(-0.177526801722104,-0.984115966068187,0.));
#7739=DIRECTION('ref_axis',(0.984115966068187,-0.177526801722104,0.));
#7740=DIRECTION('',(0.,0.,-1.));
#7741=DIRECTION('',(0.984115966068187,-0.177526801722104,0.));
#7742=DIRECTION('',(0.,0.,1.));
#7743=DIRECTION('',(0.,0.,1.));
#7744=DIRECTION('',(0.,0.,1.));
#7745=DIRECTION('',(0.,0.,1.));
#7746=DIRECTION('',(0.,0.,1.));
#7747=DIRECTION('',(0.,0.,1.));
#7748=DIRECTION('center_axis',(0.999958174843079,-0.00914595891624768,0.));
#7749=DIRECTION('ref_axis',(0.00914595891624768,0.999958174843079,0.));
#7750=DIRECTION('',(0.00914595891624768,0.999958174843079,0.));
#7751=DIRECTION('',(0.,0.,1.));
#7752=DIRECTION('',(0.,0.,1.));
#7753=DIRECTION('',(0.,0.,1.));
#7754=DIRECTION('center_axis',(0.,-1.,0.));
#7755=DIRECTION('ref_axis',(1.,0.,0.));
#7756=DIRECTION('',(1.,0.,0.));
#7757=DIRECTION('',(0.,0.,1.));
#7758=DIRECTION('',(0.,0.,1.));
#7759=DIRECTION('',(0.,0.,1.));
#7760=DIRECTION('',(0.,0.,1.));
#7761=DIRECTION('',(0.,0.,1.));
#7762=DIRECTION('',(0.,0.,1.));
#7763=DIRECTION('',(0.,0.,1.));
#7764=DIRECTION('',(0.,0.,1.));
#7765=DIRECTION('',(0.,0.,1.));
#7766=DIRECTION('',(0.,0.,1.));
#7767=DIRECTION('',(0.,0.,1.));
#7768=DIRECTION('center_axis',(-1.,0.,0.));
#7769=DIRECTION('ref_axis',(0.,-1.,0.));
#7770=DIRECTION('',(0.,-1.,0.));
#7771=DIRECTION('',(0.,0.,1.));
#7772=DIRECTION('',(0.,0.,1.));
#7773=DIRECTION('',(0.,0.,1.));
#7774=DIRECTION('',(0.,0.,1.));
#7775=DIRECTION('center_axis',(0.,0.,1.));
#7776=DIRECTION('ref_axis',(-1.,0.,0.));
#7777=DIRECTION('center_axis',(0.,0.,1.));
#7778=DIRECTION('ref_axis',(-1.,0.,0.));
#7779=DIRECTION('',(0.,-1.,0.));
#7780=DIRECTION('',(-1.,0.,0.));
#7781=DIRECTION('',(0.,1.,0.));
#7782=DIRECTION('',(0.,1.,0.));
#7783=DIRECTION('',(1.,0.,0.));
#7784=DIRECTION('',(0.,0.,-1.));
#7785=DIRECTION('',(0.,0.,1.));
#7786=DIRECTION('',(0.,0.,1.));
#7787=DIRECTION('',(0.,0.,1.));
#7788=DIRECTION('',(0.,0.,1.));
#7789=DIRECTION('',(0.,0.,1.));
#7790=DIRECTION('',(0.,0.,1.));
#7791=DIRECTION('',(0.,0.,1.));
#7792=DIRECTION('center_axis',(0.,-1.,0.));
#7793=DIRECTION('ref_axis',(1.,0.,0.));
#7794=DIRECTION('',(0.,0.,-1.));
#7795=DIRECTION('',(1.,0.,0.));
#7796=DIRECTION('',(0.,0.,1.));
#7797=DIRECTION('center_axis',(-1.,0.,0.));
#7798=DIRECTION('ref_axis',(0.,-1.,0.));
#7799=DIRECTION('',(0.,-1.,0.));
#7800=DIRECTION('',(0.,0.,1.));
#7801=DIRECTION('',(0.,0.,1.));
#7802=DIRECTION('',(0.,0.,1.));
#7803=DIRECTION('',(0.,0.,1.));
#7804=DIRECTION('',(0.,0.,1.));
#7805=DIRECTION('',(0.,0.,1.));
#7806=DIRECTION('',(0.,0.,1.));
#7807=DIRECTION('',(0.,0.,1.));
#7808=DIRECTION('center_axis',(-1.,0.,0.));
#7809=DIRECTION('ref_axis',(0.,-1.,0.));
#7810=DIRECTION('',(0.,-1.,0.));
#7811=DIRECTION('',(0.,0.,1.));
#7812=DIRECTION('center_axis',(0.,1.,0.));
#7813=DIRECTION('ref_axis',(-1.,0.,0.));
#7814=DIRECTION('',(-1.,0.,0.));
#7815=DIRECTION('',(0.,0.,1.));
#7816=DIRECTION('center_axis',(1.,0.,0.));
#7817=DIRECTION('ref_axis',(0.,1.,0.));
#7818=DIRECTION('',(0.,1.,0.));
#7819=DIRECTION('center_axis',(0.,0.,1.));
#7820=DIRECTION('ref_axis',(-1.,0.,0.));
#7821=DIRECTION('center_axis',(0.,0.,1.));
#7822=DIRECTION('ref_axis',(-1.,0.,0.));
#7823=DIRECTION('',(0.,1.,0.));
#7824=DIRECTION('',(1.,0.,0.));
#7825=DIRECTION('',(0.,-1.,0.));
#7826=DIRECTION('',(0.,-1.,0.));
#7827=DIRECTION('',(-1.,0.,0.));
#7828=DIRECTION('',(0.,0.,-1.));
#7829=DIRECTION('',(0.,0.,1.));
#7830=DIRECTION('',(0.,0.,1.));
#7831=DIRECTION('',(0.,0.,1.));
#7832=DIRECTION('',(0.,0.,1.));
#7833=DIRECTION('',(0.,0.,1.));
#7834=DIRECTION('',(0.,0.,1.));
#7835=DIRECTION('',(0.,0.,1.));
#7836=DIRECTION('center_axis',(0.,1.,0.));
#7837=DIRECTION('ref_axis',(-1.,0.,0.));
#7838=DIRECTION('',(0.,0.,-1.));
#7839=DIRECTION('',(-1.,0.,0.));
#7840=DIRECTION('',(0.,0.,1.));
#7841=DIRECTION('center_axis',(1.,0.,0.));
#7842=DIRECTION('ref_axis',(0.,1.,0.));
#7843=DIRECTION('',(0.,1.,0.));
#7844=DIRECTION('',(0.,0.,1.));
#7845=DIRECTION('',(0.,0.,1.));
#7846=DIRECTION('',(0.,0.,1.));
#7847=DIRECTION('',(0.,0.,1.));
#7848=DIRECTION('',(0.,0.,1.));
#7849=DIRECTION('',(0.,0.,1.));
#7850=DIRECTION('',(0.,0.,1.));
#7851=DIRECTION('',(0.,0.,1.));
#7852=DIRECTION('',(0.,0.,1.));
#7853=DIRECTION('center_axis',(1.,0.,0.));
#7854=DIRECTION('ref_axis',(0.,1.,0.));
#7855=DIRECTION('',(0.,1.,0.));
#7856=DIRECTION('',(0.,0.,1.));
#7857=DIRECTION('center_axis',(0.,-1.,0.));
#7858=DIRECTION('ref_axis',(1.,0.,0.));
#7859=DIRECTION('',(1.,0.,0.));
#7860=DIRECTION('',(0.,0.,1.));
#7861=DIRECTION('center_axis',(-1.,0.,0.));
#7862=DIRECTION('ref_axis',(0.,-1.,0.));
#7863=DIRECTION('',(0.,-1.,0.));
#7864=DIRECTION('center_axis',(0.,0.,1.));
#7865=DIRECTION('ref_axis',(-1.,0.,0.));
#7866=DIRECTION('center_axis',(0.,0.,-1.));
#7867=DIRECTION('ref_axis',(-1.,0.,0.));
#7868=DIRECTION('',(-1.,0.,0.));
#7869=DIRECTION('',(0.,1.,0.));
#7870=DIRECTION('',(1.,0.,0.));
#7871=DIRECTION('',(0.,-1.,0.));
#7872=DIRECTION('center_axis',(-1.,0.,0.));
#7873=DIRECTION('ref_axis',(0.,-1.,0.));
#7874=DIRECTION('',(0.,0.,-1.));
#7875=DIRECTION('',(0.,-1.,0.));
#7876=DIRECTION('',(0.,0.,1.));
#7877=DIRECTION('center_axis',(0.,1.,0.));
#7878=DIRECTION('ref_axis',(-1.,0.,0.));
#7879=DIRECTION('',(-1.,0.,0.));
#7880=DIRECTION('',(0.,0.,1.));
#7881=DIRECTION('center_axis',(1.,0.,0.));
#7882=DIRECTION('ref_axis',(0.,1.,0.));
#7883=DIRECTION('',(0.,1.,0.));
#7884=DIRECTION('',(0.,0.,1.));
#7885=DIRECTION('center_axis',(0.,-1.,0.));
#7886=DIRECTION('ref_axis',(1.,0.,0.));
#7887=DIRECTION('',(1.,0.,0.));
#7888=DIRECTION('center_axis',(0.,0.,1.));
#7889=DIRECTION('ref_axis',(1.,0.,0.));
#7890=DIRECTION('center_axis',(0.,0.,1.));
#7891=DIRECTION('ref_axis',(-1.,0.,0.));
#7892=DIRECTION('',(-0.984115966068187,0.177526801722104,0.));
#7893=DIRECTION('',(-0.00914595891624768,-0.999958174843079,0.));
#7894=DIRECTION('',(-1.,0.,0.));
#7895=DIRECTION('',(0.,1.,0.));
#7896=DIRECTION('',(0.,1.,0.));
#7897=DIRECTION('',(0.,0.,-1.));
#7898=DIRECTION('',(0.,0.,1.));
#7899=DIRECTION('',(0.,0.,1.));
#7900=DIRECTION('',(0.,0.,1.));
#7901=DIRECTION('',(0.,0.,1.));
#7902=DIRECTION('',(0.,0.,1.));
#7903=DIRECTION('',(0.,0.,1.));
#7904=DIRECTION('',(0.,0.,1.));
#7905=DIRECTION('',(0.,0.,1.));
#7906=DIRECTION('center_axis',(-1.,0.,0.));
#7907=DIRECTION('ref_axis',(0.,-1.,0.));
#7908=DIRECTION('',(0.,-1.,0.));
#7909=DIRECTION('center_axis',(-0.177526801722104,-0.984115966068187,0.));
#7910=DIRECTION('ref_axis',(0.984115966068187,-0.177526801722104,0.));
#7911=DIRECTION('',(0.,0.,-1.));
#7912=DIRECTION('',(0.984115966068187,-0.177526801722104,0.));
#7913=DIRECTION('',(0.,0.,1.));
#7914=DIRECTION('',(0.,0.,1.));
#7915=DIRECTION('',(0.,0.,1.));
#7916=DIRECTION('',(0.,0.,1.));
#7917=DIRECTION('',(0.,0.,1.));
#7918=DIRECTION('',(0.,0.,1.));
#7919=DIRECTION('center_axis',(0.999958174843079,-0.00914595891624768,0.));
#7920=DIRECTION('ref_axis',(0.00914595891624768,0.999958174843079,0.));
#7921=DIRECTION('',(0.00914595891624768,0.999958174843079,0.));
#7922=DIRECTION('',(0.,0.,1.));
#7923=DIRECTION('',(0.,0.,1.));
#7924=DIRECTION('',(0.,0.,1.));
#7925=DIRECTION('center_axis',(0.,-1.,0.));
#7926=DIRECTION('ref_axis',(1.,0.,0.));
#7927=DIRECTION('',(1.,0.,0.));
#7928=DIRECTION('',(0.,0.,1.));
#7929=DIRECTION('',(0.,0.,1.));
#7930=DIRECTION('',(0.,0.,1.));
#7931=DIRECTION('',(0.,0.,1.));
#7932=DIRECTION('',(0.,0.,1.));
#7933=DIRECTION('',(0.,0.,1.));
#7934=DIRECTION('',(0.,0.,1.));
#7935=DIRECTION('',(0.,0.,1.));
#7936=DIRECTION('',(0.,0.,1.));
#7937=DIRECTION('',(0.,0.,1.));
#7938=DIRECTION('',(0.,0.,1.));
#7939=DIRECTION('center_axis',(-1.,0.,0.));
#7940=DIRECTION('ref_axis',(0.,-1.,0.));
#7941=DIRECTION('',(0.,-1.,0.));
#7942=DIRECTION('',(0.,0.,1.));
#7943=DIRECTION('',(0.,0.,1.));
#7944=DIRECTION('',(0.,0.,1.));
#7945=DIRECTION('',(0.,0.,1.));
#7946=DIRECTION('center_axis',(0.,0.,1.));
#7947=DIRECTION('ref_axis',(-1.,0.,0.));
#7948=DIRECTION('center_axis',(0.,0.,1.));
#7949=DIRECTION('ref_axis',(-1.,0.,0.));
#7950=DIRECTION('',(0.992720564437672,0.120440362597218,0.));
#7951=DIRECTION('',(0.134147607842487,0.99096136115902,0.));
#7952=DIRECTION('',(-0.985874708122793,0.167484506399239,0.));
#7953=DIRECTION('center_axis',(-0.120440362597218,0.992720564437672,0.));
#7954=DIRECTION('ref_axis',(-0.992720564437672,-0.120440362597218,0.));
#7955=DIRECTION('',(0.,0.,-1.));
#7956=DIRECTION('',(-0.992720564437672,-0.120440362597218,0.));
#7957=DIRECTION('',(0.,0.,1.));
#7958=DIRECTION('',(0.,0.,1.));
#7959=DIRECTION('',(0.,0.,1.));
#7960=DIRECTION('',(0.,0.,1.));
#7961=DIRECTION('',(0.,0.,1.));
#7962=DIRECTION('',(0.,0.,1.));
#7963=DIRECTION('',(0.,0.,1.));
#7964=DIRECTION('',(0.,0.,1.));
#7965=DIRECTION('center_axis',(-0.99096136115902,0.134147607842487,0.));
#7966=DIRECTION('ref_axis',(-0.134147607842487,-0.99096136115902,0.));
#7967=DIRECTION('',(-0.134147607842487,-0.99096136115902,0.));
#7968=DIRECTION('',(0.,0.,1.));
#7969=DIRECTION('',(0.,0.,1.));
#7970=DIRECTION('',(0.,0.,1.));
#7971=DIRECTION('',(0.,0.,1.));
#7972=DIRECTION('',(0.,0.,1.));
#7973=DIRECTION('',(0.,0.,1.));
#7974=DIRECTION('',(0.,0.,1.));
#7975=DIRECTION('center_axis',(-0.167484506399239,-0.985874708122794,0.));
#7976=DIRECTION('ref_axis',(0.985874708122794,-0.167484506399239,0.));
#7977=DIRECTION('',(0.985874708122793,-0.167484506399239,0.));
#7978=DIRECTION('',(0.,0.,1.));
#7979=DIRECTION('',(0.,0.,1.));
#7980=DIRECTION('',(0.,0.,1.));
#7981=DIRECTION('',(0.,0.,1.));
#7982=DIRECTION('',(0.,0.,1.));
#7983=DIRECTION('',(0.,0.,1.));
#7984=DIRECTION('',(0.,0.,1.));
#7985=DIRECTION('',(0.,0.,1.));
#7986=DIRECTION('',(0.,0.,1.));
#7987=DIRECTION('',(0.,0.,1.));
#7988=DIRECTION('',(0.,0.,1.));
#7989=DIRECTION('',(0.,0.,1.));
#7990=DIRECTION('center_axis',(0.,0.,1.));
#7991=DIRECTION('ref_axis',(-1.,0.,0.));
#7992=DIRECTION('center_axis',(0.,0.,1.));
#7993=DIRECTION('ref_axis',(-1.,0.,0.));
#7994=DIRECTION('',(-1.,0.,0.));
#7995=DIRECTION('',(0.,1.,0.));
#7996=DIRECTION('',(1.,0.,0.));
#7997=DIRECTION('',(0.,-1.,0.));
#7998=DIRECTION('',(0.,-1.,0.));
#7999=DIRECTION('',(0.,0.,-1.));
#8000=DIRECTION('',(0.,0.,1.));
#8001=DIRECTION('',(0.,0.,1.));
#8002=DIRECTION('',(0.,0.,1.));
#8003=DIRECTION('',(0.,0.,1.));
#8004=DIRECTION('',(0.,0.,1.));
#8005=DIRECTION('',(0.,0.,1.));
#8006=DIRECTION('',(0.,0.,1.));
#8007=DIRECTION('center_axis',(-1.,0.,0.));
#8008=DIRECTION('ref_axis',(0.,-1.,0.));
#8009=DIRECTION('',(0.,0.,-1.));
#8010=DIRECTION('',(0.,-1.,0.));
#8011=DIRECTION('',(0.,0.,1.));
#8012=DIRECTION('center_axis',(0.,1.,0.));
#8013=DIRECTION('ref_axis',(-1.,0.,0.));
#8014=DIRECTION('',(-1.,0.,0.));
#8015=DIRECTION('',(0.,0.,1.));
#8016=DIRECTION('center_axis',(1.,0.,0.));
#8017=DIRECTION('ref_axis',(0.,1.,0.));
#8018=DIRECTION('',(0.,1.,0.));
#8019=DIRECTION('',(0.,0.,1.));
#8020=DIRECTION('',(0.,0.,1.));
#8021=DIRECTION('',(0.,0.,1.));
#8022=DIRECTION('',(0.,0.,1.));
#8023=DIRECTION('',(0.,0.,1.));
#8024=DIRECTION('',(0.,0.,1.));
#8025=DIRECTION('',(0.,0.,1.));
#8026=DIRECTION('',(0.,0.,1.));
#8027=DIRECTION('center_axis',(1.,0.,0.));
#8028=DIRECTION('ref_axis',(0.,1.,0.));
#8029=DIRECTION('',(0.,1.,0.));
#8030=DIRECTION('',(0.,0.,1.));
#8031=DIRECTION('center_axis',(0.,-1.,0.));
#8032=DIRECTION('ref_axis',(1.,0.,0.));
#8033=DIRECTION('',(1.,0.,0.));
#8034=DIRECTION('center_axis',(0.,0.,1.));
#8035=DIRECTION('ref_axis',(-1.,0.,0.));
#8036=DIRECTION('center_axis',(0.,0.,1.));
#8037=DIRECTION('ref_axis',(-1.,0.,0.));
#8038=DIRECTION('',(0.,-1.,0.));
#8039=DIRECTION('',(-1.,0.,0.));
#8040=DIRECTION('',(0.,1.,0.));
#8041=DIRECTION('',(1.,0.,0.));
#8042=DIRECTION('',(0.,-1.,0.));
#8043=DIRECTION('',(-0.334630235399155,-0.942349513480379,0.));
#8044=DIRECTION('center_axis',(0.,-1.,0.));
#8045=DIRECTION('ref_axis',(1.,0.,0.));
#8046=DIRECTION('',(0.,0.,-1.));
#8047=DIRECTION('',(1.,0.,0.));
#8048=DIRECTION('',(0.,0.,1.));
#8049=DIRECTION('center_axis',(-1.,0.,0.));
#8050=DIRECTION('ref_axis',(0.,-1.,0.));
#8051=DIRECTION('',(0.,-1.,0.));
#8052=DIRECTION('',(0.,0.,1.));
#8053=DIRECTION('center_axis',(0.,1.,0.));
#8054=DIRECTION('ref_axis',(-1.,0.,0.));
#8055=DIRECTION('',(-1.,0.,0.));
#8056=DIRECTION('',(0.,0.,1.));
#8057=DIRECTION('center_axis',(1.,0.,0.));
#8058=DIRECTION('ref_axis',(0.,1.,0.));
#8059=DIRECTION('',(0.,1.,0.));
#8060=DIRECTION('',(0.,0.,1.));
#8061=DIRECTION('',(0.,0.,1.));
#8062=DIRECTION('',(0.,0.,1.));
#8063=DIRECTION('',(0.,0.,1.));
#8064=DIRECTION('center_axis',(0.942349513480379,-0.334630235399155,0.));
#8065=DIRECTION('ref_axis',(0.334630235399155,0.942349513480379,0.));
#8066=DIRECTION('',(0.334630235399155,0.942349513480379,0.));
#8067=DIRECTION('',(0.,0.,1.));
#8068=DIRECTION('',(0.,0.,1.));
#8069=DIRECTION('',(0.,0.,1.));
#8070=DIRECTION('',(0.,0.,1.));
#8071=DIRECTION('',(0.,0.,1.));
#8072=DIRECTION('center_axis',(1.,0.,0.));
#8073=DIRECTION('ref_axis',(0.,1.,0.));
#8074=DIRECTION('',(0.,1.,0.));
#8075=DIRECTION('center_axis',(0.,0.,1.));
#8076=DIRECTION('ref_axis',(-1.,0.,0.));
#8077=DIRECTION('center_axis',(0.,0.,1.));
#8078=DIRECTION('ref_axis',(-1.,0.,0.));
#8079=DIRECTION('',(0.,0.,-1.));
#8080=DIRECTION('',(0.,0.,1.));
#8081=DIRECTION('',(0.,0.,1.));
#8082=DIRECTION('',(0.,0.,1.));
#8083=DIRECTION('',(0.,0.,1.));
#8084=DIRECTION('',(0.,0.,1.));
#8085=DIRECTION('',(0.,0.,1.));
#8086=DIRECTION('',(0.,0.,1.));
#8087=DIRECTION('',(0.,0.,-1.));
#8088=DIRECTION('',(0.,0.,1.));
#8089=DIRECTION('',(0.,0.,1.));
#8090=DIRECTION('',(0.,0.,1.));
#8091=DIRECTION('',(0.,0.,1.));
#8092=DIRECTION('',(0.,0.,1.));
#8093=DIRECTION('',(0.,0.,1.));
#8094=DIRECTION('',(0.,0.,1.));
#8095=DIRECTION('',(0.,0.,1.));
#8096=DIRECTION('',(0.,0.,1.));
#8097=DIRECTION('center_axis',(0.,0.,1.));
#8098=DIRECTION('ref_axis',(-1.,0.,0.));
#8099=DIRECTION('center_axis',(0.,0.,-1.));
#8100=DIRECTION('ref_axis',(-1.,0.,0.));
#8101=DIRECTION('',(-1.,0.,0.));
#8102=DIRECTION('',(0.,1.,0.));
#8103=DIRECTION('',(1.,0.,0.));
#8104=DIRECTION('',(0.,-1.,0.));
#8105=DIRECTION('center_axis',(-1.,0.,0.));
#8106=DIRECTION('ref_axis',(0.,-1.,0.));
#8107=DIRECTION('',(0.,0.,-1.));
#8108=DIRECTION('',(0.,-1.,0.));
#8109=DIRECTION('',(0.,0.,1.));
#8110=DIRECTION('center_axis',(0.,1.,0.));
#8111=DIRECTION('ref_axis',(-1.,0.,0.));
#8112=DIRECTION('',(-1.,0.,0.));
#8113=DIRECTION('',(0.,0.,1.));
#8114=DIRECTION('center_axis',(1.,0.,0.));
#8115=DIRECTION('ref_axis',(0.,1.,0.));
#8116=DIRECTION('',(0.,1.,0.));
#8117=DIRECTION('',(0.,0.,1.));
#8118=DIRECTION('center_axis',(0.,-1.,0.));
#8119=DIRECTION('ref_axis',(1.,0.,0.));
#8120=DIRECTION('',(1.,0.,0.));
#8121=DIRECTION('center_axis',(0.,0.,1.));
#8122=DIRECTION('ref_axis',(1.,0.,0.));
#8123=DIRECTION('center_axis',(0.,0.,1.));
#8124=DIRECTION('ref_axis',(-1.,0.,0.));
#8125=DIRECTION('',(3.10196010154478E-16,1.,0.));
#8126=DIRECTION('',(1.,0.,0.));
#8127=DIRECTION('',(0.,-1.,0.));
#8128=DIRECTION('',(0.,-1.,0.));
#8129=DIRECTION('',(-1.,0.,0.));
#8130=DIRECTION('',(0.,0.,-1.));
#8131=DIRECTION('',(0.,0.,1.));
#8132=DIRECTION('',(0.,0.,1.));
#8133=DIRECTION('',(0.,0.,1.));
#8134=DIRECTION('',(0.,0.,1.));
#8135=DIRECTION('',(0.,0.,1.));
#8136=DIRECTION('',(0.,0.,1.));
#8137=DIRECTION('',(0.,0.,1.));
#8138=DIRECTION('center_axis',(0.,1.,0.));
#8139=DIRECTION('ref_axis',(-1.,0.,0.));
#8140=DIRECTION('',(0.,0.,-1.));
#8141=DIRECTION('',(-1.,0.,0.));
#8142=DIRECTION('',(0.,0.,1.));
#8143=DIRECTION('center_axis',(1.,0.,0.));
#8144=DIRECTION('ref_axis',(0.,1.,0.));
#8145=DIRECTION('',(0.,1.,0.));
#8146=DIRECTION('',(0.,0.,1.));
#8147=DIRECTION('',(0.,0.,1.));
#8148=DIRECTION('',(0.,0.,1.));
#8149=DIRECTION('',(0.,0.,1.));
#8150=DIRECTION('',(0.,0.,1.));
#8151=DIRECTION('',(0.,0.,1.));
#8152=DIRECTION('',(0.,0.,1.));
#8153=DIRECTION('',(0.,0.,1.));
#8154=DIRECTION('',(0.,0.,1.));
#8155=DIRECTION('center_axis',(1.,0.,0.));
#8156=DIRECTION('ref_axis',(0.,1.,0.));
#8157=DIRECTION('',(0.,1.,0.));
#8158=DIRECTION('',(0.,0.,1.));
#8159=DIRECTION('center_axis',(0.,-1.,0.));
#8160=DIRECTION('ref_axis',(1.,0.,0.));
#8161=DIRECTION('',(1.,0.,0.));
#8162=DIRECTION('',(0.,0.,1.));
#8163=DIRECTION('center_axis',(-1.,3.10196010154478E-16,0.));
#8164=DIRECTION('ref_axis',(-3.10196010154478E-16,-1.,0.));
#8165=DIRECTION('',(-3.10196010154478E-16,-1.,0.));
#8166=DIRECTION('center_axis',(0.,0.,1.));
#8167=DIRECTION('ref_axis',(-1.,0.,0.));
#8168=DIRECTION('center_axis',(0.,0.,1.));
#8169=DIRECTION('ref_axis',(-1.,0.,0.));
#8170=DIRECTION('',(0.986202875729261,-0.165541196997412,0.));
#8171=DIRECTION('',(-1.,0.,0.));
#8172=DIRECTION('',(1.,0.,0.));
#8173=DIRECTION('',(0.,0.,-1.));
#8174=DIRECTION('',(0.,0.,1.));
#8175=DIRECTION('',(0.,0.,1.));
#8176=DIRECTION('',(0.,0.,1.));
#8177=DIRECTION('',(0.,0.,1.));
#8178=DIRECTION('center_axis',(0.,1.,0.));
#8179=DIRECTION('ref_axis',(-1.,0.,0.));
#8180=DIRECTION('',(-1.,0.,0.));
#8181=DIRECTION('center_axis',(0.165541196997412,0.986202875729261,0.));
#8182=DIRECTION('ref_axis',(-0.986202875729261,0.165541196997412,0.));
#8183=DIRECTION('',(0.,0.,-1.));
#8184=DIRECTION('',(-0.986202875729261,0.165541196997412,0.));
#8185=DIRECTION('',(0.,0.,1.));
#8186=DIRECTION('',(0.,0.,1.));
#8187=DIRECTION('',(0.,0.,1.));
#8188=DIRECTION('',(0.,0.,1.));
#8189=DIRECTION('',(0.,0.,1.));
#8190=DIRECTION('',(0.,0.,1.));
#8191=DIRECTION('',(0.,0.,1.));
#8192=DIRECTION('',(0.,0.,1.));
#8193=DIRECTION('',(0.,0.,1.));
#8194=DIRECTION('center_axis',(0.,-1.,0.));
#8195=DIRECTION('ref_axis',(1.,0.,0.));
#8196=DIRECTION('',(1.,0.,0.));
#8197=DIRECTION('',(0.,0.,1.));
#8198=DIRECTION('',(0.,0.,1.));
#8199=DIRECTION('',(0.,0.,1.));
#8200=DIRECTION('',(0.,0.,1.));
#8201=DIRECTION('center_axis',(0.,0.,1.));
#8202=DIRECTION('ref_axis',(-1.,0.,0.));
#8203=CARTESIAN_POINT('',(0.,0.,0.));
#8204=CARTESIAN_POINT('Origin',(61.7490381214546,-74.9230650797879,-0.25));
#8205=CARTESIAN_POINT('',(0.102107996454581,-74.6730650797879,0.));
#8206=CARTESIAN_POINT('',(0.102107996454581,-75.1730650797879,-0.5));
#8207=CARTESIAN_POINT('',(0.102107996454581,-74.6730650797879,0.));
#8208=CARTESIAN_POINT('',(80.2980148297879,-75.1730650797879,-0.5));
#8209=CARTESIAN_POINT('',(61.7490381214546,-75.1730650797879,-0.5));
#8210=CARTESIAN_POINT('',(80.2980148297879,-74.6730650797879,0.));
#8211=CARTESIAN_POINT('',(80.2980148297879,-75.1730650797879,-0.5));
#8212=CARTESIAN_POINT('',(61.7490381214546,-74.6730650797879,0.));
#8213=CARTESIAN_POINT('Origin',(0.102107996454581,-72.1730650797879,-0.25));
#8214=CARTESIAN_POINT('',(-2.39789200354542,-72.1730650797879,0.));
#8215=CARTESIAN_POINT('',(-2.89789200354542,-72.1730650797879,-0.5));
#8216=CARTESIAN_POINT('',(-2.39789200354542,-72.1730650797879,0.));
#8217=CARTESIAN_POINT('Origin',(0.102107996454581,-72.1730650797879,-0.5));
#8218=CARTESIAN_POINT('Origin',(0.102107996454581,-72.1730650797879,0.));
#8219=CARTESIAN_POINT('Origin',(-2.64789200354542,-55.6553258089546,-0.25));
#8220=CARTESIAN_POINT('',(-2.39789200354542,-0.102107996454581,0.));
#8221=CARTESIAN_POINT('',(-2.89789200354542,-0.102107996454581,-0.5));
#8222=CARTESIAN_POINT('',(-2.39789200354542,-0.102107996454581,0.));
#8223=CARTESIAN_POINT('',(-2.89789200354542,-55.6553258089546,-0.5));
#8224=CARTESIAN_POINT('',(-2.39789200354542,-55.6553258089546,0.));
#8225=CARTESIAN_POINT('Origin',(0.102107996454582,-0.102107996454581,-0.25));
#8226=CARTESIAN_POINT('',(0.102107996454582,2.39789200354542,0.));
#8227=CARTESIAN_POINT('',(0.102107996454582,2.89789200354542,-0.5));
#8228=CARTESIAN_POINT('',(0.102107996454582,2.39789200354542,0.));
#8229=CARTESIAN_POINT('Origin',(0.102107996454582,-0.102107996454581,-0.5));
#8230=CARTESIAN_POINT('Origin',(0.102107996454582,-0.102107996454581,0.));
#8231=CARTESIAN_POINT('Origin',(18.6510847047879,2.64789200354542,-0.25));
#8232=CARTESIAN_POINT('',(80.2980148297879,2.39789200354542,0.));
#8233=CARTESIAN_POINT('',(80.2980148297879,2.89789200354542,-0.5));
#8234=CARTESIAN_POINT('',(80.2980148297879,2.39789200354542,0.));
#8235=CARTESIAN_POINT('',(18.6510847047879,2.89789200354542,-0.5));
#8236=CARTESIAN_POINT('',(18.6510847047879,2.39789200354542,0.));
#8237=CARTESIAN_POINT('Origin',(80.2980148297879,-0.102107996454583,-0.25));
#8238=CARTESIAN_POINT('',(82.7980148297879,-0.102107996454583,0.));
#8239=CARTESIAN_POINT('',(83.2980148297879,-0.102107996454583,-0.5));
#8240=CARTESIAN_POINT('',(82.7980148297879,-0.102107996454583,0.));
#8241=CARTESIAN_POINT('Origin',(80.2980148297879,-0.102107996454583,-0.5));
#8242=CARTESIAN_POINT('Origin',(80.2980148297879,-0.102107996454583,0.));
#8243=CARTESIAN_POINT('Origin',(83.0480148297879,-16.6198472672879,-0.25));
#8244=CARTESIAN_POINT('',(82.7980148297879,-72.1730650797879,0.));
#8245=CARTESIAN_POINT('',(83.2980148297879,-72.1730650797879,-0.5));
#8246=CARTESIAN_POINT('',(82.7980148297879,-72.1730650797879,0.));
#8247=CARTESIAN_POINT('',(83.2980148297879,-16.6198472672879,-0.5));
#8248=CARTESIAN_POINT('',(82.7980148297879,-16.6198472672879,0.));
#8249=CARTESIAN_POINT('Origin',(80.2980148297879,-72.1730650797879,-0.25));
#8250=CARTESIAN_POINT('Origin',(80.2980148297879,-72.1730650797879,-0.5));
#8251=CARTESIAN_POINT('Origin',(80.2980148297879,-72.1730650797879,0.));
#8252=CARTESIAN_POINT('Origin',(80.2980148297879,-0.102107996454583,0.));
#8253=CARTESIAN_POINT('',(83.2980148297879,-0.102107996454583,-1.6));
#8254=CARTESIAN_POINT('',(83.2980148297879,-0.102107996454583,0.));
#8255=CARTESIAN_POINT('',(80.2980148297879,2.89789200354542,-1.6));
#8256=CARTESIAN_POINT('Origin',(80.2980148297879,-0.102107996454583,-1.6));
#8257=CARTESIAN_POINT('',(80.2980148297879,2.89789200354542,0.));
#8258=CARTESIAN_POINT('Origin',(83.2980148297879,2.89789200354542,0.));
#8259=CARTESIAN_POINT('',(83.2980148297879,-72.1730650797879,-1.6));
#8260=CARTESIAN_POINT('',(83.2980148297879,-72.1730650797879,0.));
#8261=CARTESIAN_POINT('',(83.2980148297879,2.89789200354542,-1.6));
#8262=CARTESIAN_POINT('Origin',(80.2980148297879,-72.1730650797879,0.));
#8263=CARTESIAN_POINT('',(80.2980148297879,-75.1730650797879,-1.6));
#8264=CARTESIAN_POINT('',(80.2980148297879,-75.1730650797879,0.));
#8265=CARTESIAN_POINT('Origin',(80.2980148297879,-72.1730650797879,-1.6));
#8266=CARTESIAN_POINT('Origin',(83.2980148297879,-75.1730650797879,0.));
#8267=CARTESIAN_POINT('',(0.102107996454581,-75.1730650797879,-1.6));
#8268=CARTESIAN_POINT('',(0.102107996454581,-75.1730650797879,0.));
#8269=CARTESIAN_POINT('',(83.2980148297879,-75.1730650797879,-1.6));
#8270=CARTESIAN_POINT('Origin',(40.2000614131213,-36.1375865381213,0.));
#8271=CARTESIAN_POINT('',(-1.89730358087083,-51.8199624174625,0.));
#8272=CARTESIAN_POINT('Origin',(2.55269641912917,-51.8199624174625,0.));
#8273=CARTESIAN_POINT('',(72.1311524174625,-3.31850641912917,0.));
#8274=CARTESIAN_POINT('Origin',(76.5811524174625,-3.31850641912917,0.));
#8275=CARTESIAN_POINT('',(-1.89730358087083,-3.31850641912917,0.));
#8276=CARTESIAN_POINT('Origin',(2.55269641912917,-3.31850641912917,0.));
#8277=CARTESIAN_POINT('',(72.1311524174625,-51.8199624174625,0.));
#8278=CARTESIAN_POINT('Origin',(76.5811524174625,-51.8199624174625,0.));
#8279=CARTESIAN_POINT('Origin',(76.5811524174625,-51.8199624174625,4.5));
#8280=CARTESIAN_POINT('',(74.1311524174625,-51.8199624174625,5.));
#8281=CARTESIAN_POINT('Origin',(76.5811524174625,-51.8199624174625,5.));
#8282=CARTESIAN_POINT('',(75.1311524174625,-51.8199624174625,4.));
#8283=CARTESIAN_POINT('',(74.6311524174625,-51.8199624174625,4.5));
#8284=CARTESIAN_POINT('Origin',(76.5811524174625,-51.8199624174625,4.));
#8285=CARTESIAN_POINT('Origin',(76.5811524174625,-51.8199624174625,0.));
#8286=CARTESIAN_POINT('',(75.1311524174625,-51.8199624174625,0.));
#8287=CARTESIAN_POINT('',(75.1311524174625,-51.8199624174625,0.));
#8288=CARTESIAN_POINT('Origin',(76.5811524174625,-51.8199624174625,0.));
#8289=CARTESIAN_POINT('Origin',(76.5811524174625,-51.8199624174625,5.));
#8290=CARTESIAN_POINT('',(73.1311524174625,-51.8199624174625,5.));
#8291=CARTESIAN_POINT('Origin',(76.5811524174625,-51.8199624174625,5.));
#8292=CARTESIAN_POINT('Origin',(76.5811524174625,-3.31850641912917,4.5));
#8293=CARTESIAN_POINT('',(74.1311524174625,-3.31850641912917,5.));
#8294=CARTESIAN_POINT('Origin',(76.5811524174625,-3.31850641912917,5.));
#8295=CARTESIAN_POINT('',(75.1311524174625,-3.31850641912917,4.));
#8296=CARTESIAN_POINT('',(74.6311524174625,-3.31850641912917,4.5));
#8297=CARTESIAN_POINT('Origin',(76.5811524174625,-3.31850641912917,4.));
#8298=CARTESIAN_POINT('Origin',(76.5811524174625,-3.31850641912917,0.));
#8299=CARTESIAN_POINT('',(75.1311524174625,-3.31850641912917,0.));
#8300=CARTESIAN_POINT('',(75.1311524174625,-3.31850641912917,0.));
#8301=CARTESIAN_POINT('Origin',(76.5811524174625,-3.31850641912917,0.));
#8302=CARTESIAN_POINT('Origin',(76.5811524174625,-3.31850641912917,5.));
#8303=CARTESIAN_POINT('',(73.1311524174625,-3.31850641912917,5.));
#8304=CARTESIAN_POINT('Origin',(76.5811524174625,-3.31850641912917,5.));
#8305=CARTESIAN_POINT('Origin',(2.55269641912917,-3.31850641912917,4.5));
#8306=CARTESIAN_POINT('',(0.102696419129168,-3.31850641912917,5.));
#8307=CARTESIAN_POINT('Origin',(2.55269641912917,-3.31850641912917,5.));
#8308=CARTESIAN_POINT('',(1.10269641912917,-3.31850641912917,4.));
#8309=CARTESIAN_POINT('',(0.602696419129168,-3.31850641912917,4.5));
#8310=CARTESIAN_POINT('Origin',(2.55269641912917,-3.31850641912917,4.));
#8311=CARTESIAN_POINT('Origin',(2.55269641912917,-3.31850641912917,0.));
#8312=CARTESIAN_POINT('',(1.10269641912917,-3.31850641912917,0.));
#8313=CARTESIAN_POINT('',(1.10269641912917,-3.31850641912917,0.));
#8314=CARTESIAN_POINT('Origin',(2.55269641912917,-3.31850641912917,0.));
#8315=CARTESIAN_POINT('Origin',(2.55269641912917,-3.31850641912917,5.));
#8316=CARTESIAN_POINT('',(-0.897303580870833,-3.31850641912917,5.));
#8317=CARTESIAN_POINT('Origin',(2.55269641912917,-3.31850641912917,5.));
#8318=CARTESIAN_POINT('Origin',(2.55269641912917,-51.8199624174625,4.5));
#8319=CARTESIAN_POINT('',(0.102696419129168,-51.8199624174625,5.));
#8320=CARTESIAN_POINT('Origin',(2.55269641912917,-51.8199624174625,5.));
#8321=CARTESIAN_POINT('',(1.10269641912917,-51.8199624174625,4.));
#8322=CARTESIAN_POINT('',(0.602696419129168,-51.8199624174625,4.5));
#8323=CARTESIAN_POINT('Origin',(2.55269641912917,-51.8199624174625,4.));
#8324=CARTESIAN_POINT('Origin',(2.55269641912917,-51.8199624174625,0.));
#8325=CARTESIAN_POINT('',(1.10269641912917,-51.8199624174625,0.));
#8326=CARTESIAN_POINT('',(1.10269641912917,-51.8199624174625,0.));
#8327=CARTESIAN_POINT('Origin',(2.55269641912917,-51.8199624174625,0.));
#8328=CARTESIAN_POINT('Origin',(2.55269641912917,-51.8199624174625,5.));
#8329=CARTESIAN_POINT('',(-0.897303580870833,-51.8199624174625,5.));
#8330=CARTESIAN_POINT('Origin',(2.55269641912917,-51.8199624174625,5.));
#8331=CARTESIAN_POINT('Origin',(2.55269641912917,-51.8199624174625,0.5));
#8332=CARTESIAN_POINT('',(-0.897303580870833,-51.8199624174625,1.));
#8333=CARTESIAN_POINT('',(-1.39730358087083,-51.8199624174625,0.5));
#8334=CARTESIAN_POINT('Origin',(2.55269641912917,-51.8199624174625,1.));
#8335=CARTESIAN_POINT('Origin',(2.55269641912917,-51.8199624174625,0.));
#8336=CARTESIAN_POINT('',(-0.897303580870833,-51.8199624174625,0.));
#8337=CARTESIAN_POINT('Origin',(76.5811524174625,-51.8199624174625,0.5));
#8338=CARTESIAN_POINT('',(73.1311524174625,-51.8199624174625,1.));
#8339=CARTESIAN_POINT('',(72.6311524174625,-51.8199624174625,0.5));
#8340=CARTESIAN_POINT('Origin',(76.5811524174625,-51.8199624174625,1.));
#8341=CARTESIAN_POINT('Origin',(76.5811524174625,-51.8199624174625,0.));
#8342=CARTESIAN_POINT('',(73.1311524174625,-51.8199624174625,0.));
#8343=CARTESIAN_POINT('Origin',(76.5811524174625,-3.31850641912917,0.5));
#8344=CARTESIAN_POINT('',(73.1311524174625,-3.31850641912917,1.));
#8345=CARTESIAN_POINT('',(72.6311524174625,-3.31850641912917,0.5));
#8346=CARTESIAN_POINT('Origin',(76.5811524174625,-3.31850641912917,1.));
#8347=CARTESIAN_POINT('Origin',(76.5811524174625,-3.31850641912917,0.));
#8348=CARTESIAN_POINT('',(73.1311524174625,-3.31850641912917,0.));
#8349=CARTESIAN_POINT('Origin',(2.55269641912917,-3.31850641912917,0.5));
#8350=CARTESIAN_POINT('',(-0.897303580870833,-3.31850641912917,1.));
#8351=CARTESIAN_POINT('',(-1.39730358087083,-3.31850641912917,0.5));
#8352=CARTESIAN_POINT('Origin',(2.55269641912917,-3.31850641912917,1.));
#8353=CARTESIAN_POINT('Origin',(2.55269641912917,-3.31850641912917,0.));
#8354=CARTESIAN_POINT('',(-0.897303580870833,-3.31850641912917,0.));
#8355=CARTESIAN_POINT('Origin',(0.102107996454582,-0.102107996454581,0.));
#8356=CARTESIAN_POINT('',(0.102107996454582,2.89789200354542,-1.6));
#8357=CARTESIAN_POINT('',(0.102107996454582,2.89789200354542,0.));
#8358=CARTESIAN_POINT('',(-2.89789200354542,-0.102107996454581,-1.6));
#8359=CARTESIAN_POINT('Origin',(0.102107996454582,-0.102107996454581,-1.6));
#8360=CARTESIAN_POINT('',(-2.89789200354542,-0.102107996454581,0.));
#8361=CARTESIAN_POINT('Origin',(-2.89789200354542,2.89789200354542,0.));
#8362=CARTESIAN_POINT('',(-2.89789200354542,2.89789200354542,-1.6));
#8363=CARTESIAN_POINT('Origin',(0.102107996454581,-72.1730650797879,0.));
#8364=CARTESIAN_POINT('',(-2.89789200354542,-72.1730650797879,-1.6));
#8365=CARTESIAN_POINT('',(-2.89789200354542,-72.1730650797879,0.));
#8366=CARTESIAN_POINT('Origin',(0.102107996454581,-72.1730650797879,-1.6));
#8367=CARTESIAN_POINT('Origin',(-2.89789200354542,-75.1730650797879,0.));
#8368=CARTESIAN_POINT('',(-2.89789200354542,-75.1730650797879,-1.6));
#8369=CARTESIAN_POINT('Origin',(40.2000614131213,-36.1375865381213,0.));
#8370=CARTESIAN_POINT('Origin',(40.2000614131213,-36.1375865381213,0.));
#8371=CARTESIAN_POINT('Origin',(40.2000614131213,-36.1375865381213,0.));
#8372=CARTESIAN_POINT('Origin',(40.2000614131213,-36.1375865381213,0.));
#8373=CARTESIAN_POINT('Origin',(40.2000614131213,-36.1375865381213,-1.6));
#8374=CARTESIAN_POINT('Origin',(40.5174460466969,-66.3437979798985,-1.));
#8375=CARTESIAN_POINT('',(6.99449682794687,-68.6387198548985,-1.));
#8376=CARTESIAN_POINT('',(6.18639135919687,-67.4717276673985,-1.));
#8377=CARTESIAN_POINT('Ctrl Pts',(6.99449682794687,-68.6387198548985,-1.));
#8378=CARTESIAN_POINT('Ctrl Pts',(6.80630337386364,-68.4822710104955,-1.));
#8379=CARTESIAN_POINT('Ctrl Pts',(6.42867287624753,-68.1683395018191,-1.));
#8380=CARTESIAN_POINT('Ctrl Pts',(6.26732897414084,-67.704440839687,-1.));
#8381=CARTESIAN_POINT('Ctrl Pts',(6.18639135919687,-67.4717276673985,-1.));
#8382=CARTESIAN_POINT('',(7.56334448419687,-67.2617667298985,-1.));
#8383=CARTESIAN_POINT('',(6.18639135919687,-67.4717276673985,-1.));
#8384=CARTESIAN_POINT('',(7.91978979669687,-67.8696768861485,-1.));
#8385=CARTESIAN_POINT('Ctrl Pts',(7.56334448419687,-67.2617667298985,-1.));
#8386=CARTESIAN_POINT('Ctrl Pts',(7.59765350405326,-67.385172558931,-1.));
#8387=CARTESIAN_POINT('Ctrl Pts',(7.6629082059124,-67.6198866549591,-1.));
#8388=CARTESIAN_POINT('Ctrl Pts',(7.83715628005529,-67.7893245138245,-1.));
#8389=CARTESIAN_POINT('Ctrl Pts',(7.91978979669687,-67.8696768861485,-1.));
#8390=CARTESIAN_POINT('',(8.67174292169687,-68.0771964173985,-1.));
#8391=CARTESIAN_POINT('Ctrl Pts',(7.91978979669687,-67.8696768861485,-1.));
#8392=CARTESIAN_POINT('Ctrl Pts',(8.02471962448983,-67.9300615677508,-1.));
#8393=CARTESIAN_POINT('Ctrl Pts',(8.25654771609368,-68.0634732562327,-1.));
#8394=CARTESIAN_POINT('Ctrl Pts',(8.52486898857664,-68.0723418944462,-1.));
#8395=CARTESIAN_POINT('Ctrl Pts',(8.67174292169687,-68.0771964173985,-1.));
#8396=CARTESIAN_POINT('',(9.47252417169687,-67.8818839173985,-1.));
#8397=CARTESIAN_POINT('Ctrl Pts',(8.67174292169687,-68.0771964173985,-1.));
#8398=CARTESIAN_POINT('Ctrl Pts',(8.8306302253216,-68.0739688747158,-1.));
#8399=CARTESIAN_POINT('Ctrl Pts',(9.11325782070355,-68.0682277449554,-1.));
#8400=CARTESIAN_POINT('Ctrl Pts',(9.36312644491428,-67.9386261953166,-1.));
#8401=CARTESIAN_POINT('Ctrl Pts',(9.47252417169687,-67.8818839173985,-1.));
#8402=CARTESIAN_POINT('',(9.65318823419687,-67.5156729798985,-1.));
#8403=CARTESIAN_POINT('Ctrl Pts',(9.47252417169687,-67.8818839173985,-1.));
#8404=CARTESIAN_POINT('Ctrl Pts',(9.52521764337846,-67.8323022042754,-1.));
#8405=CARTESIAN_POINT('Ctrl Pts',(9.63100343468654,-67.7327634836379,-1.));
#8406=CARTESIAN_POINT('Ctrl Pts',(9.64577473677093,-67.5882181426312,-1.));
#8407=CARTESIAN_POINT('Ctrl Pts',(9.65318823419687,-67.5156729798985,-1.));
#8408=CARTESIAN_POINT('',(9.55553198419687,-67.2568839173985,-1.));
#8409=CARTESIAN_POINT('Ctrl Pts',(9.65318823419687,-67.5156729798985,-1.));
#8410=CARTESIAN_POINT('Ctrl Pts',(9.64958442098845,-67.466326126629,-1.));
#8411=CARTESIAN_POINT('Ctrl Pts',(9.64256916664765,-67.3702665623333,-1.));
#8412=CARTESIAN_POINT('Ctrl Pts',(9.58400910094235,-67.2939808307613,-1.));
#8413=CARTESIAN_POINT('Ctrl Pts',(9.55553198419687,-67.2568839173985,-1.));
#8414=CARTESIAN_POINT('',(9.09654760919687,-67.0762198548985,-1.));
#8415=CARTESIAN_POINT('Ctrl Pts',(9.55553198419687,-67.2568839173985,-1.));
#8416=CARTESIAN_POINT('Ctrl Pts',(9.50127775104576,-67.2229979109305,-1.));
#8417=CARTESIAN_POINT('Ctrl Pts',(9.36013834207655,-67.1348453254557,-1.));
#8418=CARTESIAN_POINT('Ctrl Pts',(9.19698470544961,-67.0985581668903,-1.));
#8419=CARTESIAN_POINT('Ctrl Pts',(9.09654760919687,-67.0762198548985,-1.));
#8420=CARTESIAN_POINT('',(6.99205542169687,-66.4072745423985,-1.));
#8421=CARTESIAN_POINT('Ctrl Pts',(9.09654760919687,-67.0762198548985,-1.));
#8422=CARTESIAN_POINT('Ctrl Pts',(8.63737012268162,-66.9803574636229,-1.));
#8423=CARTESIAN_POINT('Ctrl Pts',(7.91158259711816,-66.828834948252,-1.));
#8424=CARTESIAN_POINT('Ctrl Pts',(7.23908865201408,-66.5205277790786,-1.));
#8425=CARTESIAN_POINT('Ctrl Pts',(6.99205542169687,-66.4072745423985,-1.));
#8426=CARTESIAN_POINT('',(6.37682104669687,-65.2402823548985,-1.));
#8427=CARTESIAN_POINT('Ctrl Pts',(6.99205542169687,-66.4072745423985,-1.));
#8428=CARTESIAN_POINT('Ctrl Pts',(6.81261210173936,-66.2535603463279,-1.));
#8429=CARTESIAN_POINT('Ctrl Pts',(6.45341036527805,-65.9458620371328,-1.));
#8430=CARTESIAN_POINT('Ctrl Pts',(6.40236574523073,-65.4756130851907,-1.));
#8431=CARTESIAN_POINT('Ctrl Pts',(6.37682104669687,-65.2402823548985,-1.));
#8432=CARTESIAN_POINT('',(6.90904760919687,-64.1074698548985,-1.));
#8433=CARTESIAN_POINT('Ctrl Pts',(6.37682104669687,-65.2402823548985,-1.));
#8434=CARTESIAN_POINT('Ctrl Pts',(6.40005097615268,-65.023724120631,-1.));
#8435=CARTESIAN_POINT('Ctrl Pts',(6.44707974408612,-64.585304065899,-1.));
#8436=CARTESIAN_POINT('Ctrl Pts',(6.75382143171154,-64.2680272954632,-1.));
#8437=CARTESIAN_POINT('Ctrl Pts',(6.90904760919687,-64.1074698548985,-1.));
#8438=CARTESIAN_POINT('',(8.55943823419687,-63.6484854798985,-1.));
#8439=CARTESIAN_POINT('Ctrl Pts',(6.90904760919687,-64.1074698548985,-1.));
#8440=CARTESIAN_POINT('Ctrl Pts',(7.12966587923515,-63.9741305617763,-1.));
#8441=CARTESIAN_POINT('Ctrl Pts',(7.63393030004405,-63.6693586070072,-1.));
#8442=CARTESIAN_POINT('Ctrl Pts',(8.2262573219217,-63.6559997618138,-1.));
#8443=CARTESIAN_POINT('Ctrl Pts',(8.55943823419687,-63.6484854798985,-1.));
#8444=CARTESIAN_POINT('',(10.1414694841969,-63.9951651673985,-1.));
#8445=CARTESIAN_POINT('Ctrl Pts',(8.55943823419687,-63.6484854798985,-1.));
#8446=CARTESIAN_POINT('Ctrl Pts',(8.87455239403345,-63.6529366297584,-1.));
#8447=CARTESIAN_POINT('Ctrl Pts',(9.42777289040142,-63.6607511542984,-1.));
#8448=CARTESIAN_POINT('Ctrl Pts',(9.92672170328196,-63.8945416421576,-1.));
#8449=CARTESIAN_POINT('Ctrl Pts',(10.1414694841969,-63.9951651673985,-1.));
#8450=CARTESIAN_POINT('',(10.8543601091969,-65.0205557923985,-1.));
#8451=CARTESIAN_POINT('Ctrl Pts',(10.1414694841969,-63.9951651673985,-1.));
#8452=CARTESIAN_POINT('Ctrl Pts',(10.3015812835143,-64.1282196720858,-1.));
#8453=CARTESIAN_POINT('Ctrl Pts',(10.6331988155305,-64.4037971539213,-1.));
#8454=CARTESIAN_POINT('Ctrl Pts',(10.7789701752086,-64.8103137908678,-1.));
#8455=CARTESIAN_POINT('Ctrl Pts',(10.8543601091969,-65.0205557923985,-1.));
#8456=CARTESIAN_POINT('',(9.56041479669688,-65.2598136048985,-1.));
#8457=CARTESIAN_POINT('',(10.8543601091969,-65.0205557923985,-1.));
#8458=CARTESIAN_POINT('',(9.24547339044687,-64.7959464173985,-1.));
#8459=CARTESIAN_POINT('Ctrl Pts',(9.56041479669687,-65.2598136048985,-1.));
#8460=CARTESIAN_POINT('Ctrl Pts',(9.52771435527792,-65.1656354779747,-1.));
#8461=CARTESIAN_POINT('Ctrl Pts',(9.46415207143995,-64.9825744373555,-1.));
#8462=CARTESIAN_POINT('Ctrl Pts',(9.31694693498187,-64.8569444352908,-1.));
#8463=CARTESIAN_POINT('Ctrl Pts',(9.24547339044687,-64.7959464173985,-1.));
#8464=CARTESIAN_POINT('',(8.58385229669687,-64.6348136048985,-1.));
#8465=CARTESIAN_POINT('Ctrl Pts',(9.24547339044687,-64.7959464173985,-1.));
#8466=CARTESIAN_POINT('Ctrl Pts',(9.15339857867022,-64.7490972074928,-1.));
#8467=CARTESIAN_POINT('Ctrl Pts',(8.94635253183446,-64.6437487031496,-1.));
#8468=CARTESIAN_POINT('Ctrl Pts',(8.71327733717215,-64.6380037420093,-1.));
#8469=CARTESIAN_POINT('Ctrl Pts',(8.58385229669687,-64.6348136048985,-1.));
#8470=CARTESIAN_POINT('',(7.80748510919687,-64.7861807923985,-1.));
#8471=CARTESIAN_POINT('Ctrl Pts',(8.58385229669687,-64.6348136048985,-1.));
#8472=CARTESIAN_POINT('Ctrl Pts',(8.42622001159759,-64.6355334577579,-1.));
#8473=CARTESIAN_POINT('Ctrl Pts',(8.15665824491992,-64.6367644543675,-1.));
#8474=CARTESIAN_POINT('Ctrl Pts',(7.90993246084974,-64.7423420586618,-1.));
#8475=CARTESIAN_POINT('Ctrl Pts',(7.80748510919687,-64.7861807923985,-1.));
#8476=CARTESIAN_POINT('',(7.65123510919687,-65.0645011048985,-1.));
#8477=CARTESIAN_POINT('Ctrl Pts',(7.80748510919687,-64.7861807923985,-1.));
#8478=CARTESIAN_POINT('Ctrl Pts',(7.76192509236781,-64.8236992236311,-1.));
#8479=CARTESIAN_POINT('Ctrl Pts',(7.67354347909343,-64.8964810114935,-1.));
#8480=CARTESIAN_POINT('Ctrl Pts',(7.65851602873462,-65.0096633562652,-1.));
#8481=CARTESIAN_POINT('Ctrl Pts',(7.65123510919687,-65.0645011048985,-1.));
#8482=CARTESIAN_POINT('',(7.78795385919687,-65.3135245423985,-1.));
#8483=CARTESIAN_POINT('Ctrl Pts',(7.65123510919687,-65.0645011048985,-1.));
#8484=CARTESIAN_POINT('Ctrl Pts',(7.65789516887919,-65.1121968821111,-1.));
#8485=CARTESIAN_POINT('Ctrl Pts',(7.67184608553613,-65.2121058685948,-1.));
#8486=CARTESIAN_POINT('Ctrl Pts',(7.74810195294436,-65.2787144056329,-1.));
#8487=CARTESIAN_POINT('Ctrl Pts',(7.78795385919687,-65.3135245423985,-1.));
#8488=CARTESIAN_POINT('',(9.06969214044687,-65.6992667298985,-1.));
#8489=CARTESIAN_POINT('Ctrl Pts',(7.78795385919687,-65.3135245423985,-1.));
#8490=CARTESIAN_POINT('Ctrl Pts',(7.92469922791865,-65.3715036050462,-1.));
#8491=CARTESIAN_POINT('Ctrl Pts',(8.33692670480267,-65.5462851199947,-1.));
#8492=CARTESIAN_POINT('Ctrl Pts',(8.77616159879227,-65.6379854894988,-1.));
#8493=CARTESIAN_POINT('Ctrl Pts',(9.06969214044687,-65.6992667298985,-1.));
#8494=CARTESIAN_POINT('',(10.6004538591969,-66.3096182923985,-1.));
#8495=CARTESIAN_POINT('Ctrl Pts',(9.06969214044687,-65.6992667298985,-1.));
#8496=CARTESIAN_POINT('Ctrl Pts',(9.38794241453411,-65.7726430935785,-1.));
#8497=CARTESIAN_POINT('Ctrl Pts',(9.9310993150415,-65.8978743392741,-1.));
#8498=CARTESIAN_POINT('Ctrl Pts',(10.4044514881336,-66.1890502141087,-1.));
#8499=CARTESIAN_POINT('Ctrl Pts',(10.6004538591969,-66.3096182923985,-1.));
#8500=CARTESIAN_POINT('',(11.0301413591969,-67.3301261048985,-1.));
#8501=CARTESIAN_POINT('Ctrl Pts',(10.6004538591969,-66.3096182923985,-1.));
#8502=CARTESIAN_POINT('Ctrl Pts',(10.7257177195706,-66.4479780599739,-1.));
#8503=CARTESIAN_POINT('Ctrl Pts',(10.9873291379527,-66.7369400553529,-1.));
#8504=CARTESIAN_POINT('Ctrl Pts',(11.0154731592922,-67.1268904095165,-1.));
#8505=CARTESIAN_POINT('Ctrl Pts',(11.0301413591969,-67.3301261048985,-1.));
#8506=CARTESIAN_POINT('',(10.4344382341969,-68.5557120423985,-1.));
#8507=CARTESIAN_POINT('Ctrl Pts',(11.0301413591969,-67.3301261048985,-1.));
#8508=CARTESIAN_POINT('Ctrl Pts',(11.0026522805971,-67.5616658024474,-1.));
#8509=CARTESIAN_POINT('Ctrl Pts',(10.9460892781384,-68.038094302377,-1.));
#8510=CARTESIAN_POINT('Ctrl Pts',(10.6081448831104,-68.3799796871106,-1.));
#8511=CARTESIAN_POINT('Ctrl Pts',(10.4344382341969,-68.5557120423985,-1.));
#8512=CARTESIAN_POINT('',(8.67174292169687,-69.0684073548985,-1.));
#8513=CARTESIAN_POINT('Ctrl Pts',(10.4344382341969,-68.5557120423985,-1.));
#8514=CARTESIAN_POINT('Ctrl Pts',(10.1947866441242,-68.7048063260756,-1.));
#8515=CARTESIAN_POINT('Ctrl Pts',(9.65805482895872,-69.0387229317802,-1.));
#8516=CARTESIAN_POINT('Ctrl Pts',(9.02315756825229,-69.0578310443201,-1.));
#8517=CARTESIAN_POINT('Ctrl Pts',(8.67174292169687,-69.0684073548985,-1.));
#8518=CARTESIAN_POINT('Ctrl Pts',(8.67174292169687,-69.0684073548985,-1.));
#8519=CARTESIAN_POINT('Ctrl Pts',(8.34850033090776,-69.0579723331589,-1.));
#8520=CARTESIAN_POINT('Ctrl Pts',(7.75578298506117,-69.0388380403227,-1.));
#8521=CARTESIAN_POINT('Ctrl Pts',(7.23243382655996,-68.7637752223719,-1.));
#8522=CARTESIAN_POINT('Ctrl Pts',(6.99449682794687,-68.6387198548985,-1.));
#8523=CARTESIAN_POINT('Origin',(7.56334448419687,-67.2617667298985,0.));
#8524=CARTESIAN_POINT('',(6.18639135919687,-67.4717276673985,0.01));
#8525=CARTESIAN_POINT('',(6.18639135919687,-67.4717276673985,0.));
#8526=CARTESIAN_POINT('',(7.56334448419687,-67.2617667298985,0.01));
#8527=CARTESIAN_POINT('',(6.18639135919687,-67.4717276673985,0.01));
#8528=CARTESIAN_POINT('',(7.56334448419687,-67.2617667298985,0.));
#8529=CARTESIAN_POINT('Ctrl Pts',(7.91978979669687,-67.8696768861485,-1.));
#8530=CARTESIAN_POINT('Ctrl Pts',(7.91978979669687,-67.8696768861485,0.01));
#8531=CARTESIAN_POINT('Ctrl Pts',(7.83715628005529,-67.7893245138245,-1.));
#8532=CARTESIAN_POINT('Ctrl Pts',(7.83715628005529,-67.7893245138245,0.01));
#8533=CARTESIAN_POINT('Ctrl Pts',(7.6629082059124,-67.6198866549591,-1.));
#8534=CARTESIAN_POINT('Ctrl Pts',(7.6629082059124,-67.6198866549591,0.01));
#8535=CARTESIAN_POINT('Ctrl Pts',(7.59765350405326,-67.385172558931,-1.));
#8536=CARTESIAN_POINT('Ctrl Pts',(7.59765350405326,-67.385172558931,0.01));
#8537=CARTESIAN_POINT('Ctrl Pts',(7.56334448419687,-67.2617667298985,-1.));
#8538=CARTESIAN_POINT('Ctrl Pts',(7.56334448419687,-67.2617667298985,0.01));
#8539=CARTESIAN_POINT('',(7.91978979669687,-67.8696768861485,0.01));
#8540=CARTESIAN_POINT('Ctrl Pts',(7.91978979669687,-67.8696768861485,0.01));
#8541=CARTESIAN_POINT('Ctrl Pts',(7.83715628005529,-67.7893245138245,0.01));
#8542=CARTESIAN_POINT('Ctrl Pts',(7.6629082059124,-67.6198866549591,0.01));
#8543=CARTESIAN_POINT('Ctrl Pts',(7.59765350405326,-67.385172558931,0.01));
#8544=CARTESIAN_POINT('Ctrl Pts',(7.56334448419687,-67.2617667298985,0.01));
#8545=CARTESIAN_POINT('',(7.91978979669687,-67.8696768861485,0.));
#8546=CARTESIAN_POINT('Ctrl Pts',(8.67174292169687,-68.0771964173985,-1.));
#8547=CARTESIAN_POINT('Ctrl Pts',(8.67174292169687,-68.0771964173985,0.01));
#8548=CARTESIAN_POINT('Ctrl Pts',(8.52486898857664,-68.0723418944462,-1.));
#8549=CARTESIAN_POINT('Ctrl Pts',(8.52486898857664,-68.0723418944462,0.01));
#8550=CARTESIAN_POINT('Ctrl Pts',(8.25654771609368,-68.0634732562327,-1.));
#8551=CARTESIAN_POINT('Ctrl Pts',(8.25654771609368,-68.0634732562327,0.01));
#8552=CARTESIAN_POINT('Ctrl Pts',(8.02471962448983,-67.9300615677508,-1.));
#8553=CARTESIAN_POINT('Ctrl Pts',(8.02471962448983,-67.9300615677508,0.01));
#8554=CARTESIAN_POINT('Ctrl Pts',(7.91978979669687,-67.8696768861485,-1.));
#8555=CARTESIAN_POINT('Ctrl Pts',(7.91978979669687,-67.8696768861485,0.01));
#8556=CARTESIAN_POINT('',(8.67174292169687,-68.0771964173985,0.01));
#8557=CARTESIAN_POINT('Ctrl Pts',(8.67174292169687,-68.0771964173985,0.01));
#8558=CARTESIAN_POINT('Ctrl Pts',(8.52486898857664,-68.0723418944462,0.01));
#8559=CARTESIAN_POINT('Ctrl Pts',(8.25654771609368,-68.0634732562327,0.01));
#8560=CARTESIAN_POINT('Ctrl Pts',(8.02471962448983,-67.9300615677508,0.01));
#8561=CARTESIAN_POINT('Ctrl Pts',(7.91978979669687,-67.8696768861485,0.01));
#8562=CARTESIAN_POINT('',(8.67174292169687,-68.0771964173985,0.));
#8563=CARTESIAN_POINT('Ctrl Pts',(9.47252417169687,-67.8818839173985,-1.));
#8564=CARTESIAN_POINT('Ctrl Pts',(9.47252417169687,-67.8818839173985,0.01));
#8565=CARTESIAN_POINT('Ctrl Pts',(9.36312644491428,-67.9386261953166,-1.));
#8566=CARTESIAN_POINT('Ctrl Pts',(9.36312644491428,-67.9386261953166,0.01));
#8567=CARTESIAN_POINT('Ctrl Pts',(9.11325782070355,-68.0682277449554,-1.));
#8568=CARTESIAN_POINT('Ctrl Pts',(9.11325782070355,-68.0682277449554,0.01));
#8569=CARTESIAN_POINT('Ctrl Pts',(8.8306302253216,-68.0739688747158,-1.));
#8570=CARTESIAN_POINT('Ctrl Pts',(8.8306302253216,-68.0739688747158,0.01));
#8571=CARTESIAN_POINT('Ctrl Pts',(8.67174292169687,-68.0771964173985,-1.));
#8572=CARTESIAN_POINT('Ctrl Pts',(8.67174292169687,-68.0771964173985,0.01));
#8573=CARTESIAN_POINT('',(9.47252417169687,-67.8818839173985,0.01));
#8574=CARTESIAN_POINT('Ctrl Pts',(9.47252417169687,-67.8818839173985,0.01));
#8575=CARTESIAN_POINT('Ctrl Pts',(9.36312644491428,-67.9386261953166,0.01));
#8576=CARTESIAN_POINT('Ctrl Pts',(9.11325782070355,-68.0682277449554,0.01));
#8577=CARTESIAN_POINT('Ctrl Pts',(8.8306302253216,-68.0739688747158,0.01));
#8578=CARTESIAN_POINT('Ctrl Pts',(8.67174292169687,-68.0771964173985,0.01));
#8579=CARTESIAN_POINT('',(9.47252417169687,-67.8818839173985,0.));
#8580=CARTESIAN_POINT('Ctrl Pts',(9.65318823419687,-67.5156729798985,-1.));
#8581=CARTESIAN_POINT('Ctrl Pts',(9.65318823419687,-67.5156729798985,0.01));
#8582=CARTESIAN_POINT('Ctrl Pts',(9.64577473677093,-67.5882181426312,-1.));
#8583=CARTESIAN_POINT('Ctrl Pts',(9.64577473677093,-67.5882181426312,0.01));
#8584=CARTESIAN_POINT('Ctrl Pts',(9.63100343468654,-67.7327634836379,-1.));
#8585=CARTESIAN_POINT('Ctrl Pts',(9.63100343468654,-67.7327634836379,0.01));
#8586=CARTESIAN_POINT('Ctrl Pts',(9.52521764337846,-67.8323022042754,-1.));
#8587=CARTESIAN_POINT('Ctrl Pts',(9.52521764337846,-67.8323022042754,0.01));
#8588=CARTESIAN_POINT('Ctrl Pts',(9.47252417169687,-67.8818839173985,-1.));
#8589=CARTESIAN_POINT('Ctrl Pts',(9.47252417169687,-67.8818839173985,0.01));
#8590=CARTESIAN_POINT('',(9.65318823419687,-67.5156729798985,0.01));
#8591=CARTESIAN_POINT('Ctrl Pts',(9.65318823419687,-67.5156729798985,0.01));
#8592=CARTESIAN_POINT('Ctrl Pts',(9.64577473677093,-67.5882181426312,0.01));
#8593=CARTESIAN_POINT('Ctrl Pts',(9.63100343468654,-67.7327634836379,0.01));
#8594=CARTESIAN_POINT('Ctrl Pts',(9.52521764337846,-67.8323022042754,0.01));
#8595=CARTESIAN_POINT('Ctrl Pts',(9.47252417169687,-67.8818839173985,0.01));
#8596=CARTESIAN_POINT('',(9.65318823419687,-67.5156729798985,0.));
#8597=CARTESIAN_POINT('Ctrl Pts',(9.55553198419687,-67.2568839173985,-1.));
#8598=CARTESIAN_POINT('Ctrl Pts',(9.55553198419687,-67.2568839173985,0.01));
#8599=CARTESIAN_POINT('Ctrl Pts',(9.58400910094235,-67.2939808307613,-1.));
#8600=CARTESIAN_POINT('Ctrl Pts',(9.58400910094235,-67.2939808307613,0.01));
#8601=CARTESIAN_POINT('Ctrl Pts',(9.64256916664765,-67.3702665623333,-1.));
#8602=CARTESIAN_POINT('Ctrl Pts',(9.64256916664765,-67.3702665623333,0.01));
#8603=CARTESIAN_POINT('Ctrl Pts',(9.64958442098845,-67.466326126629,-1.));
#8604=CARTESIAN_POINT('Ctrl Pts',(9.64958442098845,-67.466326126629,0.01));
#8605=CARTESIAN_POINT('Ctrl Pts',(9.65318823419687,-67.5156729798985,-1.));
#8606=CARTESIAN_POINT('Ctrl Pts',(9.65318823419687,-67.5156729798985,0.01));
#8607=CARTESIAN_POINT('',(9.55553198419687,-67.2568839173985,0.01));
#8608=CARTESIAN_POINT('Ctrl Pts',(9.55553198419687,-67.2568839173985,0.01));
#8609=CARTESIAN_POINT('Ctrl Pts',(9.58400910094235,-67.2939808307613,0.01));
#8610=CARTESIAN_POINT('Ctrl Pts',(9.64256916664765,-67.3702665623333,0.01));
#8611=CARTESIAN_POINT('Ctrl Pts',(9.64958442098845,-67.466326126629,0.01));
#8612=CARTESIAN_POINT('Ctrl Pts',(9.65318823419687,-67.5156729798985,0.01));
#8613=CARTESIAN_POINT('',(9.55553198419687,-67.2568839173985,0.));
#8614=CARTESIAN_POINT('Ctrl Pts',(9.09654760919687,-67.0762198548985,-1.));
#8615=CARTESIAN_POINT('Ctrl Pts',(9.09654760919687,-67.0762198548985,0.01));
#8616=CARTESIAN_POINT('Ctrl Pts',(9.19698470544961,-67.0985581668903,-1.));
#8617=CARTESIAN_POINT('Ctrl Pts',(9.19698470544961,-67.0985581668903,0.01));
#8618=CARTESIAN_POINT('Ctrl Pts',(9.36013834207655,-67.1348453254557,-1.));
#8619=CARTESIAN_POINT('Ctrl Pts',(9.36013834207655,-67.1348453254557,0.01));
#8620=CARTESIAN_POINT('Ctrl Pts',(9.50127775104576,-67.2229979109305,-1.));
#8621=CARTESIAN_POINT('Ctrl Pts',(9.50127775104576,-67.2229979109305,0.01));
#8622=CARTESIAN_POINT('Ctrl Pts',(9.55553198419687,-67.2568839173985,-1.));
#8623=CARTESIAN_POINT('Ctrl Pts',(9.55553198419687,-67.2568839173985,0.01));
#8624=CARTESIAN_POINT('',(9.09654760919687,-67.0762198548985,0.01));
#8625=CARTESIAN_POINT('Ctrl Pts',(9.09654760919687,-67.0762198548985,0.01));
#8626=CARTESIAN_POINT('Ctrl Pts',(9.19698470544961,-67.0985581668903,0.01));
#8627=CARTESIAN_POINT('Ctrl Pts',(9.36013834207655,-67.1348453254557,0.01));
#8628=CARTESIAN_POINT('Ctrl Pts',(9.50127775104576,-67.2229979109305,0.01));
#8629=CARTESIAN_POINT('Ctrl Pts',(9.55553198419687,-67.2568839173985,0.01));
#8630=CARTESIAN_POINT('',(9.09654760919687,-67.0762198548985,0.));
#8631=CARTESIAN_POINT('Ctrl Pts',(6.99205542169687,-66.4072745423985,-1.));
#8632=CARTESIAN_POINT('Ctrl Pts',(6.99205542169687,-66.4072745423985,0.01));
#8633=CARTESIAN_POINT('Ctrl Pts',(7.23908865201408,-66.5205277790786,-1.));
#8634=CARTESIAN_POINT('Ctrl Pts',(7.23908865201408,-66.5205277790786,0.01));
#8635=CARTESIAN_POINT('Ctrl Pts',(7.91158259711816,-66.828834948252,-1.));
#8636=CARTESIAN_POINT('Ctrl Pts',(7.91158259711816,-66.828834948252,0.01));
#8637=CARTESIAN_POINT('Ctrl Pts',(8.63737012268162,-66.9803574636229,-1.));
#8638=CARTESIAN_POINT('Ctrl Pts',(8.63737012268162,-66.9803574636229,0.01));
#8639=CARTESIAN_POINT('Ctrl Pts',(9.09654760919687,-67.0762198548985,-1.));
#8640=CARTESIAN_POINT('Ctrl Pts',(9.09654760919687,-67.0762198548985,0.01));
#8641=CARTESIAN_POINT('',(6.99205542169687,-66.4072745423985,0.01));
#8642=CARTESIAN_POINT('Ctrl Pts',(6.99205542169687,-66.4072745423985,0.01));
#8643=CARTESIAN_POINT('Ctrl Pts',(7.23908865201408,-66.5205277790786,0.01));
#8644=CARTESIAN_POINT('Ctrl Pts',(7.91158259711816,-66.828834948252,0.01));
#8645=CARTESIAN_POINT('Ctrl Pts',(8.63737012268162,-66.9803574636229,0.01));
#8646=CARTESIAN_POINT('Ctrl Pts',(9.09654760919687,-67.0762198548985,0.01));
#8647=CARTESIAN_POINT('',(6.99205542169687,-66.4072745423985,0.));
#8648=CARTESIAN_POINT('Ctrl Pts',(6.37682104669687,-65.2402823548985,-1.));
#8649=CARTESIAN_POINT('Ctrl Pts',(6.37682104669687,-65.2402823548985,0.01));
#8650=CARTESIAN_POINT('Ctrl Pts',(6.40236574523073,-65.4756130851907,-1.));
#8651=CARTESIAN_POINT('Ctrl Pts',(6.40236574523073,-65.4756130851907,0.01));
#8652=CARTESIAN_POINT('Ctrl Pts',(6.45341036527805,-65.9458620371328,-1.));
#8653=CARTESIAN_POINT('Ctrl Pts',(6.45341036527805,-65.9458620371328,0.01));
#8654=CARTESIAN_POINT('Ctrl Pts',(6.81261210173936,-66.2535603463279,-1.));
#8655=CARTESIAN_POINT('Ctrl Pts',(6.81261210173936,-66.2535603463279,0.01));
#8656=CARTESIAN_POINT('Ctrl Pts',(6.99205542169687,-66.4072745423985,-1.));
#8657=CARTESIAN_POINT('Ctrl Pts',(6.99205542169687,-66.4072745423985,0.01));
#8658=CARTESIAN_POINT('',(6.37682104669687,-65.2402823548985,0.01));
#8659=CARTESIAN_POINT('Ctrl Pts',(6.37682104669687,-65.2402823548985,0.01));
#8660=CARTESIAN_POINT('Ctrl Pts',(6.40236574523073,-65.4756130851907,0.01));
#8661=CARTESIAN_POINT('Ctrl Pts',(6.45341036527805,-65.9458620371328,0.01));
#8662=CARTESIAN_POINT('Ctrl Pts',(6.81261210173936,-66.2535603463279,0.01));
#8663=CARTESIAN_POINT('Ctrl Pts',(6.99205542169687,-66.4072745423985,0.01));
#8664=CARTESIAN_POINT('',(6.37682104669687,-65.2402823548985,0.));
#8665=CARTESIAN_POINT('Ctrl Pts',(6.90904760919687,-64.1074698548985,-1.));
#8666=CARTESIAN_POINT('Ctrl Pts',(6.90904760919687,-64.1074698548985,0.01));
#8667=CARTESIAN_POINT('Ctrl Pts',(6.75382143171154,-64.2680272954632,-1.));
#8668=CARTESIAN_POINT('Ctrl Pts',(6.75382143171154,-64.2680272954632,0.01));
#8669=CARTESIAN_POINT('Ctrl Pts',(6.44707974408612,-64.585304065899,-1.));
#8670=CARTESIAN_POINT('Ctrl Pts',(6.44707974408612,-64.585304065899,0.01));
#8671=CARTESIAN_POINT('Ctrl Pts',(6.40005097615268,-65.023724120631,-1.));
#8672=CARTESIAN_POINT('Ctrl Pts',(6.40005097615268,-65.023724120631,0.01));
#8673=CARTESIAN_POINT('Ctrl Pts',(6.37682104669687,-65.2402823548985,-1.));
#8674=CARTESIAN_POINT('Ctrl Pts',(6.37682104669687,-65.2402823548985,0.01));
#8675=CARTESIAN_POINT('',(6.90904760919687,-64.1074698548985,0.01));
#8676=CARTESIAN_POINT('Ctrl Pts',(6.90904760919687,-64.1074698548985,0.01));
#8677=CARTESIAN_POINT('Ctrl Pts',(6.75382143171154,-64.2680272954632,0.01));
#8678=CARTESIAN_POINT('Ctrl Pts',(6.44707974408612,-64.585304065899,0.01));
#8679=CARTESIAN_POINT('Ctrl Pts',(6.40005097615268,-65.023724120631,0.01));
#8680=CARTESIAN_POINT('Ctrl Pts',(6.37682104669687,-65.2402823548985,0.01));
#8681=CARTESIAN_POINT('',(6.90904760919687,-64.1074698548985,0.));
#8682=CARTESIAN_POINT('Ctrl Pts',(8.55943823419687,-63.6484854798985,-1.));
#8683=CARTESIAN_POINT('Ctrl Pts',(8.55943823419687,-63.6484854798985,0.01));
#8684=CARTESIAN_POINT('Ctrl Pts',(8.2262573219217,-63.6559997618138,-1.));
#8685=CARTESIAN_POINT('Ctrl Pts',(8.2262573219217,-63.6559997618138,0.01));
#8686=CARTESIAN_POINT('Ctrl Pts',(7.63393030004405,-63.6693586070072,-1.));
#8687=CARTESIAN_POINT('Ctrl Pts',(7.63393030004405,-63.6693586070072,0.01));
#8688=CARTESIAN_POINT('Ctrl Pts',(7.12966587923515,-63.9741305617763,-1.));
#8689=CARTESIAN_POINT('Ctrl Pts',(7.12966587923515,-63.9741305617763,0.01));
#8690=CARTESIAN_POINT('Ctrl Pts',(6.90904760919687,-64.1074698548985,-1.));
#8691=CARTESIAN_POINT('Ctrl Pts',(6.90904760919687,-64.1074698548985,0.01));
#8692=CARTESIAN_POINT('',(8.55943823419687,-63.6484854798985,0.01));
#8693=CARTESIAN_POINT('Ctrl Pts',(8.55943823419687,-63.6484854798985,0.01));
#8694=CARTESIAN_POINT('Ctrl Pts',(8.2262573219217,-63.6559997618138,0.01));
#8695=CARTESIAN_POINT('Ctrl Pts',(7.63393030004405,-63.6693586070072,0.01));
#8696=CARTESIAN_POINT('Ctrl Pts',(7.12966587923515,-63.9741305617763,0.01));
#8697=CARTESIAN_POINT('Ctrl Pts',(6.90904760919687,-64.1074698548985,0.01));
#8698=CARTESIAN_POINT('',(8.55943823419687,-63.6484854798985,0.));
#8699=CARTESIAN_POINT('Ctrl Pts',(10.1414694841969,-63.9951651673985,-1.));
#8700=CARTESIAN_POINT('Ctrl Pts',(10.1414694841969,-63.9951651673985,0.01));
#8701=CARTESIAN_POINT('Ctrl Pts',(9.92672170328196,-63.8945416421576,-1.));
#8702=CARTESIAN_POINT('Ctrl Pts',(9.92672170328196,-63.8945416421576,0.01));
#8703=CARTESIAN_POINT('Ctrl Pts',(9.42777289040142,-63.6607511542984,-1.));
#8704=CARTESIAN_POINT('Ctrl Pts',(9.42777289040142,-63.6607511542984,0.01));
#8705=CARTESIAN_POINT('Ctrl Pts',(8.87455239403345,-63.6529366297584,-1.));
#8706=CARTESIAN_POINT('Ctrl Pts',(8.87455239403345,-63.6529366297584,0.01));
#8707=CARTESIAN_POINT('Ctrl Pts',(8.55943823419687,-63.6484854798985,-1.));
#8708=CARTESIAN_POINT('Ctrl Pts',(8.55943823419687,-63.6484854798985,0.01));
#8709=CARTESIAN_POINT('',(10.1414694841969,-63.9951651673985,0.01));
#8710=CARTESIAN_POINT('Ctrl Pts',(10.1414694841969,-63.9951651673985,0.01));
#8711=CARTESIAN_POINT('Ctrl Pts',(9.92672170328196,-63.8945416421576,0.01));
#8712=CARTESIAN_POINT('Ctrl Pts',(9.42777289040142,-63.6607511542984,0.01));
#8713=CARTESIAN_POINT('Ctrl Pts',(8.87455239403345,-63.6529366297584,0.01));
#8714=CARTESIAN_POINT('Ctrl Pts',(8.55943823419687,-63.6484854798985,0.01));
#8715=CARTESIAN_POINT('',(10.1414694841969,-63.9951651673985,0.));
#8716=CARTESIAN_POINT('Ctrl Pts',(10.8543601091969,-65.0205557923985,-1.));
#8717=CARTESIAN_POINT('Ctrl Pts',(10.8543601091969,-65.0205557923985,0.01));
#8718=CARTESIAN_POINT('Ctrl Pts',(10.7789701752086,-64.8103137908678,-1.));
#8719=CARTESIAN_POINT('Ctrl Pts',(10.7789701752086,-64.8103137908678,0.01));
#8720=CARTESIAN_POINT('Ctrl Pts',(10.6331988155305,-64.4037971539213,-1.));
#8721=CARTESIAN_POINT('Ctrl Pts',(10.6331988155305,-64.4037971539213,0.01));
#8722=CARTESIAN_POINT('Ctrl Pts',(10.3015812835143,-64.1282196720858,-1.));
#8723=CARTESIAN_POINT('Ctrl Pts',(10.3015812835143,-64.1282196720858,0.01));
#8724=CARTESIAN_POINT('Ctrl Pts',(10.1414694841969,-63.9951651673985,-1.));
#8725=CARTESIAN_POINT('Ctrl Pts',(10.1414694841969,-63.9951651673985,0.01));
#8726=CARTESIAN_POINT('',(10.8543601091969,-65.0205557923985,0.01));
#8727=CARTESIAN_POINT('Ctrl Pts',(10.8543601091969,-65.0205557923985,0.01));
#8728=CARTESIAN_POINT('Ctrl Pts',(10.7789701752086,-64.8103137908678,0.01));
#8729=CARTESIAN_POINT('Ctrl Pts',(10.6331988155305,-64.4037971539213,0.01));
#8730=CARTESIAN_POINT('Ctrl Pts',(10.3015812835143,-64.1282196720858,0.01));
#8731=CARTESIAN_POINT('Ctrl Pts',(10.1414694841969,-63.9951651673985,0.01));
#8732=CARTESIAN_POINT('',(10.8543601091969,-65.0205557923985,0.));
#8733=CARTESIAN_POINT('Origin',(9.56041479669688,-65.2598136048985,0.));
#8734=CARTESIAN_POINT('',(9.56041479669688,-65.2598136048985,0.01));
#8735=CARTESIAN_POINT('',(10.8543601091969,-65.0205557923985,0.01));
#8736=CARTESIAN_POINT('',(9.56041479669688,-65.2598136048985,0.));
#8737=CARTESIAN_POINT('Ctrl Pts',(9.24547339044687,-64.7959464173985,-1.));
#8738=CARTESIAN_POINT('Ctrl Pts',(9.24547339044687,-64.7959464173985,0.01));
#8739=CARTESIAN_POINT('Ctrl Pts',(9.31694693498187,-64.8569444352908,-1.));
#8740=CARTESIAN_POINT('Ctrl Pts',(9.31694693498187,-64.8569444352908,0.01));
#8741=CARTESIAN_POINT('Ctrl Pts',(9.46415207143995,-64.9825744373555,-1.));
#8742=CARTESIAN_POINT('Ctrl Pts',(9.46415207143995,-64.9825744373555,0.01));
#8743=CARTESIAN_POINT('Ctrl Pts',(9.52771435527792,-65.1656354779747,-1.));
#8744=CARTESIAN_POINT('Ctrl Pts',(9.52771435527792,-65.1656354779747,0.01));
#8745=CARTESIAN_POINT('Ctrl Pts',(9.56041479669687,-65.2598136048985,-1.));
#8746=CARTESIAN_POINT('Ctrl Pts',(9.56041479669687,-65.2598136048985,0.01));
#8747=CARTESIAN_POINT('',(9.24547339044687,-64.7959464173985,0.01));
#8748=CARTESIAN_POINT('Ctrl Pts',(9.24547339044687,-64.7959464173985,0.01));
#8749=CARTESIAN_POINT('Ctrl Pts',(9.31694693498187,-64.8569444352908,0.01));
#8750=CARTESIAN_POINT('Ctrl Pts',(9.46415207143995,-64.9825744373555,0.01));
#8751=CARTESIAN_POINT('Ctrl Pts',(9.52771435527792,-65.1656354779747,0.01));
#8752=CARTESIAN_POINT('Ctrl Pts',(9.56041479669687,-65.2598136048985,0.01));
#8753=CARTESIAN_POINT('',(9.24547339044687,-64.7959464173985,0.));
#8754=CARTESIAN_POINT('Ctrl Pts',(8.58385229669687,-64.6348136048985,-1.));
#8755=CARTESIAN_POINT('Ctrl Pts',(8.58385229669687,-64.6348136048985,0.01));
#8756=CARTESIAN_POINT('Ctrl Pts',(8.71327733717215,-64.6380037420093,-1.));
#8757=CARTESIAN_POINT('Ctrl Pts',(8.71327733717215,-64.6380037420093,0.01));
#8758=CARTESIAN_POINT('Ctrl Pts',(8.94635253183446,-64.6437487031496,-1.));
#8759=CARTESIAN_POINT('Ctrl Pts',(8.94635253183446,-64.6437487031496,0.01));
#8760=CARTESIAN_POINT('Ctrl Pts',(9.15339857867022,-64.7490972074928,-1.));
#8761=CARTESIAN_POINT('Ctrl Pts',(9.15339857867022,-64.7490972074928,0.01));
#8762=CARTESIAN_POINT('Ctrl Pts',(9.24547339044687,-64.7959464173985,-1.));
#8763=CARTESIAN_POINT('Ctrl Pts',(9.24547339044687,-64.7959464173985,0.01));
#8764=CARTESIAN_POINT('',(8.58385229669687,-64.6348136048985,0.01));
#8765=CARTESIAN_POINT('Ctrl Pts',(8.58385229669687,-64.6348136048985,0.01));
#8766=CARTESIAN_POINT('Ctrl Pts',(8.71327733717215,-64.6380037420093,0.01));
#8767=CARTESIAN_POINT('Ctrl Pts',(8.94635253183446,-64.6437487031496,0.01));
#8768=CARTESIAN_POINT('Ctrl Pts',(9.15339857867022,-64.7490972074928,0.01));
#8769=CARTESIAN_POINT('Ctrl Pts',(9.24547339044687,-64.7959464173985,0.01));
#8770=CARTESIAN_POINT('',(8.58385229669687,-64.6348136048985,0.));
#8771=CARTESIAN_POINT('Ctrl Pts',(7.80748510919687,-64.7861807923985,-1.));
#8772=CARTESIAN_POINT('Ctrl Pts',(7.80748510919687,-64.7861807923985,0.01));
#8773=CARTESIAN_POINT('Ctrl Pts',(7.90993246084974,-64.7423420586618,-1.));
#8774=CARTESIAN_POINT('Ctrl Pts',(7.90993246084974,-64.7423420586618,0.01));
#8775=CARTESIAN_POINT('Ctrl Pts',(8.15665824491992,-64.6367644543675,-1.));
#8776=CARTESIAN_POINT('Ctrl Pts',(8.15665824491992,-64.6367644543675,0.01));
#8777=CARTESIAN_POINT('Ctrl Pts',(8.42622001159759,-64.6355334577579,-1.));
#8778=CARTESIAN_POINT('Ctrl Pts',(8.42622001159759,-64.6355334577579,0.01));
#8779=CARTESIAN_POINT('Ctrl Pts',(8.58385229669687,-64.6348136048985,-1.));
#8780=CARTESIAN_POINT('Ctrl Pts',(8.58385229669687,-64.6348136048985,0.01));
#8781=CARTESIAN_POINT('',(7.80748510919687,-64.7861807923985,0.01));
#8782=CARTESIAN_POINT('Ctrl Pts',(7.80748510919687,-64.7861807923985,0.01));
#8783=CARTESIAN_POINT('Ctrl Pts',(7.90993246084974,-64.7423420586618,0.01));
#8784=CARTESIAN_POINT('Ctrl Pts',(8.15665824491992,-64.6367644543675,0.01));
#8785=CARTESIAN_POINT('Ctrl Pts',(8.42622001159759,-64.6355334577579,0.01));
#8786=CARTESIAN_POINT('Ctrl Pts',(8.58385229669687,-64.6348136048985,0.01));
#8787=CARTESIAN_POINT('',(7.80748510919687,-64.7861807923985,0.));
#8788=CARTESIAN_POINT('Ctrl Pts',(7.65123510919687,-65.0645011048985,-1.));
#8789=CARTESIAN_POINT('Ctrl Pts',(7.65123510919687,-65.0645011048985,0.01));
#8790=CARTESIAN_POINT('Ctrl Pts',(7.65851602873462,-65.0096633562652,-1.));
#8791=CARTESIAN_POINT('Ctrl Pts',(7.65851602873462,-65.0096633562652,0.01));
#8792=CARTESIAN_POINT('Ctrl Pts',(7.67354347909343,-64.8964810114935,-1.));
#8793=CARTESIAN_POINT('Ctrl Pts',(7.67354347909343,-64.8964810114935,0.01));
#8794=CARTESIAN_POINT('Ctrl Pts',(7.76192509236781,-64.8236992236311,-1.));
#8795=CARTESIAN_POINT('Ctrl Pts',(7.76192509236781,-64.8236992236311,0.01));
#8796=CARTESIAN_POINT('Ctrl Pts',(7.80748510919687,-64.7861807923985,-1.));
#8797=CARTESIAN_POINT('Ctrl Pts',(7.80748510919687,-64.7861807923985,0.01));
#8798=CARTESIAN_POINT('',(7.65123510919687,-65.0645011048985,0.01));
#8799=CARTESIAN_POINT('Ctrl Pts',(7.65123510919687,-65.0645011048985,0.01));
#8800=CARTESIAN_POINT('Ctrl Pts',(7.65851602873462,-65.0096633562652,0.01));
#8801=CARTESIAN_POINT('Ctrl Pts',(7.67354347909343,-64.8964810114935,0.01));
#8802=CARTESIAN_POINT('Ctrl Pts',(7.76192509236781,-64.8236992236311,0.01));
#8803=CARTESIAN_POINT('Ctrl Pts',(7.80748510919687,-64.7861807923985,0.01));
#8804=CARTESIAN_POINT('',(7.65123510919687,-65.0645011048985,0.));
#8805=CARTESIAN_POINT('Ctrl Pts',(7.78795385919687,-65.3135245423985,-1.));
#8806=CARTESIAN_POINT('Ctrl Pts',(7.78795385919687,-65.3135245423985,0.01));
#8807=CARTESIAN_POINT('Ctrl Pts',(7.74810195294436,-65.2787144056329,-1.));
#8808=CARTESIAN_POINT('Ctrl Pts',(7.74810195294436,-65.2787144056329,0.01));
#8809=CARTESIAN_POINT('Ctrl Pts',(7.67184608553613,-65.2121058685948,-1.));
#8810=CARTESIAN_POINT('Ctrl Pts',(7.67184608553613,-65.2121058685948,0.01));
#8811=CARTESIAN_POINT('Ctrl Pts',(7.65789516887919,-65.1121968821111,-1.));
#8812=CARTESIAN_POINT('Ctrl Pts',(7.65789516887919,-65.1121968821111,0.01));
#8813=CARTESIAN_POINT('Ctrl Pts',(7.65123510919687,-65.0645011048985,-1.));
#8814=CARTESIAN_POINT('Ctrl Pts',(7.65123510919687,-65.0645011048985,0.01));
#8815=CARTESIAN_POINT('',(7.78795385919687,-65.3135245423985,0.01));
#8816=CARTESIAN_POINT('Ctrl Pts',(7.78795385919687,-65.3135245423985,0.01));
#8817=CARTESIAN_POINT('Ctrl Pts',(7.74810195294436,-65.2787144056329,0.01));
#8818=CARTESIAN_POINT('Ctrl Pts',(7.67184608553613,-65.2121058685948,0.01));
#8819=CARTESIAN_POINT('Ctrl Pts',(7.65789516887919,-65.1121968821111,0.01));
#8820=CARTESIAN_POINT('Ctrl Pts',(7.65123510919687,-65.0645011048985,0.01));
#8821=CARTESIAN_POINT('',(7.78795385919687,-65.3135245423985,0.));
#8822=CARTESIAN_POINT('Ctrl Pts',(9.06969214044687,-65.6992667298985,-1.));
#8823=CARTESIAN_POINT('Ctrl Pts',(9.06969214044687,-65.6992667298985,0.01));
#8824=CARTESIAN_POINT('Ctrl Pts',(8.77616159879227,-65.6379854894988,-1.));
#8825=CARTESIAN_POINT('Ctrl Pts',(8.77616159879227,-65.6379854894988,0.01));
#8826=CARTESIAN_POINT('Ctrl Pts',(8.33692670480267,-65.5462851199947,-1.));
#8827=CARTESIAN_POINT('Ctrl Pts',(8.33692670480267,-65.5462851199947,0.01));
#8828=CARTESIAN_POINT('Ctrl Pts',(7.92469922791865,-65.3715036050462,-1.));
#8829=CARTESIAN_POINT('Ctrl Pts',(7.92469922791865,-65.3715036050462,0.01));
#8830=CARTESIAN_POINT('Ctrl Pts',(7.78795385919687,-65.3135245423985,-1.));
#8831=CARTESIAN_POINT('Ctrl Pts',(7.78795385919687,-65.3135245423985,0.01));
#8832=CARTESIAN_POINT('',(9.06969214044687,-65.6992667298985,0.01));
#8833=CARTESIAN_POINT('Ctrl Pts',(9.06969214044687,-65.6992667298985,0.01));
#8834=CARTESIAN_POINT('Ctrl Pts',(8.77616159879227,-65.6379854894988,0.01));
#8835=CARTESIAN_POINT('Ctrl Pts',(8.33692670480267,-65.5462851199947,0.01));
#8836=CARTESIAN_POINT('Ctrl Pts',(7.92469922791865,-65.3715036050462,0.01));
#8837=CARTESIAN_POINT('Ctrl Pts',(7.78795385919687,-65.3135245423985,0.01));
#8838=CARTESIAN_POINT('',(9.06969214044687,-65.6992667298985,0.));
#8839=CARTESIAN_POINT('Ctrl Pts',(10.6004538591969,-66.3096182923985,-1.));
#8840=CARTESIAN_POINT('Ctrl Pts',(10.6004538591969,-66.3096182923985,0.01));
#8841=CARTESIAN_POINT('Ctrl Pts',(10.4044514881336,-66.1890502141087,-1.));
#8842=CARTESIAN_POINT('Ctrl Pts',(10.4044514881336,-66.1890502141087,0.01));
#8843=CARTESIAN_POINT('Ctrl Pts',(9.9310993150415,-65.8978743392741,-1.));
#8844=CARTESIAN_POINT('Ctrl Pts',(9.9310993150415,-65.8978743392741,0.01));
#8845=CARTESIAN_POINT('Ctrl Pts',(9.38794241453411,-65.7726430935785,-1.));
#8846=CARTESIAN_POINT('Ctrl Pts',(9.38794241453411,-65.7726430935785,0.01));
#8847=CARTESIAN_POINT('Ctrl Pts',(9.06969214044687,-65.6992667298985,-1.));
#8848=CARTESIAN_POINT('Ctrl Pts',(9.06969214044687,-65.6992667298985,0.01));
#8849=CARTESIAN_POINT('',(10.6004538591969,-66.3096182923985,0.01));
#8850=CARTESIAN_POINT('Ctrl Pts',(10.6004538591969,-66.3096182923985,0.01));
#8851=CARTESIAN_POINT('Ctrl Pts',(10.4044514881336,-66.1890502141087,0.01));
#8852=CARTESIAN_POINT('Ctrl Pts',(9.9310993150415,-65.8978743392741,0.01));
#8853=CARTESIAN_POINT('Ctrl Pts',(9.38794241453411,-65.7726430935785,0.01));
#8854=CARTESIAN_POINT('Ctrl Pts',(9.06969214044687,-65.6992667298985,0.01));
#8855=CARTESIAN_POINT('',(10.6004538591969,-66.3096182923985,0.));
#8856=CARTESIAN_POINT('Ctrl Pts',(11.0301413591969,-67.3301261048985,-1.));
#8857=CARTESIAN_POINT('Ctrl Pts',(11.0301413591969,-67.3301261048985,0.01));
#8858=CARTESIAN_POINT('Ctrl Pts',(11.0154731592922,-67.1268904095165,-1.));
#8859=CARTESIAN_POINT('Ctrl Pts',(11.0154731592922,-67.1268904095165,0.01));
#8860=CARTESIAN_POINT('Ctrl Pts',(10.9873291379527,-66.7369400553529,-1.));
#8861=CARTESIAN_POINT('Ctrl Pts',(10.9873291379527,-66.7369400553529,0.01));
#8862=CARTESIAN_POINT('Ctrl Pts',(10.7257177195706,-66.4479780599739,-1.));
#8863=CARTESIAN_POINT('Ctrl Pts',(10.7257177195706,-66.4479780599739,0.01));
#8864=CARTESIAN_POINT('Ctrl Pts',(10.6004538591969,-66.3096182923985,-1.));
#8865=CARTESIAN_POINT('Ctrl Pts',(10.6004538591969,-66.3096182923985,0.01));
#8866=CARTESIAN_POINT('',(11.0301413591969,-67.3301261048985,0.01));
#8867=CARTESIAN_POINT('Ctrl Pts',(11.0301413591969,-67.3301261048985,0.01));
#8868=CARTESIAN_POINT('Ctrl Pts',(11.0154731592922,-67.1268904095165,0.01));
#8869=CARTESIAN_POINT('Ctrl Pts',(10.9873291379527,-66.7369400553529,0.01));
#8870=CARTESIAN_POINT('Ctrl Pts',(10.7257177195706,-66.4479780599739,0.01));
#8871=CARTESIAN_POINT('Ctrl Pts',(10.6004538591969,-66.3096182923985,0.01));
#8872=CARTESIAN_POINT('',(11.0301413591969,-67.3301261048985,0.));
#8873=CARTESIAN_POINT('Ctrl Pts',(10.4344382341969,-68.5557120423985,-1.));
#8874=CARTESIAN_POINT('Ctrl Pts',(10.4344382341969,-68.5557120423985,0.01));
#8875=CARTESIAN_POINT('Ctrl Pts',(10.6081448831104,-68.3799796871106,-1.));
#8876=CARTESIAN_POINT('Ctrl Pts',(10.6081448831104,-68.3799796871106,0.01));
#8877=CARTESIAN_POINT('Ctrl Pts',(10.9460892781384,-68.038094302377,-1.));
#8878=CARTESIAN_POINT('Ctrl Pts',(10.9460892781384,-68.038094302377,0.01));
#8879=CARTESIAN_POINT('Ctrl Pts',(11.0026522805971,-67.5616658024474,-1.));
#8880=CARTESIAN_POINT('Ctrl Pts',(11.0026522805971,-67.5616658024474,0.01));
#8881=CARTESIAN_POINT('Ctrl Pts',(11.0301413591969,-67.3301261048985,-1.));
#8882=CARTESIAN_POINT('Ctrl Pts',(11.0301413591969,-67.3301261048985,0.01));
#8883=CARTESIAN_POINT('',(10.4344382341969,-68.5557120423985,0.01));
#8884=CARTESIAN_POINT('Ctrl Pts',(10.4344382341969,-68.5557120423985,0.01));
#8885=CARTESIAN_POINT('Ctrl Pts',(10.6081448831104,-68.3799796871106,0.01));
#8886=CARTESIAN_POINT('Ctrl Pts',(10.9460892781384,-68.038094302377,0.01));
#8887=CARTESIAN_POINT('Ctrl Pts',(11.0026522805971,-67.5616658024474,0.01));
#8888=CARTESIAN_POINT('Ctrl Pts',(11.0301413591969,-67.3301261048985,0.01));
#8889=CARTESIAN_POINT('',(10.4344382341969,-68.5557120423985,0.));
#8890=CARTESIAN_POINT('Ctrl Pts',(8.67174292169687,-69.0684073548985,-1.));
#8891=CARTESIAN_POINT('Ctrl Pts',(8.67174292169687,-69.0684073548985,0.01));
#8892=CARTESIAN_POINT('Ctrl Pts',(9.02315756825229,-69.0578310443201,-1.));
#8893=CARTESIAN_POINT('Ctrl Pts',(9.02315756825229,-69.0578310443201,0.01));
#8894=CARTESIAN_POINT('Ctrl Pts',(9.65805482895872,-69.0387229317802,-1.));
#8895=CARTESIAN_POINT('Ctrl Pts',(9.65805482895872,-69.0387229317802,0.01));
#8896=CARTESIAN_POINT('Ctrl Pts',(10.1947866441242,-68.7048063260756,-1.));
#8897=CARTESIAN_POINT('Ctrl Pts',(10.1947866441242,-68.7048063260756,0.01));
#8898=CARTESIAN_POINT('Ctrl Pts',(10.4344382341969,-68.5557120423985,-1.));
#8899=CARTESIAN_POINT('Ctrl Pts',(10.4344382341969,-68.5557120423985,0.01));
#8900=CARTESIAN_POINT('',(8.67174292169687,-69.0684073548985,0.01));
#8901=CARTESIAN_POINT('Ctrl Pts',(8.67174292169687,-69.0684073548985,0.01));
#8902=CARTESIAN_POINT('Ctrl Pts',(9.02315756825229,-69.0578310443201,0.01));
#8903=CARTESIAN_POINT('Ctrl Pts',(9.65805482895872,-69.0387229317802,0.01));
#8904=CARTESIAN_POINT('Ctrl Pts',(10.1947866441242,-68.7048063260756,0.01));
#8905=CARTESIAN_POINT('Ctrl Pts',(10.4344382341969,-68.5557120423985,0.01));
#8906=CARTESIAN_POINT('',(8.67174292169687,-69.0684073548985,0.));
#8907=CARTESIAN_POINT('Ctrl Pts',(6.99449682794687,-68.6387198548985,-1.));
#8908=CARTESIAN_POINT('Ctrl Pts',(6.99449682794687,-68.6387198548985,0.01));
#8909=CARTESIAN_POINT('Ctrl Pts',(7.23243382655996,-68.7637752223719,-1.));
#8910=CARTESIAN_POINT('Ctrl Pts',(7.23243382655996,-68.7637752223719,0.01));
#8911=CARTESIAN_POINT('Ctrl Pts',(7.75578298506117,-69.0388380403227,-1.));
#8912=CARTESIAN_POINT('Ctrl Pts',(7.75578298506117,-69.0388380403227,0.01));
#8913=CARTESIAN_POINT('Ctrl Pts',(8.34850033090776,-69.0579723331589,-1.));
#8914=CARTESIAN_POINT('Ctrl Pts',(8.34850033090776,-69.0579723331589,0.01));
#8915=CARTESIAN_POINT('Ctrl Pts',(8.67174292169687,-69.0684073548985,-1.));
#8916=CARTESIAN_POINT('Ctrl Pts',(8.67174292169687,-69.0684073548985,0.01));
#8917=CARTESIAN_POINT('',(6.99449682794687,-68.6387198548985,0.01));
#8918=CARTESIAN_POINT('Ctrl Pts',(6.99449682794687,-68.6387198548985,0.01));
#8919=CARTESIAN_POINT('Ctrl Pts',(7.23243382655996,-68.7637752223719,0.01));
#8920=CARTESIAN_POINT('Ctrl Pts',(7.75578298506117,-69.0388380403227,0.01));
#8921=CARTESIAN_POINT('Ctrl Pts',(8.34850033090776,-69.0579723331589,0.01));
#8922=CARTESIAN_POINT('Ctrl Pts',(8.67174292169687,-69.0684073548985,0.01));
#8923=CARTESIAN_POINT('',(6.99449682794687,-68.6387198548985,0.));
#8924=CARTESIAN_POINT('Ctrl Pts',(6.18639135919687,-67.4717276673985,-1.));
#8925=CARTESIAN_POINT('Ctrl Pts',(6.18639135919687,-67.4717276673985,0.01));
#8926=CARTESIAN_POINT('Ctrl Pts',(6.26732897414084,-67.704440839687,-1.));
#8927=CARTESIAN_POINT('Ctrl Pts',(6.26732897414084,-67.704440839687,0.01));
#8928=CARTESIAN_POINT('Ctrl Pts',(6.42867287624753,-68.1683395018191,-1.));
#8929=CARTESIAN_POINT('Ctrl Pts',(6.42867287624753,-68.1683395018191,0.01));
#8930=CARTESIAN_POINT('Ctrl Pts',(6.80630337386364,-68.4822710104955,-1.));
#8931=CARTESIAN_POINT('Ctrl Pts',(6.80630337386364,-68.4822710104955,0.01));
#8932=CARTESIAN_POINT('Ctrl Pts',(6.99449682794687,-68.6387198548985,-1.));
#8933=CARTESIAN_POINT('Ctrl Pts',(6.99449682794687,-68.6387198548985,0.01));
#8934=CARTESIAN_POINT('Ctrl Pts',(6.18639135919687,-67.4717276673985,0.01));
#8935=CARTESIAN_POINT('Ctrl Pts',(6.26732897414084,-67.704440839687,0.01));
#8936=CARTESIAN_POINT('Ctrl Pts',(6.42867287624753,-68.1683395018191,0.01));
#8937=CARTESIAN_POINT('Ctrl Pts',(6.80630337386364,-68.4822710104955,0.01));
#8938=CARTESIAN_POINT('Ctrl Pts',(6.99449682794687,-68.6387198548985,0.01));
#8939=CARTESIAN_POINT('Origin',(40.5174460466969,-66.3437979798985,0.01));
#8940=CARTESIAN_POINT('Origin',(39.5669244182958,-0.102107996454582,-1.));
#8941=CARTESIAN_POINT('',(73.5058831306168,-0.502107996454584,-1.));
#8942=CARTESIAN_POINT('',(5.62796570597486,-0.502107996454581,-1.));
#8943=CARTESIAN_POINT('',(73.5058831306168,-0.502107996454584,-1.));
#8944=CARTESIAN_POINT('',(5.62796570597486,0.297892003545419,-1.));
#8945=CARTESIAN_POINT('',(5.62796570597486,-0.102107996454581,-1.));
#8946=CARTESIAN_POINT('',(73.5058831306168,0.297892003545417,-1.));
#8947=CARTESIAN_POINT('',(73.5058831306168,0.297892003545417,-1.));
#8948=CARTESIAN_POINT('',(73.5058831306168,-0.102107996454583,-1.));
#8949=CARTESIAN_POINT('Origin',(73.5058831306168,0.297892003545417,0.));
#8950=CARTESIAN_POINT('',(5.62796570597486,0.297892003545419,0.01));
#8951=CARTESIAN_POINT('',(5.62796570597486,0.297892003545419,0.));
#8952=CARTESIAN_POINT('',(73.5058831306168,0.297892003545417,0.01));
#8953=CARTESIAN_POINT('',(73.5058831306168,0.297892003545417,0.01));
#8954=CARTESIAN_POINT('',(73.5058831306168,0.297892003545417,0.));
#8955=CARTESIAN_POINT('Origin',(73.5058831306168,-0.502107996454584,0.));
#8956=CARTESIAN_POINT('',(73.5058831306168,-0.502107996454584,0.01));
#8957=CARTESIAN_POINT('',(73.5058831306168,-0.502107996454584,0.));
#8958=CARTESIAN_POINT('',(5.62796570597486,-0.502107996454581,0.01));
#8959=CARTESIAN_POINT('',(73.5058831306168,-0.502107996454584,0.01));
#8960=CARTESIAN_POINT('',(5.62796570597486,-0.502107996454581,0.));
#8961=CARTESIAN_POINT('Origin',(5.62796570597486,-0.102107996454581,0.005));
#8962=CARTESIAN_POINT('',(5.62796570597486,-0.102107996454581,0.01));
#8963=CARTESIAN_POINT('Origin',(39.5669244182958,-0.102107996454582,0.01));
#8964=CARTESIAN_POINT('',(73.5058831306168,-0.102107996454583,0.01));
#8965=CARTESIAN_POINT('Origin',(73.5058831306168,-0.102107996454583,0.005));
#8966=CARTESIAN_POINT('Origin',(39.5669244182958,-55.1730650797879,-1.));
#8967=CARTESIAN_POINT('',(5.47830789981251,-54.7730650797879,-1.));
#8968=CARTESIAN_POINT('',(73.6555409367792,-54.7730650797879,-1.));
#8969=CARTESIAN_POINT('',(5.47830789981251,-54.7730650797879,-1.));
#8970=CARTESIAN_POINT('',(73.6555409367792,-55.5730650797879,-1.));
#8971=CARTESIAN_POINT('',(73.6555409367792,-55.1730650797879,-1.));
#8972=CARTESIAN_POINT('',(5.47830789981251,-55.5730650797879,-1.));
#8973=CARTESIAN_POINT('',(5.47830789981251,-55.5730650797879,-1.));
#8974=CARTESIAN_POINT('',(5.47830789981251,-55.1730650797879,-1.));
#8975=CARTESIAN_POINT('Origin',(5.47830789981251,-55.5730650797879,0.));
#8976=CARTESIAN_POINT('',(73.6555409367792,-55.5730650797879,0.01));
#8977=CARTESIAN_POINT('',(73.6555409367792,-55.5730650797879,0.));
#8978=CARTESIAN_POINT('',(5.47830789981251,-55.5730650797879,0.01));
#8979=CARTESIAN_POINT('',(5.47830789981251,-55.5730650797879,0.01));
#8980=CARTESIAN_POINT('',(5.47830789981251,-55.5730650797879,0.));
#8981=CARTESIAN_POINT('Origin',(5.47830789981251,-54.7730650797879,0.));
#8982=CARTESIAN_POINT('',(5.47830789981251,-54.7730650797879,0.01));
#8983=CARTESIAN_POINT('',(5.47830789981251,-54.7730650797879,0.));
#8984=CARTESIAN_POINT('',(73.6555409367792,-54.7730650797879,0.01));
#8985=CARTESIAN_POINT('',(5.47830789981251,-54.7730650797879,0.01));
#8986=CARTESIAN_POINT('',(73.6555409367792,-54.7730650797879,0.));
#8987=CARTESIAN_POINT('Origin',(73.6555409367792,-55.1730650797879,0.005));
#8988=CARTESIAN_POINT('',(73.6555409367792,-55.1730650797879,0.01));
#8989=CARTESIAN_POINT('Origin',(39.5669244182958,-55.1730650797879,0.01));
#8990=CARTESIAN_POINT('',(5.47830789981251,-55.1730650797879,0.01));
#8991=CARTESIAN_POINT('Origin',(5.47830789981251,-55.1730650797879,0.005));
#8992=CARTESIAN_POINT('Origin',(0.102107996454582,-27.5692344182958,-1.));
#8993=CARTESIAN_POINT('',(0.502107996454584,-7.03295340120514,-1.));
#8994=CARTESIAN_POINT('',(0.502107996454582,-48.1055154353865,-1.));
#8995=CARTESIAN_POINT('',(0.502107996454584,-7.03295340120514,-1.));
#8996=CARTESIAN_POINT('',(-0.297892003545419,-48.1055154353865,-1.));
#8997=CARTESIAN_POINT('',(0.102107996454582,-48.1055154353865,-1.));
#8998=CARTESIAN_POINT('',(-0.297892003545417,-7.03295340120514,-1.));
#8999=CARTESIAN_POINT('',(-0.297892003545417,-7.03295340120514,-1.));
#9000=CARTESIAN_POINT('',(0.102107996454583,-7.03295340120514,-1.));
#9001=CARTESIAN_POINT('Origin',(-0.297892003545417,-7.03295340120514,0.));
#9002=CARTESIAN_POINT('',(-0.297892003545419,-48.1055154353865,0.01));
#9003=CARTESIAN_POINT('',(-0.297892003545419,-48.1055154353865,0.));
#9004=CARTESIAN_POINT('',(-0.297892003545417,-7.03295340120514,0.01));
#9005=CARTESIAN_POINT('',(-0.297892003545417,-7.03295340120514,0.01));
#9006=CARTESIAN_POINT('',(-0.297892003545417,-7.03295340120514,0.));
#9007=CARTESIAN_POINT('Origin',(0.502107996454584,-7.03295340120514,0.));
#9008=CARTESIAN_POINT('',(0.502107996454584,-7.03295340120514,0.01));
#9009=CARTESIAN_POINT('',(0.502107996454584,-7.03295340120514,0.));
#9010=CARTESIAN_POINT('',(0.502107996454582,-48.1055154353865,0.01));
#9011=CARTESIAN_POINT('',(0.502107996454584,-7.03295340120514,0.01));
#9012=CARTESIAN_POINT('',(0.502107996454582,-48.1055154353865,0.));
#9013=CARTESIAN_POINT('Origin',(0.102107996454582,-48.1055154353865,0.005));
#9014=CARTESIAN_POINT('',(0.102107996454582,-48.1055154353865,0.01));
#9015=CARTESIAN_POINT('Origin',(0.102107996454582,-27.5692344182958,0.01));
#9016=CARTESIAN_POINT('',(0.102107996454583,-7.03295340120514,0.01));
#9017=CARTESIAN_POINT('Origin',(0.102107996454583,-7.03295340120514,0.005));
#9018=CARTESIAN_POINT('Origin',(80.2980148297879,-27.5692344182958,-1.));
#9019=CARTESIAN_POINT('',(80.6980148297879,-5.76542975422622,-1.));
#9020=CARTESIAN_POINT('',(80.6980148297879,-49.3730390823655,-1.));
#9021=CARTESIAN_POINT('',(80.6980148297879,-5.76542975422622,-1.));
#9022=CARTESIAN_POINT('',(79.8980148297879,-49.3730390823655,-1.));
#9023=CARTESIAN_POINT('',(80.2980148297879,-49.3730390823655,-1.));
#9024=CARTESIAN_POINT('',(79.8980148297879,-5.76542975422622,-1.));
#9025=CARTESIAN_POINT('',(79.8980148297879,-5.76542975422622,-1.));
#9026=CARTESIAN_POINT('',(80.2980148297879,-5.76542975422622,-1.));
#9027=CARTESIAN_POINT('Origin',(79.8980148297879,-5.76542975422622,0.));
#9028=CARTESIAN_POINT('',(79.8980148297879,-49.3730390823655,0.01));
#9029=CARTESIAN_POINT('',(79.8980148297879,-49.3730390823655,0.));
#9030=CARTESIAN_POINT('',(79.8980148297879,-5.76542975422622,0.01));
#9031=CARTESIAN_POINT('',(79.8980148297879,-5.76542975422622,0.01));
#9032=CARTESIAN_POINT('',(79.8980148297879,-5.76542975422622,0.));
#9033=CARTESIAN_POINT('Origin',(80.6980148297879,-5.76542975422622,0.));
#9034=CARTESIAN_POINT('',(80.6980148297879,-5.76542975422622,0.01));
#9035=CARTESIAN_POINT('',(80.6980148297879,-5.76542975422622,0.));
#9036=CARTESIAN_POINT('',(80.6980148297879,-49.3730390823655,0.01));
#9037=CARTESIAN_POINT('',(80.6980148297879,-5.76542975422622,0.01));
#9038=CARTESIAN_POINT('',(80.6980148297879,-49.3730390823655,0.));
#9039=CARTESIAN_POINT('Origin',(80.2980148297879,-49.3730390823655,0.005));
#9040=CARTESIAN_POINT('',(80.2980148297879,-49.3730390823655,0.01));
#9041=CARTESIAN_POINT('Origin',(80.2980148297879,-27.5692344182958,0.01));
#9042=CARTESIAN_POINT('',(80.2980148297879,-5.76542975422622,0.01));
#9043=CARTESIAN_POINT('Origin',(80.2980148297879,-5.76542975422622,0.005));
#9044=CARTESIAN_POINT('Origin',(40.5174460466969,-66.3437979798985,-1.));
#9045=CARTESIAN_POINT('',(25.5174460466969,-67.6768057923985,-1.));
#9046=CARTESIAN_POINT('',(28.2420554216969,-67.6768057923985,-1.));
#9047=CARTESIAN_POINT('',(25.5174460466969,-67.6768057923985,-1.));
#9048=CARTESIAN_POINT('',(28.2420554216969,-68.9512198548985,-1.));
#9049=CARTESIAN_POINT('',(28.2420554216969,-67.6768057923985,-1.));
#9050=CARTESIAN_POINT('',(23.4324851091969,-68.9512198548985,-1.));
#9051=CARTESIAN_POINT('',(28.2420554216969,-68.9512198548985,-1.));
#9052=CARTESIAN_POINT('',(23.9012351091969,-67.5815909486485,-1.));
#9053=CARTESIAN_POINT('Ctrl Pts',(23.4324851091969,-68.9512198548985,-1.));
#9054=CARTESIAN_POINT('Ctrl Pts',(23.4721942981803,-68.7124218301111,-1.));
#9055=CARTESIAN_POINT('Ctrl Pts',(23.5524225444662,-68.2299554983714,-1.));
#9056=CARTESIAN_POINT('Ctrl Pts',(23.7841844101079,-67.7991620211475,-1.));
#9057=CARTESIAN_POINT('Ctrl Pts',(23.9012351091969,-67.5815909486485,-1.));
#9058=CARTESIAN_POINT('',(25.4442038591969,-65.8652823548985,-1.));
#9059=CARTESIAN_POINT('Ctrl Pts',(23.9012351091969,-67.5815909486485,-1.));
#9060=CARTESIAN_POINT('Ctrl Pts',(24.08871104814,-67.325280096388,-1.));
#9061=CARTESIAN_POINT('Ctrl Pts',(24.5446791597276,-66.7018956986702,-1.));
#9062=CARTESIAN_POINT('Ctrl Pts',(25.1108310764999,-66.1753395646885,-1.));
#9063=CARTESIAN_POINT('Ctrl Pts',(25.4442038591969,-65.8652823548985,-1.));
#9064=CARTESIAN_POINT('',(26.5818991716969,-64.6934073548985,-1.));
#9065=CARTESIAN_POINT('Ctrl Pts',(25.4442038591969,-65.8652823548985,-1.));
#9066=CARTESIAN_POINT('Ctrl Pts',(25.7003982589018,-65.6299993834151,-1.));
#9067=CARTESIAN_POINT('Ctrl Pts',(26.1023126077442,-65.2608906035731,-1.));
#9068=CARTESIAN_POINT('Ctrl Pts',(26.4542860365006,-64.8444089091077,-1.));
#9069=CARTESIAN_POINT('Ctrl Pts',(26.5818991716969,-64.6934073548985,-1.));
#9070=CARTESIAN_POINT('',(26.8651022966969,-63.8535636048985,-1.));
#9071=CARTESIAN_POINT('Ctrl Pts',(26.5818991716969,-64.6934073548985,-1.));
#9072=CARTESIAN_POINT('Ctrl Pts',(26.664424439812,-64.5564656387846,-1.));
#9073=CARTESIAN_POINT('Ctrl Pts',(26.8208653314976,-64.2968689762456,-1.));
#9074=CARTESIAN_POINT('Ctrl Pts',(26.8509077649558,-63.9958091711628,-1.));
#9075=CARTESIAN_POINT('Ctrl Pts',(26.8651022966969,-63.8535636048985,-1.));
#9076=CARTESIAN_POINT('',(26.6185202654469,-63.1479971986485,-1.));
#9077=CARTESIAN_POINT('Ctrl Pts',(26.8651022966969,-63.8535636048985,-1.));
#9078=CARTESIAN_POINT('Ctrl Pts',(26.8583653557424,-63.7131989541095,-1.));
#9079=CARTESIAN_POINT('Ctrl Pts',(26.8458495925133,-63.4524321243472,-1.));
#9080=CARTESIAN_POINT('Ctrl Pts',(26.6903281661315,-63.2441609149256,-1.));
#9081=CARTESIAN_POINT('Ctrl Pts',(26.6185202654469,-63.1479971986485,-1.));
#9082=CARTESIAN_POINT('',(25.9373679216969,-62.9014151673985,-1.));
#9083=CARTESIAN_POINT('Ctrl Pts',(26.6185202654469,-63.1479971986485,-1.));
#9084=CARTESIAN_POINT('Ctrl Pts',(26.5244995432676,-63.0761506500521,-1.));
#9085=CARTESIAN_POINT('Ctrl Pts',(26.3241362989382,-62.9230417689781,-1.));
#9086=CARTESIAN_POINT('Ctrl Pts',(26.0714701434968,-62.9089136483821,-1.));
#9087=CARTESIAN_POINT('Ctrl Pts',(25.9373679216969,-62.9014151673985,-1.));
#9088=CARTESIAN_POINT('',(25.2537741716969,-63.1602042298985,-1.));
#9089=CARTESIAN_POINT('Ctrl Pts',(25.9373679216969,-62.9014151673985,-1.));
#9090=CARTESIAN_POINT('Ctrl Pts',(25.803719140838,-62.9099857165893,-1.));
#9091=CARTESIAN_POINT('Ctrl Pts',(25.5485930267432,-62.9263462916477,-1.));
#9092=CARTESIAN_POINT('Ctrl Pts',(25.3488710396426,-63.084770935551,-1.));
#9093=CARTESIAN_POINT('Ctrl Pts',(25.2537741716969,-63.1602042298985,-1.));
#9094=CARTESIAN_POINT('',(24.9608054216969,-64.0195792298985,-1.));
#9095=CARTESIAN_POINT('Ctrl Pts',(25.2537741716969,-63.1602042298985,-1.));
#9096=CARTESIAN_POINT('Ctrl Pts',(25.1777085969973,-63.2715170942439,-1.));
#9097=CARTESIAN_POINT('Ctrl Pts',(25.0016614064169,-63.5291410867118,-1.));
#9098=CARTESIAN_POINT('Ctrl Pts',(24.9756040487789,-63.8419354590398,-1.));
#9099=CARTESIAN_POINT('Ctrl Pts',(24.9608054216969,-64.0195792298985,-1.));
#9100=CARTESIAN_POINT('',(23.5936179216969,-63.8828604798985,-1.));
#9101=CARTESIAN_POINT('',(24.9608054216969,-64.0195792298985,-1.));
#9102=CARTESIAN_POINT('',(24.3602194841969,-62.2568839173985,-1.));
#9103=CARTESIAN_POINT('Ctrl Pts',(23.5936179216969,-63.8828604798985,-1.));
#9104=CARTESIAN_POINT('Ctrl Pts',(23.644187206056,-63.5418667077722,-1.));
#9105=CARTESIAN_POINT('Ctrl Pts',(23.7365647727633,-62.9189554815098,-1.));
#9106=CARTESIAN_POINT('Ctrl Pts',(24.165907398035,-62.4631655415927,-1.));
#9107=CARTESIAN_POINT('Ctrl Pts',(24.3602194841969,-62.2568839173985,-1.));
#9108=CARTESIAN_POINT('',(25.9715476091969,-61.7637198548985,-1.));
#9109=CARTESIAN_POINT('Ctrl Pts',(24.3602194841969,-62.2568839173985,-1.));
#9110=CARTESIAN_POINT('Ctrl Pts',(24.5954779881019,-62.1131320986261,-1.));
#9111=CARTESIAN_POINT('Ctrl Pts',(25.089341987174,-61.8113625688774,-1.));
#9112=CARTESIAN_POINT('Ctrl Pts',(25.6683549569113,-61.7800934989252,-1.));
#9113=CARTESIAN_POINT('Ctrl Pts',(25.9715476091969,-61.7637198548985,-1.));
#9114=CARTESIAN_POINT('',(27.6365866716969,-62.3350089173985,-1.));
#9115=CARTESIAN_POINT('Ctrl Pts',(25.9715476091969,-61.7637198548985,-1.));
#9116=CARTESIAN_POINT('Ctrl Pts',(26.2979328065969,-61.780482736518,-1.));
#9117=CARTESIAN_POINT('Ctrl Pts',(26.9098406337858,-61.8119098311011,-1.));
#9118=CARTESIAN_POINT('Ctrl Pts',(27.4053682655021,-62.1685819529484,-1.));
#9119=CARTESIAN_POINT('Ctrl Pts',(27.6365866716969,-62.3350089173985,-1.));
#9120=CARTESIAN_POINT('',(28.2420554216969,-63.7559073548985,-1.));
#9121=CARTESIAN_POINT('Ctrl Pts',(27.6365866716969,-62.3350089173985,-1.));
#9122=CARTESIAN_POINT('Ctrl Pts',(27.8131800462884,-62.5378454726002,-1.));
#9123=CARTESIAN_POINT('Ctrl Pts',(28.1684210303322,-62.9458780935101,-1.));
#9124=CARTESIAN_POINT('Ctrl Pts',(28.2174161839401,-63.4848586887605,-1.));
#9125=CARTESIAN_POINT('Ctrl Pts',(28.2420554216969,-63.7559073548985,-1.));
#9126=CARTESIAN_POINT('',(28.0687155779469,-64.6763175111485,-1.));
#9127=CARTESIAN_POINT('Ctrl Pts',(28.2420554216969,-63.7559073548985,-1.));
#9128=CARTESIAN_POINT('Ctrl Pts',(28.2350415504801,-63.9145793534464,-1.));
#9129=CARTESIAN_POINT('Ctrl Pts',(28.2211133135936,-64.229672276419,-1.));
#9130=CARTESIAN_POINT('Ctrl Pts',(28.1192723003458,-64.5281465488492,-1.));
#9131=CARTESIAN_POINT('Ctrl Pts',(28.0687155779469,-64.6763175111485,-1.));
#9132=CARTESIAN_POINT('',(27.5193991716969,-65.5918448548985,-1.));
#9133=CARTESIAN_POINT('Ctrl Pts',(28.0687155779469,-64.6763175111485,-1.));
#9134=CARTESIAN_POINT('Ctrl Pts',(27.9988417325481,-64.8282918851122,-1.));
#9135=CARTESIAN_POINT('Ctrl Pts',(27.8493538825389,-65.1534253065043,-1.));
#9136=CARTESIAN_POINT('Ctrl Pts',(27.6340600325346,-65.4394919374369,-1.));
#9137=CARTESIAN_POINT('Ctrl Pts',(27.5193991716969,-65.5918448548985,-1.));
#9138=CARTESIAN_POINT('',(26.6209616716969,-66.5049307923985,-1.));
#9139=CARTESIAN_POINT('Ctrl Pts',(27.5193991716969,-65.5918448548985,-1.));
#9140=CARTESIAN_POINT('Ctrl Pts',(27.404873267855,-65.7226260169692,-1.));
#9141=CARTESIAN_POINT('Ctrl Pts',(27.1232036123412,-66.0442745142298,-1.));
#9142=CARTESIAN_POINT('Ctrl Pts',(26.8080028804982,-66.3333766067802,-1.));
#9143=CARTESIAN_POINT('Ctrl Pts',(26.6209616716969,-66.5049307923985,-1.));
#9144=CARTESIAN_POINT('',(25.7982077654469,-67.2959464173985,-1.));
#9145=CARTESIAN_POINT('Ctrl Pts',(26.6209616716969,-66.5049307923985,-1.));
#9146=CARTESIAN_POINT('Ctrl Pts',(26.4420676206134,-66.6679760375333,-1.));
#9147=CARTESIAN_POINT('Ctrl Pts',(26.1607474313931,-66.9243731560233,-1.));
#9148=CARTESIAN_POINT('Ctrl Pts',(25.8949736111555,-67.1967694051788,-1.));
#9149=CARTESIAN_POINT('Ctrl Pts',(25.7982077654469,-67.2959464173985,-1.));
#9150=CARTESIAN_POINT('Ctrl Pts',(25.7982077654469,-67.2959464173985,-1.));
#9151=CARTESIAN_POINT('Ctrl Pts',(25.7441674409479,-67.3589508053363,-1.));
#9152=CARTESIAN_POINT('Ctrl Pts',(25.6411859641246,-67.4790145720946,-1.));
#9153=CARTESIAN_POINT('Ctrl Pts',(25.5573082724983,-67.6130882916178,-1.));
#9154=CARTESIAN_POINT('Ctrl Pts',(25.5174460466969,-67.6768057923985,-1.));
#9155=CARTESIAN_POINT('Origin',(28.2420554216969,-68.9512198548985,0.));
#9156=CARTESIAN_POINT('',(28.2420554216969,-67.6768057923985,0.01));
#9157=CARTESIAN_POINT('',(28.2420554216969,-67.6768057923985,0.));
#9158=CARTESIAN_POINT('',(28.2420554216969,-68.9512198548985,0.01));
#9159=CARTESIAN_POINT('',(28.2420554216969,-67.6768057923985,0.01));
#9160=CARTESIAN_POINT('',(28.2420554216969,-68.9512198548985,0.));
#9161=CARTESIAN_POINT('Origin',(23.4324851091969,-68.9512198548985,0.));
#9162=CARTESIAN_POINT('',(23.4324851091969,-68.9512198548985,0.01));
#9163=CARTESIAN_POINT('',(28.2420554216969,-68.9512198548985,0.01));
#9164=CARTESIAN_POINT('',(23.4324851091969,-68.9512198548985,0.));
#9165=CARTESIAN_POINT('Ctrl Pts',(23.9012351091969,-67.5815909486485,-1.));
#9166=CARTESIAN_POINT('Ctrl Pts',(23.9012351091969,-67.5815909486485,0.01));
#9167=CARTESIAN_POINT('Ctrl Pts',(23.7841844101079,-67.7991620211475,-1.));
#9168=CARTESIAN_POINT('Ctrl Pts',(23.7841844101079,-67.7991620211475,0.01));
#9169=CARTESIAN_POINT('Ctrl Pts',(23.5524225444662,-68.2299554983714,-1.));
#9170=CARTESIAN_POINT('Ctrl Pts',(23.5524225444662,-68.2299554983714,0.01));
#9171=CARTESIAN_POINT('Ctrl Pts',(23.4721942981803,-68.7124218301111,-1.));
#9172=CARTESIAN_POINT('Ctrl Pts',(23.4721942981803,-68.7124218301111,0.01));
#9173=CARTESIAN_POINT('Ctrl Pts',(23.4324851091969,-68.9512198548985,-1.));
#9174=CARTESIAN_POINT('Ctrl Pts',(23.4324851091969,-68.9512198548985,0.01));
#9175=CARTESIAN_POINT('',(23.9012351091969,-67.5815909486485,0.01));
#9176=CARTESIAN_POINT('Ctrl Pts',(23.9012351091969,-67.5815909486485,0.01));
#9177=CARTESIAN_POINT('Ctrl Pts',(23.7841844101079,-67.7991620211475,0.01));
#9178=CARTESIAN_POINT('Ctrl Pts',(23.5524225444662,-68.2299554983714,0.01));
#9179=CARTESIAN_POINT('Ctrl Pts',(23.4721942981803,-68.7124218301111,0.01));
#9180=CARTESIAN_POINT('Ctrl Pts',(23.4324851091969,-68.9512198548985,0.01));
#9181=CARTESIAN_POINT('',(23.9012351091969,-67.5815909486485,0.));
#9182=CARTESIAN_POINT('Ctrl Pts',(25.4442038591969,-65.8652823548985,-1.));
#9183=CARTESIAN_POINT('Ctrl Pts',(25.4442038591969,-65.8652823548985,0.01));
#9184=CARTESIAN_POINT('Ctrl Pts',(25.1108310764999,-66.1753395646885,-1.));
#9185=CARTESIAN_POINT('Ctrl Pts',(25.1108310764999,-66.1753395646885,0.01));
#9186=CARTESIAN_POINT('Ctrl Pts',(24.5446791597276,-66.7018956986702,-1.));
#9187=CARTESIAN_POINT('Ctrl Pts',(24.5446791597276,-66.7018956986702,0.01));
#9188=CARTESIAN_POINT('Ctrl Pts',(24.08871104814,-67.325280096388,-1.));
#9189=CARTESIAN_POINT('Ctrl Pts',(24.08871104814,-67.325280096388,0.01));
#9190=CARTESIAN_POINT('Ctrl Pts',(23.9012351091969,-67.5815909486485,-1.));
#9191=CARTESIAN_POINT('Ctrl Pts',(23.9012351091969,-67.5815909486485,0.01));
#9192=CARTESIAN_POINT('',(25.4442038591969,-65.8652823548985,0.01));
#9193=CARTESIAN_POINT('Ctrl Pts',(25.4442038591969,-65.8652823548985,0.01));
#9194=CARTESIAN_POINT('Ctrl Pts',(25.1108310764999,-66.1753395646885,0.01));
#9195=CARTESIAN_POINT('Ctrl Pts',(24.5446791597276,-66.7018956986702,0.01));
#9196=CARTESIAN_POINT('Ctrl Pts',(24.08871104814,-67.325280096388,0.01));
#9197=CARTESIAN_POINT('Ctrl Pts',(23.9012351091969,-67.5815909486485,0.01));
#9198=CARTESIAN_POINT('',(25.4442038591969,-65.8652823548985,0.));
#9199=CARTESIAN_POINT('Ctrl Pts',(26.5818991716969,-64.6934073548985,-1.));
#9200=CARTESIAN_POINT('Ctrl Pts',(26.5818991716969,-64.6934073548985,0.01));
#9201=CARTESIAN_POINT('Ctrl Pts',(26.4542860365006,-64.8444089091077,-1.));
#9202=CARTESIAN_POINT('Ctrl Pts',(26.4542860365006,-64.8444089091077,0.01));
#9203=CARTESIAN_POINT('Ctrl Pts',(26.1023126077442,-65.2608906035731,-1.));
#9204=CARTESIAN_POINT('Ctrl Pts',(26.1023126077442,-65.2608906035731,0.01));
#9205=CARTESIAN_POINT('Ctrl Pts',(25.7003982589018,-65.6299993834151,-1.));
#9206=CARTESIAN_POINT('Ctrl Pts',(25.7003982589018,-65.6299993834151,0.01));
#9207=CARTESIAN_POINT('Ctrl Pts',(25.4442038591969,-65.8652823548985,-1.));
#9208=CARTESIAN_POINT('Ctrl Pts',(25.4442038591969,-65.8652823548985,0.01));
#9209=CARTESIAN_POINT('',(26.5818991716969,-64.6934073548985,0.01));
#9210=CARTESIAN_POINT('Ctrl Pts',(26.5818991716969,-64.6934073548985,0.01));
#9211=CARTESIAN_POINT('Ctrl Pts',(26.4542860365006,-64.8444089091077,0.01));
#9212=CARTESIAN_POINT('Ctrl Pts',(26.1023126077442,-65.2608906035731,0.01));
#9213=CARTESIAN_POINT('Ctrl Pts',(25.7003982589018,-65.6299993834151,0.01));
#9214=CARTESIAN_POINT('Ctrl Pts',(25.4442038591969,-65.8652823548985,0.01));
#9215=CARTESIAN_POINT('',(26.5818991716969,-64.6934073548985,0.));
#9216=CARTESIAN_POINT('Ctrl Pts',(26.8651022966969,-63.8535636048985,-1.));
#9217=CARTESIAN_POINT('Ctrl Pts',(26.8651022966969,-63.8535636048985,0.01));
#9218=CARTESIAN_POINT('Ctrl Pts',(26.8509077649558,-63.9958091711628,-1.));
#9219=CARTESIAN_POINT('Ctrl Pts',(26.8509077649558,-63.9958091711628,0.01));
#9220=CARTESIAN_POINT('Ctrl Pts',(26.8208653314976,-64.2968689762456,-1.));
#9221=CARTESIAN_POINT('Ctrl Pts',(26.8208653314976,-64.2968689762456,0.01));
#9222=CARTESIAN_POINT('Ctrl Pts',(26.664424439812,-64.5564656387846,-1.));
#9223=CARTESIAN_POINT('Ctrl Pts',(26.664424439812,-64.5564656387846,0.01));
#9224=CARTESIAN_POINT('Ctrl Pts',(26.5818991716969,-64.6934073548985,-1.));
#9225=CARTESIAN_POINT('Ctrl Pts',(26.5818991716969,-64.6934073548985,0.01));
#9226=CARTESIAN_POINT('',(26.8651022966969,-63.8535636048985,0.01));
#9227=CARTESIAN_POINT('Ctrl Pts',(26.8651022966969,-63.8535636048985,0.01));
#9228=CARTESIAN_POINT('Ctrl Pts',(26.8509077649558,-63.9958091711628,0.01));
#9229=CARTESIAN_POINT('Ctrl Pts',(26.8208653314976,-64.2968689762456,0.01));
#9230=CARTESIAN_POINT('Ctrl Pts',(26.664424439812,-64.5564656387846,0.01));
#9231=CARTESIAN_POINT('Ctrl Pts',(26.5818991716969,-64.6934073548985,0.01));
#9232=CARTESIAN_POINT('',(26.8651022966969,-63.8535636048985,0.));
#9233=CARTESIAN_POINT('Ctrl Pts',(26.6185202654469,-63.1479971986485,-1.));
#9234=CARTESIAN_POINT('Ctrl Pts',(26.6185202654469,-63.1479971986485,0.01));
#9235=CARTESIAN_POINT('Ctrl Pts',(26.6903281661315,-63.2441609149256,-1.));
#9236=CARTESIAN_POINT('Ctrl Pts',(26.6903281661315,-63.2441609149256,0.01));
#9237=CARTESIAN_POINT('Ctrl Pts',(26.8458495925133,-63.4524321243472,-1.));
#9238=CARTESIAN_POINT('Ctrl Pts',(26.8458495925133,-63.4524321243472,0.01));
#9239=CARTESIAN_POINT('Ctrl Pts',(26.8583653557424,-63.7131989541095,-1.));
#9240=CARTESIAN_POINT('Ctrl Pts',(26.8583653557424,-63.7131989541095,0.01));
#9241=CARTESIAN_POINT('Ctrl Pts',(26.8651022966969,-63.8535636048985,-1.));
#9242=CARTESIAN_POINT('Ctrl Pts',(26.8651022966969,-63.8535636048985,0.01));
#9243=CARTESIAN_POINT('',(26.6185202654469,-63.1479971986485,0.01));
#9244=CARTESIAN_POINT('Ctrl Pts',(26.6185202654469,-63.1479971986485,0.01));
#9245=CARTESIAN_POINT('Ctrl Pts',(26.6903281661315,-63.2441609149256,0.01));
#9246=CARTESIAN_POINT('Ctrl Pts',(26.8458495925133,-63.4524321243472,0.01));
#9247=CARTESIAN_POINT('Ctrl Pts',(26.8583653557424,-63.7131989541095,0.01));
#9248=CARTESIAN_POINT('Ctrl Pts',(26.8651022966969,-63.8535636048985,0.01));
#9249=CARTESIAN_POINT('',(26.6185202654469,-63.1479971986485,0.));
#9250=CARTESIAN_POINT('Ctrl Pts',(25.9373679216969,-62.9014151673985,-1.));
#9251=CARTESIAN_POINT('Ctrl Pts',(25.9373679216969,-62.9014151673985,0.01));
#9252=CARTESIAN_POINT('Ctrl Pts',(26.0714701434968,-62.9089136483821,-1.));
#9253=CARTESIAN_POINT('Ctrl Pts',(26.0714701434968,-62.9089136483821,0.01));
#9254=CARTESIAN_POINT('Ctrl Pts',(26.3241362989382,-62.9230417689781,-1.));
#9255=CARTESIAN_POINT('Ctrl Pts',(26.3241362989382,-62.9230417689781,0.01));
#9256=CARTESIAN_POINT('Ctrl Pts',(26.5244995432676,-63.0761506500521,-1.));
#9257=CARTESIAN_POINT('Ctrl Pts',(26.5244995432676,-63.0761506500521,0.01));
#9258=CARTESIAN_POINT('Ctrl Pts',(26.6185202654469,-63.1479971986485,-1.));
#9259=CARTESIAN_POINT('Ctrl Pts',(26.6185202654469,-63.1479971986485,0.01));
#9260=CARTESIAN_POINT('',(25.9373679216969,-62.9014151673985,0.01));
#9261=CARTESIAN_POINT('Ctrl Pts',(25.9373679216969,-62.9014151673985,0.01));
#9262=CARTESIAN_POINT('Ctrl Pts',(26.0714701434968,-62.9089136483821,0.01));
#9263=CARTESIAN_POINT('Ctrl Pts',(26.3241362989382,-62.9230417689781,0.01));
#9264=CARTESIAN_POINT('Ctrl Pts',(26.5244995432676,-63.0761506500521,0.01));
#9265=CARTESIAN_POINT('Ctrl Pts',(26.6185202654469,-63.1479971986485,0.01));
#9266=CARTESIAN_POINT('',(25.9373679216969,-62.9014151673985,0.));
#9267=CARTESIAN_POINT('Ctrl Pts',(25.2537741716969,-63.1602042298985,-1.));
#9268=CARTESIAN_POINT('Ctrl Pts',(25.2537741716969,-63.1602042298985,0.01));
#9269=CARTESIAN_POINT('Ctrl Pts',(25.3488710396426,-63.084770935551,-1.));
#9270=CARTESIAN_POINT('Ctrl Pts',(25.3488710396426,-63.084770935551,0.01));
#9271=CARTESIAN_POINT('Ctrl Pts',(25.5485930267432,-62.9263462916477,-1.));
#9272=CARTESIAN_POINT('Ctrl Pts',(25.5485930267432,-62.9263462916477,0.01));
#9273=CARTESIAN_POINT('Ctrl Pts',(25.803719140838,-62.9099857165893,-1.));
#9274=CARTESIAN_POINT('Ctrl Pts',(25.803719140838,-62.9099857165893,0.01));
#9275=CARTESIAN_POINT('Ctrl Pts',(25.9373679216969,-62.9014151673985,-1.));
#9276=CARTESIAN_POINT('Ctrl Pts',(25.9373679216969,-62.9014151673985,0.01));
#9277=CARTESIAN_POINT('',(25.2537741716969,-63.1602042298985,0.01));
#9278=CARTESIAN_POINT('Ctrl Pts',(25.2537741716969,-63.1602042298985,0.01));
#9279=CARTESIAN_POINT('Ctrl Pts',(25.3488710396426,-63.084770935551,0.01));
#9280=CARTESIAN_POINT('Ctrl Pts',(25.5485930267432,-62.9263462916477,0.01));
#9281=CARTESIAN_POINT('Ctrl Pts',(25.803719140838,-62.9099857165893,0.01));
#9282=CARTESIAN_POINT('Ctrl Pts',(25.9373679216969,-62.9014151673985,0.01));
#9283=CARTESIAN_POINT('',(25.2537741716969,-63.1602042298985,0.));
#9284=CARTESIAN_POINT('Ctrl Pts',(24.9608054216969,-64.0195792298985,-1.));
#9285=CARTESIAN_POINT('Ctrl Pts',(24.9608054216969,-64.0195792298985,0.01));
#9286=CARTESIAN_POINT('Ctrl Pts',(24.9756040487789,-63.8419354590398,-1.));
#9287=CARTESIAN_POINT('Ctrl Pts',(24.9756040487789,-63.8419354590398,0.01));
#9288=CARTESIAN_POINT('Ctrl Pts',(25.0016614064169,-63.5291410867118,-1.));
#9289=CARTESIAN_POINT('Ctrl Pts',(25.0016614064169,-63.5291410867118,0.01));
#9290=CARTESIAN_POINT('Ctrl Pts',(25.1777085969973,-63.2715170942439,-1.));
#9291=CARTESIAN_POINT('Ctrl Pts',(25.1777085969973,-63.2715170942439,0.01));
#9292=CARTESIAN_POINT('Ctrl Pts',(25.2537741716969,-63.1602042298985,-1.));
#9293=CARTESIAN_POINT('Ctrl Pts',(25.2537741716969,-63.1602042298985,0.01));
#9294=CARTESIAN_POINT('',(24.9608054216969,-64.0195792298985,0.01));
#9295=CARTESIAN_POINT('Ctrl Pts',(24.9608054216969,-64.0195792298985,0.01));
#9296=CARTESIAN_POINT('Ctrl Pts',(24.9756040487789,-63.8419354590398,0.01));
#9297=CARTESIAN_POINT('Ctrl Pts',(25.0016614064169,-63.5291410867118,0.01));
#9298=CARTESIAN_POINT('Ctrl Pts',(25.1777085969973,-63.2715170942439,0.01));
#9299=CARTESIAN_POINT('Ctrl Pts',(25.2537741716969,-63.1602042298985,0.01));
#9300=CARTESIAN_POINT('',(24.9608054216969,-64.0195792298985,0.));
#9301=CARTESIAN_POINT('Origin',(23.5936179216969,-63.8828604798985,0.));
#9302=CARTESIAN_POINT('',(23.5936179216969,-63.8828604798985,0.01));
#9303=CARTESIAN_POINT('',(24.9608054216969,-64.0195792298985,0.01));
#9304=CARTESIAN_POINT('',(23.5936179216969,-63.8828604798985,0.));
#9305=CARTESIAN_POINT('Ctrl Pts',(24.3602194841969,-62.2568839173985,-1.));
#9306=CARTESIAN_POINT('Ctrl Pts',(24.3602194841969,-62.2568839173985,0.01));
#9307=CARTESIAN_POINT('Ctrl Pts',(24.165907398035,-62.4631655415927,-1.));
#9308=CARTESIAN_POINT('Ctrl Pts',(24.165907398035,-62.4631655415927,0.01));
#9309=CARTESIAN_POINT('Ctrl Pts',(23.7365647727633,-62.9189554815098,-1.));
#9310=CARTESIAN_POINT('Ctrl Pts',(23.7365647727633,-62.9189554815098,0.01));
#9311=CARTESIAN_POINT('Ctrl Pts',(23.644187206056,-63.5418667077722,-1.));
#9312=CARTESIAN_POINT('Ctrl Pts',(23.644187206056,-63.5418667077722,0.01));
#9313=CARTESIAN_POINT('Ctrl Pts',(23.5936179216969,-63.8828604798985,-1.));
#9314=CARTESIAN_POINT('Ctrl Pts',(23.5936179216969,-63.8828604798985,0.01));
#9315=CARTESIAN_POINT('',(24.3602194841969,-62.2568839173985,0.01));
#9316=CARTESIAN_POINT('Ctrl Pts',(24.3602194841969,-62.2568839173985,0.01));
#9317=CARTESIAN_POINT('Ctrl Pts',(24.165907398035,-62.4631655415927,0.01));
#9318=CARTESIAN_POINT('Ctrl Pts',(23.7365647727633,-62.9189554815098,0.01));
#9319=CARTESIAN_POINT('Ctrl Pts',(23.644187206056,-63.5418667077722,0.01));
#9320=CARTESIAN_POINT('Ctrl Pts',(23.5936179216969,-63.8828604798985,0.01));
#9321=CARTESIAN_POINT('',(24.3602194841969,-62.2568839173985,0.));
#9322=CARTESIAN_POINT('Ctrl Pts',(25.9715476091969,-61.7637198548985,-1.));
#9323=CARTESIAN_POINT('Ctrl Pts',(25.9715476091969,-61.7637198548985,0.01));
#9324=CARTESIAN_POINT('Ctrl Pts',(25.6683549569113,-61.7800934989252,-1.));
#9325=CARTESIAN_POINT('Ctrl Pts',(25.6683549569113,-61.7800934989252,0.01));
#9326=CARTESIAN_POINT('Ctrl Pts',(25.089341987174,-61.8113625688774,-1.));
#9327=CARTESIAN_POINT('Ctrl Pts',(25.089341987174,-61.8113625688774,0.01));
#9328=CARTESIAN_POINT('Ctrl Pts',(24.5954779881019,-62.1131320986261,-1.));
#9329=CARTESIAN_POINT('Ctrl Pts',(24.5954779881019,-62.1131320986261,0.01));
#9330=CARTESIAN_POINT('Ctrl Pts',(24.3602194841969,-62.2568839173985,-1.));
#9331=CARTESIAN_POINT('Ctrl Pts',(24.3602194841969,-62.2568839173985,0.01));
#9332=CARTESIAN_POINT('',(25.9715476091969,-61.7637198548985,0.01));
#9333=CARTESIAN_POINT('Ctrl Pts',(25.9715476091969,-61.7637198548985,0.01));
#9334=CARTESIAN_POINT('Ctrl Pts',(25.6683549569113,-61.7800934989252,0.01));
#9335=CARTESIAN_POINT('Ctrl Pts',(25.089341987174,-61.8113625688774,0.01));
#9336=CARTESIAN_POINT('Ctrl Pts',(24.5954779881019,-62.1131320986261,0.01));
#9337=CARTESIAN_POINT('Ctrl Pts',(24.3602194841969,-62.2568839173985,0.01));
#9338=CARTESIAN_POINT('',(25.9715476091969,-61.7637198548985,0.));
#9339=CARTESIAN_POINT('Ctrl Pts',(27.6365866716969,-62.3350089173985,-1.));
#9340=CARTESIAN_POINT('Ctrl Pts',(27.6365866716969,-62.3350089173985,0.01));
#9341=CARTESIAN_POINT('Ctrl Pts',(27.4053682655021,-62.1685819529484,-1.));
#9342=CARTESIAN_POINT('Ctrl Pts',(27.4053682655021,-62.1685819529484,0.01));
#9343=CARTESIAN_POINT('Ctrl Pts',(26.9098406337858,-61.8119098311011,-1.));
#9344=CARTESIAN_POINT('Ctrl Pts',(26.9098406337858,-61.8119098311011,0.01));
#9345=CARTESIAN_POINT('Ctrl Pts',(26.2979328065969,-61.780482736518,-1.));
#9346=CARTESIAN_POINT('Ctrl Pts',(26.2979328065969,-61.780482736518,0.01));
#9347=CARTESIAN_POINT('Ctrl Pts',(25.9715476091969,-61.7637198548985,-1.));
#9348=CARTESIAN_POINT('Ctrl Pts',(25.9715476091969,-61.7637198548985,0.01));
#9349=CARTESIAN_POINT('',(27.6365866716969,-62.3350089173985,0.01));
#9350=CARTESIAN_POINT('Ctrl Pts',(27.6365866716969,-62.3350089173985,0.01));
#9351=CARTESIAN_POINT('Ctrl Pts',(27.4053682655021,-62.1685819529484,0.01));
#9352=CARTESIAN_POINT('Ctrl Pts',(26.9098406337858,-61.8119098311011,0.01));
#9353=CARTESIAN_POINT('Ctrl Pts',(26.2979328065969,-61.780482736518,0.01));
#9354=CARTESIAN_POINT('Ctrl Pts',(25.9715476091969,-61.7637198548985,0.01));
#9355=CARTESIAN_POINT('',(27.6365866716969,-62.3350089173985,0.));
#9356=CARTESIAN_POINT('Ctrl Pts',(28.2420554216969,-63.7559073548985,-1.));
#9357=CARTESIAN_POINT('Ctrl Pts',(28.2420554216969,-63.7559073548985,0.01));
#9358=CARTESIAN_POINT('Ctrl Pts',(28.2174161839401,-63.4848586887605,-1.));
#9359=CARTESIAN_POINT('Ctrl Pts',(28.2174161839401,-63.4848586887605,0.01));
#9360=CARTESIAN_POINT('Ctrl Pts',(28.1684210303322,-62.9458780935101,-1.));
#9361=CARTESIAN_POINT('Ctrl Pts',(28.1684210303322,-62.9458780935101,0.01));
#9362=CARTESIAN_POINT('Ctrl Pts',(27.8131800462884,-62.5378454726002,-1.));
#9363=CARTESIAN_POINT('Ctrl Pts',(27.8131800462884,-62.5378454726002,0.01));
#9364=CARTESIAN_POINT('Ctrl Pts',(27.6365866716969,-62.3350089173985,-1.));
#9365=CARTESIAN_POINT('Ctrl Pts',(27.6365866716969,-62.3350089173985,0.01));
#9366=CARTESIAN_POINT('',(28.2420554216969,-63.7559073548985,0.01));
#9367=CARTESIAN_POINT('Ctrl Pts',(28.2420554216969,-63.7559073548985,0.01));
#9368=CARTESIAN_POINT('Ctrl Pts',(28.2174161839401,-63.4848586887605,0.01));
#9369=CARTESIAN_POINT('Ctrl Pts',(28.1684210303322,-62.9458780935101,0.01));
#9370=CARTESIAN_POINT('Ctrl Pts',(27.8131800462884,-62.5378454726002,0.01));
#9371=CARTESIAN_POINT('Ctrl Pts',(27.6365866716969,-62.3350089173985,0.01));
#9372=CARTESIAN_POINT('',(28.2420554216969,-63.7559073548985,0.));
#9373=CARTESIAN_POINT('Ctrl Pts',(28.0687155779469,-64.6763175111485,-1.));
#9374=CARTESIAN_POINT('Ctrl Pts',(28.0687155779469,-64.6763175111485,0.01));
#9375=CARTESIAN_POINT('Ctrl Pts',(28.1192723003458,-64.5281465488492,-1.));
#9376=CARTESIAN_POINT('Ctrl Pts',(28.1192723003458,-64.5281465488492,0.01));
#9377=CARTESIAN_POINT('Ctrl Pts',(28.2211133135936,-64.229672276419,-1.));
#9378=CARTESIAN_POINT('Ctrl Pts',(28.2211133135936,-64.229672276419,0.01));
#9379=CARTESIAN_POINT('Ctrl Pts',(28.2350415504801,-63.9145793534464,-1.));
#9380=CARTESIAN_POINT('Ctrl Pts',(28.2350415504801,-63.9145793534464,0.01));
#9381=CARTESIAN_POINT('Ctrl Pts',(28.2420554216969,-63.7559073548985,-1.));
#9382=CARTESIAN_POINT('Ctrl Pts',(28.2420554216969,-63.7559073548985,0.01));
#9383=CARTESIAN_POINT('',(28.0687155779469,-64.6763175111485,0.01));
#9384=CARTESIAN_POINT('Ctrl Pts',(28.0687155779469,-64.6763175111485,0.01));
#9385=CARTESIAN_POINT('Ctrl Pts',(28.1192723003458,-64.5281465488492,0.01));
#9386=CARTESIAN_POINT('Ctrl Pts',(28.2211133135936,-64.229672276419,0.01));
#9387=CARTESIAN_POINT('Ctrl Pts',(28.2350415504801,-63.9145793534464,0.01));
#9388=CARTESIAN_POINT('Ctrl Pts',(28.2420554216969,-63.7559073548985,0.01));
#9389=CARTESIAN_POINT('',(28.0687155779469,-64.6763175111485,0.));
#9390=CARTESIAN_POINT('Ctrl Pts',(27.5193991716969,-65.5918448548985,-1.));
#9391=CARTESIAN_POINT('Ctrl Pts',(27.5193991716969,-65.5918448548985,0.01));
#9392=CARTESIAN_POINT('Ctrl Pts',(27.6340600325346,-65.4394919374369,-1.));
#9393=CARTESIAN_POINT('Ctrl Pts',(27.6340600325346,-65.4394919374369,0.01));
#9394=CARTESIAN_POINT('Ctrl Pts',(27.8493538825389,-65.1534253065043,-1.));
#9395=CARTESIAN_POINT('Ctrl Pts',(27.8493538825389,-65.1534253065043,0.01));
#9396=CARTESIAN_POINT('Ctrl Pts',(27.9988417325481,-64.8282918851122,-1.));
#9397=CARTESIAN_POINT('Ctrl Pts',(27.9988417325481,-64.8282918851122,0.01));
#9398=CARTESIAN_POINT('Ctrl Pts',(28.0687155779469,-64.6763175111485,-1.));
#9399=CARTESIAN_POINT('Ctrl Pts',(28.0687155779469,-64.6763175111485,0.01));
#9400=CARTESIAN_POINT('',(27.5193991716969,-65.5918448548985,0.01));
#9401=CARTESIAN_POINT('Ctrl Pts',(27.5193991716969,-65.5918448548985,0.01));
#9402=CARTESIAN_POINT('Ctrl Pts',(27.6340600325346,-65.4394919374369,0.01));
#9403=CARTESIAN_POINT('Ctrl Pts',(27.8493538825389,-65.1534253065043,0.01));
#9404=CARTESIAN_POINT('Ctrl Pts',(27.9988417325481,-64.8282918851122,0.01));
#9405=CARTESIAN_POINT('Ctrl Pts',(28.0687155779469,-64.6763175111485,0.01));
#9406=CARTESIAN_POINT('',(27.5193991716969,-65.5918448548985,0.));
#9407=CARTESIAN_POINT('Ctrl Pts',(26.6209616716969,-66.5049307923985,-1.));
#9408=CARTESIAN_POINT('Ctrl Pts',(26.6209616716969,-66.5049307923985,0.01));
#9409=CARTESIAN_POINT('Ctrl Pts',(26.8080028804982,-66.3333766067802,-1.));
#9410=CARTESIAN_POINT('Ctrl Pts',(26.8080028804982,-66.3333766067802,0.01));
#9411=CARTESIAN_POINT('Ctrl Pts',(27.1232036123412,-66.0442745142298,-1.));
#9412=CARTESIAN_POINT('Ctrl Pts',(27.1232036123412,-66.0442745142298,0.01));
#9413=CARTESIAN_POINT('Ctrl Pts',(27.404873267855,-65.7226260169692,-1.));
#9414=CARTESIAN_POINT('Ctrl Pts',(27.404873267855,-65.7226260169692,0.01));
#9415=CARTESIAN_POINT('Ctrl Pts',(27.5193991716969,-65.5918448548985,-1.));
#9416=CARTESIAN_POINT('Ctrl Pts',(27.5193991716969,-65.5918448548985,0.01));
#9417=CARTESIAN_POINT('',(26.6209616716969,-66.5049307923985,0.01));
#9418=CARTESIAN_POINT('Ctrl Pts',(26.6209616716969,-66.5049307923985,0.01));
#9419=CARTESIAN_POINT('Ctrl Pts',(26.8080028804982,-66.3333766067802,0.01));
#9420=CARTESIAN_POINT('Ctrl Pts',(27.1232036123412,-66.0442745142298,0.01));
#9421=CARTESIAN_POINT('Ctrl Pts',(27.404873267855,-65.7226260169692,0.01));
#9422=CARTESIAN_POINT('Ctrl Pts',(27.5193991716969,-65.5918448548985,0.01));
#9423=CARTESIAN_POINT('',(26.6209616716969,-66.5049307923985,0.));
#9424=CARTESIAN_POINT('Ctrl Pts',(25.7982077654469,-67.2959464173985,-1.));
#9425=CARTESIAN_POINT('Ctrl Pts',(25.7982077654469,-67.2959464173985,0.01));
#9426=CARTESIAN_POINT('Ctrl Pts',(25.8949736111555,-67.1967694051788,-1.));
#9427=CARTESIAN_POINT('Ctrl Pts',(25.8949736111555,-67.1967694051788,0.01));
#9428=CARTESIAN_POINT('Ctrl Pts',(26.1607474313931,-66.9243731560233,-1.));
#9429=CARTESIAN_POINT('Ctrl Pts',(26.1607474313931,-66.9243731560233,0.01));
#9430=CARTESIAN_POINT('Ctrl Pts',(26.4420676206134,-66.6679760375333,-1.));
#9431=CARTESIAN_POINT('Ctrl Pts',(26.4420676206134,-66.6679760375333,0.01));
#9432=CARTESIAN_POINT('Ctrl Pts',(26.6209616716969,-66.5049307923985,-1.));
#9433=CARTESIAN_POINT('Ctrl Pts',(26.6209616716969,-66.5049307923985,0.01));
#9434=CARTESIAN_POINT('',(25.7982077654469,-67.2959464173985,0.01));
#9435=CARTESIAN_POINT('Ctrl Pts',(25.7982077654469,-67.2959464173985,0.01));
#9436=CARTESIAN_POINT('Ctrl Pts',(25.8949736111555,-67.1967694051788,0.01));
#9437=CARTESIAN_POINT('Ctrl Pts',(26.1607474313931,-66.9243731560233,0.01));
#9438=CARTESIAN_POINT('Ctrl Pts',(26.4420676206134,-66.6679760375333,0.01));
#9439=CARTESIAN_POINT('Ctrl Pts',(26.6209616716969,-66.5049307923985,0.01));
#9440=CARTESIAN_POINT('',(25.7982077654469,-67.2959464173985,0.));
#9441=CARTESIAN_POINT('Ctrl Pts',(25.5174460466969,-67.6768057923985,-1.));
#9442=CARTESIAN_POINT('Ctrl Pts',(25.5174460466969,-67.6768057923985,0.01));
#9443=CARTESIAN_POINT('Ctrl Pts',(25.5573082724983,-67.6130882916178,-1.));
#9444=CARTESIAN_POINT('Ctrl Pts',(25.5573082724983,-67.6130882916178,0.01));
#9445=CARTESIAN_POINT('Ctrl Pts',(25.6411859641246,-67.4790145720946,-1.));
#9446=CARTESIAN_POINT('Ctrl Pts',(25.6411859641246,-67.4790145720946,0.01));
#9447=CARTESIAN_POINT('Ctrl Pts',(25.7441674409479,-67.3589508053363,-1.));
#9448=CARTESIAN_POINT('Ctrl Pts',(25.7441674409479,-67.3589508053363,0.01));
#9449=CARTESIAN_POINT('Ctrl Pts',(25.7982077654469,-67.2959464173985,-1.));
#9450=CARTESIAN_POINT('Ctrl Pts',(25.7982077654469,-67.2959464173985,0.01));
#9451=CARTESIAN_POINT('',(25.5174460466969,-67.6768057923985,0.01));
#9452=CARTESIAN_POINT('Ctrl Pts',(25.5174460466969,-67.6768057923985,0.01));
#9453=CARTESIAN_POINT('Ctrl Pts',(25.5573082724983,-67.6130882916178,0.01));
#9454=CARTESIAN_POINT('Ctrl Pts',(25.6411859641246,-67.4790145720946,0.01));
#9455=CARTESIAN_POINT('Ctrl Pts',(25.7441674409479,-67.3589508053363,0.01));
#9456=CARTESIAN_POINT('Ctrl Pts',(25.7982077654469,-67.2959464173985,0.01));
#9457=CARTESIAN_POINT('',(25.5174460466969,-67.6768057923985,0.));
#9458=CARTESIAN_POINT('Origin',(28.2420554216969,-67.6768057923985,0.));
#9459=CARTESIAN_POINT('',(25.5174460466969,-67.6768057923985,0.01));
#9460=CARTESIAN_POINT('Origin',(40.5174460466969,-66.3437979798985,0.01));
#9461=CARTESIAN_POINT('Origin',(40.5174460466969,-66.3437979798985,-1.));
#9462=CARTESIAN_POINT('',(38.3152976091969,-70.9238761048985,-1.));
#9463=CARTESIAN_POINT('',(38.3152976091969,-63.7656729798985,-1.));
#9464=CARTESIAN_POINT('',(38.3152976091969,-70.9238761048985,-1.));
#9465=CARTESIAN_POINT('',(39.5945944841969,-63.7656729798985,-1.));
#9466=CARTESIAN_POINT('',(38.3152976091969,-63.7656729798985,-1.));
#9467=CARTESIAN_POINT('',(39.5945944841969,-64.5273917298985,-1.));
#9468=CARTESIAN_POINT('',(39.5945944841969,-63.7656729798985,-1.));
#9469=CARTESIAN_POINT('',(40.2684226091969,-63.8926261048985,-1.));
#9470=CARTESIAN_POINT('Ctrl Pts',(39.5945944841969,-64.5273917298985,-1.));
#9471=CARTESIAN_POINT('Ctrl Pts',(39.6859359582511,-64.4027111272374,-1.));
#9472=CARTESIAN_POINT('Ctrl Pts',(39.8713323828722,-64.1496460416089,-1.));
#9473=CARTESIAN_POINT('Ctrl Pts',(40.1347739499894,-63.979131306119,-1.));
#9474=CARTESIAN_POINT('Ctrl Pts',(40.2684226091969,-63.8926261048985,-1.));
#9475=CARTESIAN_POINT('',(41.2108054216969,-63.6484854798985,-1.));
#9476=CARTESIAN_POINT('Ctrl Pts',(40.2684226091969,-63.8926261048985,-1.));
#9477=CARTESIAN_POINT('Ctrl Pts',(40.4151001205312,-63.8214225947486,-1.));
#9478=CARTESIAN_POINT('Ctrl Pts',(40.7127481613938,-63.6769315606027,-1.));
#9479=CARTESIAN_POINT('Ctrl Pts',(41.0431976290506,-63.6580582442697,-1.));
#9480=CARTESIAN_POINT('Ctrl Pts',(41.2108054216969,-63.6484854798985,-1.));
#9481=CARTESIAN_POINT('',(42.7440085466969,-64.3564932923985,-1.));
#9482=CARTESIAN_POINT('Ctrl Pts',(41.2108054216969,-63.6484854798985,-1.));
#9483=CARTESIAN_POINT('Ctrl Pts',(41.5019135231545,-63.6795689870026,-1.));
#9484=CARTESIAN_POINT('Ctrl Pts',(42.0922133743781,-63.7425991449652,-1.));
#9485=CARTESIAN_POINT('Ctrl Pts',(42.5247689969607,-64.1500022317327,-1.));
#9486=CARTESIAN_POINT('Ctrl Pts',(42.7440085466969,-64.3564932923985,-1.));
#9487=CARTESIAN_POINT('',(43.3738913591969,-66.3291495423985,-1.));
#9488=CARTESIAN_POINT('Ctrl Pts',(42.7440085466969,-64.3564932923985,-1.));
#9489=CARTESIAN_POINT('Ctrl Pts',(42.9274205499121,-64.6301749823132,-1.));
#9490=CARTESIAN_POINT('Ctrl Pts',(43.3257216633886,-65.2245075228244,-1.));
#9491=CARTESIAN_POINT('Ctrl Pts',(43.3570105566774,-65.942033878198,-1.));
#9492=CARTESIAN_POINT('Ctrl Pts',(43.3738913591969,-66.3291495423985,-1.));
#9493=CARTESIAN_POINT('',(42.7391257341969,-68.3481925111485,-1.));
#9494=CARTESIAN_POINT('Ctrl Pts',(43.3738913591969,-66.3291495423985,-1.));
#9495=CARTESIAN_POINT('Ctrl Pts',(43.357362543728,-66.7259231628453,-1.));
#9496=CARTESIAN_POINT('Ctrl Pts',(43.3268273344101,-67.4589197635401,-1.));
#9497=CARTESIAN_POINT('Ctrl Pts',(42.9239322856687,-68.0685549710367,-1.));
#9498=CARTESIAN_POINT('Ctrl Pts',(42.7391257341969,-68.3481925111485,-1.));
#9499=CARTESIAN_POINT('',(41.2010397966969,-69.0684073548985,-1.));
#9500=CARTESIAN_POINT('Ctrl Pts',(42.7391257341969,-68.3481925111485,-1.));
#9501=CARTESIAN_POINT('Ctrl Pts',(42.5190572484394,-68.5582366233044,-1.));
#9502=CARTESIAN_POINT('Ctrl Pts',(42.0864591367541,-68.9711293915556,-1.));
#9503=CARTESIAN_POINT('Ctrl Pts',(41.4927306203279,-69.0363602920381,-1.));
#9504=CARTESIAN_POINT('Ctrl Pts',(41.2010397966969,-69.0684073548985,-1.));
#9505=CARTESIAN_POINT('',(40.4222312029469,-68.8975089173985,-1.));
#9506=CARTESIAN_POINT('Ctrl Pts',(41.2010397966969,-69.0684073548985,-1.));
#9507=CARTESIAN_POINT('Ctrl Pts',(41.0627678237889,-69.0620577366718,-1.));
#9508=CARTESIAN_POINT('Ctrl Pts',(40.7932398096381,-69.0496806803874,-1.));
#9509=CARTESIAN_POINT('Ctrl Pts',(40.5437358394861,-68.9473448899879,-1.));
#9510=CARTESIAN_POINT('Ctrl Pts',(40.4222312029469,-68.8975089173985,-1.));
#9511=CARTESIAN_POINT('',(39.6873679216969,-68.3115714173985,-1.));
#9512=CARTESIAN_POINT('Ctrl Pts',(40.4222312029469,-68.8975089173985,-1.));
#9513=CARTESIAN_POINT('Ctrl Pts',(40.2992398158358,-68.8247498630472,-1.));
#9514=CARTESIAN_POINT('Ctrl Pts',(40.0273052676833,-68.663879244106,-1.));
#9515=CARTESIAN_POINT('Ctrl Pts',(39.8076673382761,-68.4362485866169,-1.));
#9516=CARTESIAN_POINT('Ctrl Pts',(39.6873679216969,-68.3115714173985,-1.));
#9517=CARTESIAN_POINT('',(39.6873679216969,-70.9238761048985,-1.));
#9518=CARTESIAN_POINT('',(39.6873679216969,-68.3115714173985,-1.));
#9519=CARTESIAN_POINT('',(39.6873679216969,-70.9238761048985,-1.));
#9520=CARTESIAN_POINT('',(40.0047507341969,-65.1206534486485,-1.));
#9521=CARTESIAN_POINT('',(39.6727194841969,-66.2705557923985,-1.));
#9522=CARTESIAN_POINT('Ctrl Pts',(40.0047507341969,-65.1206534486485,-1.));
#9523=CARTESIAN_POINT('Ctrl Pts',(39.9081997318448,-65.276980498972,-1.));
#9524=CARTESIAN_POINT('Ctrl Pts',(39.6917096686463,-65.627502525463,-1.));
#9525=CARTESIAN_POINT('Ctrl Pts',(39.6794896022556,-66.0413033305927,-1.));
#9526=CARTESIAN_POINT('Ctrl Pts',(39.6727194841969,-66.2705557923985,-1.));
#9527=CARTESIAN_POINT('',(40.0193991716969,-67.5620596986485,-1.));
#9528=CARTESIAN_POINT('Ctrl Pts',(39.6727194841969,-66.2705557923985,-1.));
#9529=CARTESIAN_POINT('Ctrl Pts',(39.6781794487676,-66.5306963927841,-1.));
#9530=CARTESIAN_POINT('Ctrl Pts',(39.6878642002821,-66.9921274224056,-1.));
#9531=CARTESIAN_POINT('Ctrl Pts',(39.918701034024,-67.3889524135485,-1.));
#9532=CARTESIAN_POINT('Ctrl Pts',(40.0193991716969,-67.5620596986485,-1.));
#9533=CARTESIAN_POINT('',(40.8641257341969,-67.9795401673985,-1.));
#9534=CARTESIAN_POINT('Ctrl Pts',(40.0193991716969,-67.5620596986485,-1.));
#9535=CARTESIAN_POINT('Ctrl Pts',(40.1391120616847,-67.6838029209374,-1.));
#9536=CARTESIAN_POINT('Ctrl Pts',(40.3727472091112,-67.9214005237564,-1.));
#9537=CARTESIAN_POINT('Ctrl Pts',(40.7030618349646,-67.9604831731936,-1.));
#9538=CARTESIAN_POINT('Ctrl Pts',(40.8641257341969,-67.9795401673985,-1.));
#9539=CARTESIAN_POINT('',(41.6600241716969,-67.5962393861485,-1.));
#9540=CARTESIAN_POINT('Ctrl Pts',(40.8641257341969,-67.9795401673985,-1.));
#9541=CARTESIAN_POINT('Ctrl Pts',(41.0175016903403,-67.9628571446608,-1.));
#9542=CARTESIAN_POINT('Ctrl Pts',(41.3277715752139,-67.9291084419677,-1.));
#9543=CARTESIAN_POINT('Ctrl Pts',(41.5484392978795,-67.7080312938249,-1.));
#9544=CARTESIAN_POINT('Ctrl Pts',(41.6600241716969,-67.5962393861485,-1.));
#9545=CARTESIAN_POINT('',(41.9774069841969,-66.3389151673985,-1.));
#9546=CARTESIAN_POINT('Ctrl Pts',(41.6600241716969,-67.5962393861485,-1.));
#9547=CARTESIAN_POINT('Ctrl Pts',(41.7520809022858,-67.4311306199071,-1.));
#9548=CARTESIAN_POINT('Ctrl Pts',(41.9685182484039,-67.0429384371359,-1.));
#9549=CARTESIAN_POINT('Ctrl Pts',(41.9741630635306,-66.5958466014506,-1.));
#9550=CARTESIAN_POINT('Ctrl Pts',(41.9774069841969,-66.3389151673985,-1.));
#9551=CARTESIAN_POINT('',(41.6502585466969,-65.1279776673985,-1.));
#9552=CARTESIAN_POINT('Ctrl Pts',(41.9774069841969,-66.3389151673985,-1.));
#9553=CARTESIAN_POINT('Ctrl Pts',(41.9719693422777,-66.0956995761186,-1.));
#9554=CARTESIAN_POINT('Ctrl Pts',(41.9622934870454,-65.6629166002577,-1.));
#9555=CARTESIAN_POINT('Ctrl Pts',(41.7453041211829,-65.29091960631,-1.));
#9556=CARTESIAN_POINT('Ctrl Pts',(41.6502585466969,-65.1279776673985,-1.));
#9557=CARTESIAN_POINT('',(40.8397116716969,-64.7324698548985,-1.));
#9558=CARTESIAN_POINT('Ctrl Pts',(41.6502585466969,-65.1279776673985,-1.));
#9559=CARTESIAN_POINT('Ctrl Pts',(41.5361415118208,-65.0126313140288,-1.));
#9560=CARTESIAN_POINT('Ctrl Pts',(41.3117989018672,-64.7858719875909,-1.));
#9561=CARTESIAN_POINT('Ctrl Pts',(40.9952437538266,-64.7500635205539,-1.));
#9562=CARTESIAN_POINT('Ctrl Pts',(40.8397116716969,-64.7324698548985,-1.));
#9563=CARTESIAN_POINT('Ctrl Pts',(40.8397116716969,-64.7324698548985,-1.));
#9564=CARTESIAN_POINT('Ctrl Pts',(40.678943988061,-64.748931842934,-1.));
#9565=CARTESIAN_POINT('Ctrl Pts',(40.3559628444714,-64.7820038608994,-1.));
#9566=CARTESIAN_POINT('Ctrl Pts',(40.1221702833205,-65.0074338849115,-1.));
#9567=CARTESIAN_POINT('Ctrl Pts',(40.0047507341969,-65.1206534486485,-1.));
#9568=CARTESIAN_POINT('Ctrl Pts',(40.0193991716969,-67.5620596986485,-1.));
#9569=CARTESIAN_POINT('Ctrl Pts',(40.0193991716969,-67.5620596986485,0.01));
#9570=CARTESIAN_POINT('Ctrl Pts',(39.918701034024,-67.3889524135485,-1.));
#9571=CARTESIAN_POINT('Ctrl Pts',(39.918701034024,-67.3889524135485,0.01));
#9572=CARTESIAN_POINT('Ctrl Pts',(39.6878642002821,-66.9921274224056,-1.));
#9573=CARTESIAN_POINT('Ctrl Pts',(39.6878642002821,-66.9921274224056,0.01));
#9574=CARTESIAN_POINT('Ctrl Pts',(39.6781794487676,-66.5306963927841,-1.));
#9575=CARTESIAN_POINT('Ctrl Pts',(39.6781794487676,-66.5306963927841,0.01));
#9576=CARTESIAN_POINT('Ctrl Pts',(39.6727194841969,-66.2705557923985,-1.));
#9577=CARTESIAN_POINT('Ctrl Pts',(39.6727194841969,-66.2705557923985,0.01));
#9578=CARTESIAN_POINT('',(39.6727194841969,-66.2705557923985,0.01));
#9579=CARTESIAN_POINT('',(39.6727194841969,-66.2705557923985,0.));
#9580=CARTESIAN_POINT('',(40.0193991716969,-67.5620596986485,0.01));
#9581=CARTESIAN_POINT('Ctrl Pts',(40.0193991716969,-67.5620596986485,0.01));
#9582=CARTESIAN_POINT('Ctrl Pts',(39.918701034024,-67.3889524135485,0.01));
#9583=CARTESIAN_POINT('Ctrl Pts',(39.6878642002821,-66.9921274224056,0.01));
#9584=CARTESIAN_POINT('Ctrl Pts',(39.6781794487676,-66.5306963927841,0.01));
#9585=CARTESIAN_POINT('Ctrl Pts',(39.6727194841969,-66.2705557923985,0.01));
#9586=CARTESIAN_POINT('',(40.0193991716969,-67.5620596986485,0.));
#9587=CARTESIAN_POINT('Ctrl Pts',(40.8641257341969,-67.9795401673985,-1.));
#9588=CARTESIAN_POINT('Ctrl Pts',(40.8641257341969,-67.9795401673985,0.01));
#9589=CARTESIAN_POINT('Ctrl Pts',(40.7030618349646,-67.9604831731936,-1.));
#9590=CARTESIAN_POINT('Ctrl Pts',(40.7030618349646,-67.9604831731936,0.01));
#9591=CARTESIAN_POINT('Ctrl Pts',(40.3727472091112,-67.9214005237564,-1.));
#9592=CARTESIAN_POINT('Ctrl Pts',(40.3727472091112,-67.9214005237564,0.01));
#9593=CARTESIAN_POINT('Ctrl Pts',(40.1391120616847,-67.6838029209374,-1.));
#9594=CARTESIAN_POINT('Ctrl Pts',(40.1391120616847,-67.6838029209374,0.01));
#9595=CARTESIAN_POINT('Ctrl Pts',(40.0193991716969,-67.5620596986485,-1.));
#9596=CARTESIAN_POINT('Ctrl Pts',(40.0193991716969,-67.5620596986485,0.01));
#9597=CARTESIAN_POINT('',(40.8641257341969,-67.9795401673985,0.01));
#9598=CARTESIAN_POINT('Ctrl Pts',(40.8641257341969,-67.9795401673985,0.01));
#9599=CARTESIAN_POINT('Ctrl Pts',(40.7030618349646,-67.9604831731936,0.01));
#9600=CARTESIAN_POINT('Ctrl Pts',(40.3727472091112,-67.9214005237564,0.01));
#9601=CARTESIAN_POINT('Ctrl Pts',(40.1391120616847,-67.6838029209374,0.01));
#9602=CARTESIAN_POINT('Ctrl Pts',(40.0193991716969,-67.5620596986485,0.01));
#9603=CARTESIAN_POINT('',(40.8641257341969,-67.9795401673985,0.));
#9604=CARTESIAN_POINT('Ctrl Pts',(41.6600241716969,-67.5962393861485,-1.));
#9605=CARTESIAN_POINT('Ctrl Pts',(41.6600241716969,-67.5962393861485,0.01));
#9606=CARTESIAN_POINT('Ctrl Pts',(41.5484392978795,-67.7080312938249,-1.));
#9607=CARTESIAN_POINT('Ctrl Pts',(41.5484392978795,-67.7080312938249,0.01));
#9608=CARTESIAN_POINT('Ctrl Pts',(41.3277715752139,-67.9291084419677,-1.));
#9609=CARTESIAN_POINT('Ctrl Pts',(41.3277715752139,-67.9291084419677,0.01));
#9610=CARTESIAN_POINT('Ctrl Pts',(41.0175016903403,-67.9628571446608,-1.));
#9611=CARTESIAN_POINT('Ctrl Pts',(41.0175016903403,-67.9628571446608,0.01));
#9612=CARTESIAN_POINT('Ctrl Pts',(40.8641257341969,-67.9795401673985,-1.));
#9613=CARTESIAN_POINT('Ctrl Pts',(40.8641257341969,-67.9795401673985,0.01));
#9614=CARTESIAN_POINT('',(41.6600241716969,-67.5962393861485,0.01));
#9615=CARTESIAN_POINT('Ctrl Pts',(41.6600241716969,-67.5962393861485,0.01));
#9616=CARTESIAN_POINT('Ctrl Pts',(41.5484392978795,-67.7080312938249,0.01));
#9617=CARTESIAN_POINT('Ctrl Pts',(41.3277715752139,-67.9291084419677,0.01));
#9618=CARTESIAN_POINT('Ctrl Pts',(41.0175016903403,-67.9628571446608,0.01));
#9619=CARTESIAN_POINT('Ctrl Pts',(40.8641257341969,-67.9795401673985,0.01));
#9620=CARTESIAN_POINT('',(41.6600241716969,-67.5962393861485,0.));
#9621=CARTESIAN_POINT('Ctrl Pts',(41.9774069841969,-66.3389151673985,-1.));
#9622=CARTESIAN_POINT('Ctrl Pts',(41.9774069841969,-66.3389151673985,0.01));
#9623=CARTESIAN_POINT('Ctrl Pts',(41.9741630635306,-66.5958466014506,-1.));
#9624=CARTESIAN_POINT('Ctrl Pts',(41.9741630635306,-66.5958466014506,0.01));
#9625=CARTESIAN_POINT('Ctrl Pts',(41.9685182484039,-67.0429384371359,-1.));
#9626=CARTESIAN_POINT('Ctrl Pts',(41.9685182484039,-67.0429384371359,0.01));
#9627=CARTESIAN_POINT('Ctrl Pts',(41.7520809022858,-67.4311306199071,-1.));
#9628=CARTESIAN_POINT('Ctrl Pts',(41.7520809022858,-67.4311306199071,0.01));
#9629=CARTESIAN_POINT('Ctrl Pts',(41.6600241716969,-67.5962393861485,-1.));
#9630=CARTESIAN_POINT('Ctrl Pts',(41.6600241716969,-67.5962393861485,0.01));
#9631=CARTESIAN_POINT('',(41.9774069841969,-66.3389151673985,0.01));
#9632=CARTESIAN_POINT('Ctrl Pts',(41.9774069841969,-66.3389151673985,0.01));
#9633=CARTESIAN_POINT('Ctrl Pts',(41.9741630635306,-66.5958466014506,0.01));
#9634=CARTESIAN_POINT('Ctrl Pts',(41.9685182484039,-67.0429384371359,0.01));
#9635=CARTESIAN_POINT('Ctrl Pts',(41.7520809022858,-67.4311306199071,0.01));
#9636=CARTESIAN_POINT('Ctrl Pts',(41.6600241716969,-67.5962393861485,0.01));
#9637=CARTESIAN_POINT('',(41.9774069841969,-66.3389151673985,0.));
#9638=CARTESIAN_POINT('Ctrl Pts',(41.6502585466969,-65.1279776673985,-1.));
#9639=CARTESIAN_POINT('Ctrl Pts',(41.6502585466969,-65.1279776673985,0.01));
#9640=CARTESIAN_POINT('Ctrl Pts',(41.7453041211829,-65.29091960631,-1.));
#9641=CARTESIAN_POINT('Ctrl Pts',(41.7453041211829,-65.29091960631,0.01));
#9642=CARTESIAN_POINT('Ctrl Pts',(41.9622934870454,-65.6629166002577,-1.));
#9643=CARTESIAN_POINT('Ctrl Pts',(41.9622934870454,-65.6629166002577,0.01));
#9644=CARTESIAN_POINT('Ctrl Pts',(41.9719693422777,-66.0956995761186,-1.));
#9645=CARTESIAN_POINT('Ctrl Pts',(41.9719693422777,-66.0956995761186,0.01));
#9646=CARTESIAN_POINT('Ctrl Pts',(41.9774069841969,-66.3389151673985,-1.));
#9647=CARTESIAN_POINT('Ctrl Pts',(41.9774069841969,-66.3389151673985,0.01));
#9648=CARTESIAN_POINT('',(41.6502585466969,-65.1279776673985,0.01));
#9649=CARTESIAN_POINT('Ctrl Pts',(41.6502585466969,-65.1279776673985,0.01));
#9650=CARTESIAN_POINT('Ctrl Pts',(41.7453041211829,-65.29091960631,0.01));
#9651=CARTESIAN_POINT('Ctrl Pts',(41.9622934870454,-65.6629166002577,0.01));
#9652=CARTESIAN_POINT('Ctrl Pts',(41.9719693422777,-66.0956995761186,0.01));
#9653=CARTESIAN_POINT('Ctrl Pts',(41.9774069841969,-66.3389151673985,0.01));
#9654=CARTESIAN_POINT('',(41.6502585466969,-65.1279776673985,0.));
#9655=CARTESIAN_POINT('Ctrl Pts',(40.8397116716969,-64.7324698548985,-1.));
#9656=CARTESIAN_POINT('Ctrl Pts',(40.8397116716969,-64.7324698548985,0.01));
#9657=CARTESIAN_POINT('Ctrl Pts',(40.9952437538266,-64.7500635205539,-1.));
#9658=CARTESIAN_POINT('Ctrl Pts',(40.9952437538266,-64.7500635205539,0.01));
#9659=CARTESIAN_POINT('Ctrl Pts',(41.3117989018672,-64.7858719875909,-1.));
#9660=CARTESIAN_POINT('Ctrl Pts',(41.3117989018672,-64.7858719875909,0.01));
#9661=CARTESIAN_POINT('Ctrl Pts',(41.5361415118208,-65.0126313140288,-1.));
#9662=CARTESIAN_POINT('Ctrl Pts',(41.5361415118208,-65.0126313140288,0.01));
#9663=CARTESIAN_POINT('Ctrl Pts',(41.6502585466969,-65.1279776673985,-1.));
#9664=CARTESIAN_POINT('Ctrl Pts',(41.6502585466969,-65.1279776673985,0.01));
#9665=CARTESIAN_POINT('',(40.8397116716969,-64.7324698548985,0.01));
#9666=CARTESIAN_POINT('Ctrl Pts',(40.8397116716969,-64.7324698548985,0.01));
#9667=CARTESIAN_POINT('Ctrl Pts',(40.9952437538266,-64.7500635205539,0.01));
#9668=CARTESIAN_POINT('Ctrl Pts',(41.3117989018672,-64.7858719875909,0.01));
#9669=CARTESIAN_POINT('Ctrl Pts',(41.5361415118208,-65.0126313140288,0.01));
#9670=CARTESIAN_POINT('Ctrl Pts',(41.6502585466969,-65.1279776673985,0.01));
#9671=CARTESIAN_POINT('',(40.8397116716969,-64.7324698548985,0.));
#9672=CARTESIAN_POINT('Ctrl Pts',(40.0047507341969,-65.1206534486485,-1.));
#9673=CARTESIAN_POINT('Ctrl Pts',(40.0047507341969,-65.1206534486485,0.01));
#9674=CARTESIAN_POINT('Ctrl Pts',(40.1221702833205,-65.0074338849115,-1.));
#9675=CARTESIAN_POINT('Ctrl Pts',(40.1221702833205,-65.0074338849115,0.01));
#9676=CARTESIAN_POINT('Ctrl Pts',(40.3559628444714,-64.7820038608994,-1.));
#9677=CARTESIAN_POINT('Ctrl Pts',(40.3559628444714,-64.7820038608994,0.01));
#9678=CARTESIAN_POINT('Ctrl Pts',(40.678943988061,-64.748931842934,-1.));
#9679=CARTESIAN_POINT('Ctrl Pts',(40.678943988061,-64.748931842934,0.01));
#9680=CARTESIAN_POINT('Ctrl Pts',(40.8397116716969,-64.7324698548985,-1.));
#9681=CARTESIAN_POINT('Ctrl Pts',(40.8397116716969,-64.7324698548985,0.01));
#9682=CARTESIAN_POINT('',(40.0047507341969,-65.1206534486485,0.01));
#9683=CARTESIAN_POINT('Ctrl Pts',(40.0047507341969,-65.1206534486485,0.01));
#9684=CARTESIAN_POINT('Ctrl Pts',(40.1221702833205,-65.0074338849115,0.01));
#9685=CARTESIAN_POINT('Ctrl Pts',(40.3559628444714,-64.7820038608994,0.01));
#9686=CARTESIAN_POINT('Ctrl Pts',(40.678943988061,-64.748931842934,0.01));
#9687=CARTESIAN_POINT('Ctrl Pts',(40.8397116716969,-64.7324698548985,0.01));
#9688=CARTESIAN_POINT('',(40.0047507341969,-65.1206534486485,0.));
#9689=CARTESIAN_POINT('Ctrl Pts',(39.6727194841969,-66.2705557923985,-1.));
#9690=CARTESIAN_POINT('Ctrl Pts',(39.6727194841969,-66.2705557923985,0.01));
#9691=CARTESIAN_POINT('Ctrl Pts',(39.6794896022556,-66.0413033305927,-1.));
#9692=CARTESIAN_POINT('Ctrl Pts',(39.6794896022556,-66.0413033305927,0.01));
#9693=CARTESIAN_POINT('Ctrl Pts',(39.6917096686463,-65.627502525463,-1.));
#9694=CARTESIAN_POINT('Ctrl Pts',(39.6917096686463,-65.627502525463,0.01));
#9695=CARTESIAN_POINT('Ctrl Pts',(39.9081997318448,-65.276980498972,-1.));
#9696=CARTESIAN_POINT('Ctrl Pts',(39.9081997318448,-65.276980498972,0.01));
#9697=CARTESIAN_POINT('Ctrl Pts',(40.0047507341969,-65.1206534486485,-1.));
#9698=CARTESIAN_POINT('Ctrl Pts',(40.0047507341969,-65.1206534486485,0.01));
#9699=CARTESIAN_POINT('Ctrl Pts',(39.6727194841969,-66.2705557923985,0.01));
#9700=CARTESIAN_POINT('Ctrl Pts',(39.6794896022556,-66.0413033305927,0.01));
#9701=CARTESIAN_POINT('Ctrl Pts',(39.6917096686463,-65.627502525463,0.01));
#9702=CARTESIAN_POINT('Ctrl Pts',(39.9081997318448,-65.276980498972,0.01));
#9703=CARTESIAN_POINT('Ctrl Pts',(40.0047507341969,-65.1206534486485,0.01));
#9704=CARTESIAN_POINT('Origin',(39.5945944841969,-63.7656729798985,0.));
#9705=CARTESIAN_POINT('',(38.3152976091969,-63.7656729798985,0.01));
#9706=CARTESIAN_POINT('',(38.3152976091969,-63.7656729798985,0.));
#9707=CARTESIAN_POINT('',(39.5945944841969,-63.7656729798985,0.01));
#9708=CARTESIAN_POINT('',(38.3152976091969,-63.7656729798985,0.01));
#9709=CARTESIAN_POINT('',(39.5945944841969,-63.7656729798985,0.));
#9710=CARTESIAN_POINT('Origin',(39.5945944841969,-64.5273917298985,0.));
#9711=CARTESIAN_POINT('',(39.5945944841969,-64.5273917298985,0.01));
#9712=CARTESIAN_POINT('',(39.5945944841969,-63.7656729798985,0.01));
#9713=CARTESIAN_POINT('',(39.5945944841969,-64.5273917298985,0.));
#9714=CARTESIAN_POINT('Ctrl Pts',(40.2684226091969,-63.8926261048985,-1.));
#9715=CARTESIAN_POINT('Ctrl Pts',(40.2684226091969,-63.8926261048985,0.01));
#9716=CARTESIAN_POINT('Ctrl Pts',(40.1347739499894,-63.979131306119,-1.));
#9717=CARTESIAN_POINT('Ctrl Pts',(40.1347739499894,-63.979131306119,0.01));
#9718=CARTESIAN_POINT('Ctrl Pts',(39.8713323828722,-64.1496460416089,-1.));
#9719=CARTESIAN_POINT('Ctrl Pts',(39.8713323828722,-64.1496460416089,0.01));
#9720=CARTESIAN_POINT('Ctrl Pts',(39.6859359582511,-64.4027111272374,-1.));
#9721=CARTESIAN_POINT('Ctrl Pts',(39.6859359582511,-64.4027111272374,0.01));
#9722=CARTESIAN_POINT('Ctrl Pts',(39.5945944841969,-64.5273917298985,-1.));
#9723=CARTESIAN_POINT('Ctrl Pts',(39.5945944841969,-64.5273917298985,0.01));
#9724=CARTESIAN_POINT('',(40.2684226091969,-63.8926261048985,0.01));
#9725=CARTESIAN_POINT('Ctrl Pts',(40.2684226091969,-63.8926261048985,0.01));
#9726=CARTESIAN_POINT('Ctrl Pts',(40.1347739499894,-63.979131306119,0.01));
#9727=CARTESIAN_POINT('Ctrl Pts',(39.8713323828722,-64.1496460416089,0.01));
#9728=CARTESIAN_POINT('Ctrl Pts',(39.6859359582511,-64.4027111272374,0.01));
#9729=CARTESIAN_POINT('Ctrl Pts',(39.5945944841969,-64.5273917298985,0.01));
#9730=CARTESIAN_POINT('',(40.2684226091969,-63.8926261048985,0.));
#9731=CARTESIAN_POINT('Ctrl Pts',(41.2108054216969,-63.6484854798985,-1.));
#9732=CARTESIAN_POINT('Ctrl Pts',(41.2108054216969,-63.6484854798985,0.01));
#9733=CARTESIAN_POINT('Ctrl Pts',(41.0431976290506,-63.6580582442697,-1.));
#9734=CARTESIAN_POINT('Ctrl Pts',(41.0431976290506,-63.6580582442697,0.01));
#9735=CARTESIAN_POINT('Ctrl Pts',(40.7127481613938,-63.6769315606027,-1.));
#9736=CARTESIAN_POINT('Ctrl Pts',(40.7127481613938,-63.6769315606027,0.01));
#9737=CARTESIAN_POINT('Ctrl Pts',(40.4151001205312,-63.8214225947486,-1.));
#9738=CARTESIAN_POINT('Ctrl Pts',(40.4151001205312,-63.8214225947486,0.01));
#9739=CARTESIAN_POINT('Ctrl Pts',(40.2684226091969,-63.8926261048985,-1.));
#9740=CARTESIAN_POINT('Ctrl Pts',(40.2684226091969,-63.8926261048985,0.01));
#9741=CARTESIAN_POINT('',(41.2108054216969,-63.6484854798985,0.01));
#9742=CARTESIAN_POINT('Ctrl Pts',(41.2108054216969,-63.6484854798985,0.01));
#9743=CARTESIAN_POINT('Ctrl Pts',(41.0431976290506,-63.6580582442697,0.01));
#9744=CARTESIAN_POINT('Ctrl Pts',(40.7127481613938,-63.6769315606027,0.01));
#9745=CARTESIAN_POINT('Ctrl Pts',(40.4151001205312,-63.8214225947486,0.01));
#9746=CARTESIAN_POINT('Ctrl Pts',(40.2684226091969,-63.8926261048985,0.01));
#9747=CARTESIAN_POINT('',(41.2108054216969,-63.6484854798985,0.));
#9748=CARTESIAN_POINT('Ctrl Pts',(42.7440085466969,-64.3564932923985,-1.));
#9749=CARTESIAN_POINT('Ctrl Pts',(42.7440085466969,-64.3564932923985,0.01));
#9750=CARTESIAN_POINT('Ctrl Pts',(42.5247689969607,-64.1500022317327,-1.));
#9751=CARTESIAN_POINT('Ctrl Pts',(42.5247689969607,-64.1500022317327,0.01));
#9752=CARTESIAN_POINT('Ctrl Pts',(42.0922133743781,-63.7425991449652,-1.));
#9753=CARTESIAN_POINT('Ctrl Pts',(42.0922133743781,-63.7425991449652,0.01));
#9754=CARTESIAN_POINT('Ctrl Pts',(41.5019135231545,-63.6795689870026,-1.));
#9755=CARTESIAN_POINT('Ctrl Pts',(41.5019135231545,-63.6795689870026,0.01));
#9756=CARTESIAN_POINT('Ctrl Pts',(41.2108054216969,-63.6484854798985,-1.));
#9757=CARTESIAN_POINT('Ctrl Pts',(41.2108054216969,-63.6484854798985,0.01));
#9758=CARTESIAN_POINT('',(42.7440085466969,-64.3564932923985,0.01));
#9759=CARTESIAN_POINT('Ctrl Pts',(42.7440085466969,-64.3564932923985,0.01));
#9760=CARTESIAN_POINT('Ctrl Pts',(42.5247689969607,-64.1500022317327,0.01));
#9761=CARTESIAN_POINT('Ctrl Pts',(42.0922133743781,-63.7425991449652,0.01));
#9762=CARTESIAN_POINT('Ctrl Pts',(41.5019135231545,-63.6795689870026,0.01));
#9763=CARTESIAN_POINT('Ctrl Pts',(41.2108054216969,-63.6484854798985,0.01));
#9764=CARTESIAN_POINT('',(42.7440085466969,-64.3564932923985,0.));
#9765=CARTESIAN_POINT('Ctrl Pts',(43.3738913591969,-66.3291495423985,-1.));
#9766=CARTESIAN_POINT('Ctrl Pts',(43.3738913591969,-66.3291495423985,0.01));
#9767=CARTESIAN_POINT('Ctrl Pts',(43.3570105566774,-65.942033878198,-1.));
#9768=CARTESIAN_POINT('Ctrl Pts',(43.3570105566774,-65.942033878198,0.01));
#9769=CARTESIAN_POINT('Ctrl Pts',(43.3257216633886,-65.2245075228244,-1.));
#9770=CARTESIAN_POINT('Ctrl Pts',(43.3257216633886,-65.2245075228244,0.01));
#9771=CARTESIAN_POINT('Ctrl Pts',(42.9274205499121,-64.6301749823132,-1.));
#9772=CARTESIAN_POINT('Ctrl Pts',(42.9274205499121,-64.6301749823132,0.01));
#9773=CARTESIAN_POINT('Ctrl Pts',(42.7440085466969,-64.3564932923985,-1.));
#9774=CARTESIAN_POINT('Ctrl Pts',(42.7440085466969,-64.3564932923985,0.01));
#9775=CARTESIAN_POINT('',(43.3738913591969,-66.3291495423985,0.01));
#9776=CARTESIAN_POINT('Ctrl Pts',(43.3738913591969,-66.3291495423985,0.01));
#9777=CARTESIAN_POINT('Ctrl Pts',(43.3570105566774,-65.942033878198,0.01));
#9778=CARTESIAN_POINT('Ctrl Pts',(43.3257216633886,-65.2245075228244,0.01));
#9779=CARTESIAN_POINT('Ctrl Pts',(42.9274205499121,-64.6301749823132,0.01));
#9780=CARTESIAN_POINT('Ctrl Pts',(42.7440085466969,-64.3564932923985,0.01));
#9781=CARTESIAN_POINT('',(43.3738913591969,-66.3291495423985,0.));
#9782=CARTESIAN_POINT('Ctrl Pts',(42.7391257341969,-68.3481925111485,-1.));
#9783=CARTESIAN_POINT('Ctrl Pts',(42.7391257341969,-68.3481925111485,0.01));
#9784=CARTESIAN_POINT('Ctrl Pts',(42.9239322856687,-68.0685549710367,-1.));
#9785=CARTESIAN_POINT('Ctrl Pts',(42.9239322856687,-68.0685549710367,0.01));
#9786=CARTESIAN_POINT('Ctrl Pts',(43.3268273344101,-67.4589197635401,-1.));
#9787=CARTESIAN_POINT('Ctrl Pts',(43.3268273344101,-67.4589197635401,0.01));
#9788=CARTESIAN_POINT('Ctrl Pts',(43.357362543728,-66.7259231628453,-1.));
#9789=CARTESIAN_POINT('Ctrl Pts',(43.357362543728,-66.7259231628453,0.01));
#9790=CARTESIAN_POINT('Ctrl Pts',(43.3738913591969,-66.3291495423985,-1.));
#9791=CARTESIAN_POINT('Ctrl Pts',(43.3738913591969,-66.3291495423985,0.01));
#9792=CARTESIAN_POINT('',(42.7391257341969,-68.3481925111485,0.01));
#9793=CARTESIAN_POINT('Ctrl Pts',(42.7391257341969,-68.3481925111485,0.01));
#9794=CARTESIAN_POINT('Ctrl Pts',(42.9239322856687,-68.0685549710367,0.01));
#9795=CARTESIAN_POINT('Ctrl Pts',(43.3268273344101,-67.4589197635401,0.01));
#9796=CARTESIAN_POINT('Ctrl Pts',(43.357362543728,-66.7259231628453,0.01));
#9797=CARTESIAN_POINT('Ctrl Pts',(43.3738913591969,-66.3291495423985,0.01));
#9798=CARTESIAN_POINT('',(42.7391257341969,-68.3481925111485,0.));
#9799=CARTESIAN_POINT('Ctrl Pts',(41.2010397966969,-69.0684073548985,-1.));
#9800=CARTESIAN_POINT('Ctrl Pts',(41.2010397966969,-69.0684073548985,0.01));
#9801=CARTESIAN_POINT('Ctrl Pts',(41.4927306203279,-69.0363602920381,-1.));
#9802=CARTESIAN_POINT('Ctrl Pts',(41.4927306203279,-69.0363602920381,0.01));
#9803=CARTESIAN_POINT('Ctrl Pts',(42.0864591367541,-68.9711293915556,-1.));
#9804=CARTESIAN_POINT('Ctrl Pts',(42.0864591367541,-68.9711293915556,0.01));
#9805=CARTESIAN_POINT('Ctrl Pts',(42.5190572484394,-68.5582366233044,-1.));
#9806=CARTESIAN_POINT('Ctrl Pts',(42.5190572484394,-68.5582366233044,0.01));
#9807=CARTESIAN_POINT('Ctrl Pts',(42.7391257341969,-68.3481925111485,-1.));
#9808=CARTESIAN_POINT('Ctrl Pts',(42.7391257341969,-68.3481925111485,0.01));
#9809=CARTESIAN_POINT('',(41.2010397966969,-69.0684073548985,0.01));
#9810=CARTESIAN_POINT('Ctrl Pts',(41.2010397966969,-69.0684073548985,0.01));
#9811=CARTESIAN_POINT('Ctrl Pts',(41.4927306203279,-69.0363602920381,0.01));
#9812=CARTESIAN_POINT('Ctrl Pts',(42.0864591367541,-68.9711293915556,0.01));
#9813=CARTESIAN_POINT('Ctrl Pts',(42.5190572484394,-68.5582366233044,0.01));
#9814=CARTESIAN_POINT('Ctrl Pts',(42.7391257341969,-68.3481925111485,0.01));
#9815=CARTESIAN_POINT('',(41.2010397966969,-69.0684073548985,0.));
#9816=CARTESIAN_POINT('Ctrl Pts',(40.4222312029469,-68.8975089173985,-1.));
#9817=CARTESIAN_POINT('Ctrl Pts',(40.4222312029469,-68.8975089173985,0.01));
#9818=CARTESIAN_POINT('Ctrl Pts',(40.5437358394861,-68.9473448899879,-1.));
#9819=CARTESIAN_POINT('Ctrl Pts',(40.5437358394861,-68.9473448899879,0.01));
#9820=CARTESIAN_POINT('Ctrl Pts',(40.7932398096381,-69.0496806803874,-1.));
#9821=CARTESIAN_POINT('Ctrl Pts',(40.7932398096381,-69.0496806803874,0.01));
#9822=CARTESIAN_POINT('Ctrl Pts',(41.0627678237889,-69.0620577366718,-1.));
#9823=CARTESIAN_POINT('Ctrl Pts',(41.0627678237889,-69.0620577366718,0.01));
#9824=CARTESIAN_POINT('Ctrl Pts',(41.2010397966969,-69.0684073548985,-1.));
#9825=CARTESIAN_POINT('Ctrl Pts',(41.2010397966969,-69.0684073548985,0.01));
#9826=CARTESIAN_POINT('',(40.4222312029469,-68.8975089173985,0.01));
#9827=CARTESIAN_POINT('Ctrl Pts',(40.4222312029469,-68.8975089173985,0.01));
#9828=CARTESIAN_POINT('Ctrl Pts',(40.5437358394861,-68.9473448899879,0.01));
#9829=CARTESIAN_POINT('Ctrl Pts',(40.7932398096381,-69.0496806803874,0.01));
#9830=CARTESIAN_POINT('Ctrl Pts',(41.0627678237889,-69.0620577366718,0.01));
#9831=CARTESIAN_POINT('Ctrl Pts',(41.2010397966969,-69.0684073548985,0.01));
#9832=CARTESIAN_POINT('',(40.4222312029469,-68.8975089173985,0.));
#9833=CARTESIAN_POINT('Ctrl Pts',(39.6873679216969,-68.3115714173985,-1.));
#9834=CARTESIAN_POINT('Ctrl Pts',(39.6873679216969,-68.3115714173985,0.01));
#9835=CARTESIAN_POINT('Ctrl Pts',(39.8076673382761,-68.4362485866169,-1.));
#9836=CARTESIAN_POINT('Ctrl Pts',(39.8076673382761,-68.4362485866169,0.01));
#9837=CARTESIAN_POINT('Ctrl Pts',(40.0273052676833,-68.663879244106,-1.));
#9838=CARTESIAN_POINT('Ctrl Pts',(40.0273052676833,-68.663879244106,0.01));
#9839=CARTESIAN_POINT('Ctrl Pts',(40.2992398158358,-68.8247498630472,-1.));
#9840=CARTESIAN_POINT('Ctrl Pts',(40.2992398158358,-68.8247498630472,0.01));
#9841=CARTESIAN_POINT('Ctrl Pts',(40.4222312029469,-68.8975089173985,-1.));
#9842=CARTESIAN_POINT('Ctrl Pts',(40.4222312029469,-68.8975089173985,0.01));
#9843=CARTESIAN_POINT('',(39.6873679216969,-68.3115714173985,0.01));
#9844=CARTESIAN_POINT('Ctrl Pts',(39.6873679216969,-68.3115714173985,0.01));
#9845=CARTESIAN_POINT('Ctrl Pts',(39.8076673382761,-68.4362485866169,0.01));
#9846=CARTESIAN_POINT('Ctrl Pts',(40.0273052676833,-68.663879244106,0.01));
#9847=CARTESIAN_POINT('Ctrl Pts',(40.2992398158358,-68.8247498630472,0.01));
#9848=CARTESIAN_POINT('Ctrl Pts',(40.4222312029469,-68.8975089173985,0.01));
#9849=CARTESIAN_POINT('',(39.6873679216969,-68.3115714173985,0.));
#9850=CARTESIAN_POINT('Origin',(39.6873679216969,-70.9238761048985,0.));
#9851=CARTESIAN_POINT('',(39.6873679216969,-70.9238761048985,0.01));
#9852=CARTESIAN_POINT('',(39.6873679216969,-68.3115714173985,0.01));
#9853=CARTESIAN_POINT('',(39.6873679216969,-70.9238761048985,0.));
#9854=CARTESIAN_POINT('Origin',(38.3152976091969,-70.9238761048985,0.));
#9855=CARTESIAN_POINT('',(38.3152976091969,-70.9238761048985,0.01));
#9856=CARTESIAN_POINT('',(39.6873679216969,-70.9238761048985,0.01));
#9857=CARTESIAN_POINT('',(38.3152976091969,-70.9238761048985,0.));
#9858=CARTESIAN_POINT('Origin',(38.3152976091969,-63.7656729798985,0.));
#9859=CARTESIAN_POINT('',(38.3152976091969,-70.9238761048985,0.01));
#9860=CARTESIAN_POINT('Origin',(40.5174460466969,-66.3437979798985,0.01));
#9861=CARTESIAN_POINT('Origin',(40.5174460466969,-66.3437979798985,-1.));
#9862=CARTESIAN_POINT('',(67.4754538591969,-64.8423331361485,-1.));
#9863=CARTESIAN_POINT('',(67.1434226091969,-65.3477042298985,-1.));
#9864=CARTESIAN_POINT('Ctrl Pts',(67.4754538591969,-64.8423331361485,-1.));
#9865=CARTESIAN_POINT('Ctrl Pts',(67.4085302045533,-64.9049931334534,-1.));
#9866=CARTESIAN_POINT('Ctrl Pts',(67.2577939888132,-65.0461260545758,-1.));
#9867=CARTESIAN_POINT('Ctrl Pts',(67.1842915421799,-65.2399396975675,-1.));
#9868=CARTESIAN_POINT('Ctrl Pts',(67.1434226091969,-65.3477042298985,-1.));
#9869=CARTESIAN_POINT('',(65.8983054216969,-65.1230948548985,-1.));
#9870=CARTESIAN_POINT('',(67.1434226091969,-65.3477042298985,-1.));
#9871=CARTESIAN_POINT('',(66.6209616716969,-64.0098136048985,-1.));
#9872=CARTESIAN_POINT('Ctrl Pts',(65.8983054216969,-65.1230948548985,-1.));
#9873=CARTESIAN_POINT('Ctrl Pts',(65.9752746918942,-64.892878222774,-1.));
#9874=CARTESIAN_POINT('Ctrl Pts',(66.1205694770633,-64.4582986039063,-1.));
#9875=CARTESIAN_POINT('Ctrl Pts',(66.460913425516,-64.1532595624882,-1.));
#9876=CARTESIAN_POINT('Ctrl Pts',(66.6209616716969,-64.0098136048985,-1.));
#9877=CARTESIAN_POINT('',(68.1443991716969,-63.6484854798985,-1.));
#9878=CARTESIAN_POINT('Ctrl Pts',(66.6209616716969,-64.0098136048985,-1.));
#9879=CARTESIAN_POINT('Ctrl Pts',(66.8295982381836,-63.9048463395292,-1.));
#9880=CARTESIAN_POINT('Ctrl Pts',(67.3066456200881,-63.6648387513422,-1.));
#9881=CARTESIAN_POINT('Ctrl Pts',(67.8427563502561,-63.6543736637547,-1.));
#9882=CARTESIAN_POINT('Ctrl Pts',(68.1443991716969,-63.6484854798985,-1.));
#9883=CARTESIAN_POINT('',(69.5115866716969,-63.8657706361485,-1.));
#9884=CARTESIAN_POINT('Ctrl Pts',(68.1443991716969,-63.6484854798985,-1.));
#9885=CARTESIAN_POINT('Ctrl Pts',(68.4141564114426,-63.6504861457339,-1.));
#9886=CARTESIAN_POINT('Ctrl Pts',(68.8820026997847,-63.6539559472716,-1.));
#9887=CARTESIAN_POINT('Ctrl Pts',(69.3243106959528,-63.8027642632005,-1.));
#9888=CARTESIAN_POINT('Ctrl Pts',(69.5115866716969,-63.8657706361485,-1.));
#9889=CARTESIAN_POINT('',(70.1439108904469,-64.4175284486485,-1.));
#9890=CARTESIAN_POINT('Ctrl Pts',(69.5115866716969,-63.8657706361485,-1.));
#9891=CARTESIAN_POINT('Ctrl Pts',(69.6475856064386,-63.9385155162211,-1.));
#9892=CARTESIAN_POINT('Ctrl Pts',(69.9013662137371,-64.0742609900936,-1.));
#9893=CARTESIAN_POINT('Ctrl Pts',(70.0670265584212,-64.3087159625731,-1.));
#9894=CARTESIAN_POINT('Ctrl Pts',(70.1439108904469,-64.4175284486485,-1.));
#9895=CARTESIAN_POINT('',(70.3270163591969,-65.6455557923985,-1.));
#9896=CARTESIAN_POINT('Ctrl Pts',(70.1439108904469,-64.4175284486485,-1.));
#9897=CARTESIAN_POINT('Ctrl Pts',(70.19676370776,-64.5743856018273,-1.));
#9898=CARTESIAN_POINT('Ctrl Pts',(70.3304568556456,-64.9711615476131,-1.));
#9899=CARTESIAN_POINT('Ctrl Pts',(70.3283128042657,-65.3914311025063,-1.));
#9900=CARTESIAN_POINT('Ctrl Pts',(70.3270163591969,-65.6455557923985,-1.));
#9901=CARTESIAN_POINT('',(70.3123679216969,-67.2471182923985,-1.));
#9902=CARTESIAN_POINT('',(70.3270163591969,-65.6455557923985,-1.));
#9903=CARTESIAN_POINT('',(70.3782858904469,-68.2554190736485,-1.));
#9904=CARTESIAN_POINT('Ctrl Pts',(70.3123679216969,-67.2471182923985,-1.));
#9905=CARTESIAN_POINT('Ctrl Pts',(70.312585213745,-67.4454627307545,-1.));
#9906=CARTESIAN_POINT('Ctrl Pts',(70.3129551576283,-67.7831479447341,-1.));
#9907=CARTESIAN_POINT('Ctrl Pts',(70.3592025801422,-68.1174672076248,-1.));
#9908=CARTESIAN_POINT('Ctrl Pts',(70.3782858904469,-68.2554190736485,-1.));
#9909=CARTESIAN_POINT('',(70.6248679216969,-68.9512198548985,-1.));
#9910=CARTESIAN_POINT('Ctrl Pts',(70.3782858904469,-68.2554190736485,-1.));
#9911=CARTESIAN_POINT('Ctrl Pts',(70.4065593557587,-68.3686633154519,-1.));
#9912=CARTESIAN_POINT('Ctrl Pts',(70.4664199460676,-68.6084240624518,-1.));
#9913=CARTESIAN_POINT('Ctrl Pts',(70.5701381124831,-68.8328141242768,-1.));
#9914=CARTESIAN_POINT('Ctrl Pts',(70.6248679216969,-68.9512198548985,-1.));
#9915=CARTESIAN_POINT('',(69.2674460466969,-68.9512198548985,-1.));
#9916=CARTESIAN_POINT('',(70.6248679216969,-68.9512198548985,-1.));
#9917=CARTESIAN_POINT('',(69.1356101091969,-68.5459464173985,-1.));
#9918=CARTESIAN_POINT('Ctrl Pts',(69.2674460466969,-68.9512198548985,-1.));
#9919=CARTESIAN_POINT('Ctrl Pts',(69.2470001422226,-68.8948276336091,-1.));
#9920=CARTESIAN_POINT('Ctrl Pts',(69.1985571004073,-68.7612159982123,-1.));
#9921=CARTESIAN_POINT('Ctrl Pts',(69.1586652037502,-68.6247914971184,-1.));
#9922=CARTESIAN_POINT('Ctrl Pts',(69.1356101091969,-68.5459464173985,-1.));
#9923=CARTESIAN_POINT('',(69.0867819841969,-68.3848136048985,-1.));
#9924=CARTESIAN_POINT('Ctrl Pts',(69.1356101091969,-68.5459464173985,-1.));
#9925=CARTESIAN_POINT('Ctrl Pts',(69.1262036753598,-68.5120630914928,-1.));
#9926=CARTESIAN_POINT('Ctrl Pts',(69.1111853938217,-68.4579650840316,-1.));
#9927=CARTESIAN_POINT('Ctrl Pts',(69.0934202469345,-68.404712411893,-1.));
#9928=CARTESIAN_POINT('Ctrl Pts',(69.0867819841969,-68.3848136048985,-1.));
#9929=CARTESIAN_POINT('',(68.3348288591969,-68.8975089173985,-1.));
#9930=CARTESIAN_POINT('Ctrl Pts',(69.0867819841969,-68.3848136048985,-1.));
#9931=CARTESIAN_POINT('Ctrl Pts',(68.9697168605728,-68.4906892120083,-1.));
#9932=CARTESIAN_POINT('Ctrl Pts',(68.74250860794,-68.6961800614018,-1.));
#9933=CARTESIAN_POINT('Ctrl Pts',(68.4679337628779,-68.831776297448,-1.));
#9934=CARTESIAN_POINT('Ctrl Pts',(68.3348288591969,-68.8975089173985,-1.));
#9935=CARTESIAN_POINT('',(67.4803366716969,-69.0684073548985,-1.));
#9936=CARTESIAN_POINT('Ctrl Pts',(68.3348288591969,-68.8975089173985,-1.));
#9937=CARTESIAN_POINT('Ctrl Pts',(68.1983214582487,-68.9473526287129,-1.));
#9938=CARTESIAN_POINT('Ctrl Pts',(67.9223048626039,-69.0481361130936,-1.));
#9939=CARTESIAN_POINT('Ctrl Pts',(67.6287236739677,-69.0616014605703,-1.));
#9940=CARTESIAN_POINT('Ctrl Pts',(67.4803366716969,-69.0684073548985,-1.));
#9941=CARTESIAN_POINT('',(66.2181296404469,-68.6338370423985,-1.));
#9942=CARTESIAN_POINT('Ctrl Pts',(67.4803366716969,-69.0684073548985,-1.));
#9943=CARTESIAN_POINT('Ctrl Pts',(67.2333417515462,-69.0554740566662,-1.));
#9944=CARTESIAN_POINT('Ctrl Pts',(66.7693779311628,-69.0311797009187,-1.));
#9945=CARTESIAN_POINT('Ctrl Pts',(66.3937765608704,-68.7604442636768,-1.));
#9946=CARTESIAN_POINT('Ctrl Pts',(66.2181296404469,-68.6338370423985,-1.));
#9947=CARTESIAN_POINT('',(65.7567038591969,-67.5352042298985,-1.));
#9948=CARTESIAN_POINT('Ctrl Pts',(66.2181296404469,-68.6338370423985,-1.));
#9949=CARTESIAN_POINT('Ctrl Pts',(66.0835537276144,-68.4779925639946,-1.));
#9950=CARTESIAN_POINT('Ctrl Pts',(65.8108032169366,-68.1621361809593,-1.));
#9951=CARTESIAN_POINT('Ctrl Pts',(65.7748949038528,-67.7460116700316,-1.));
#9952=CARTESIAN_POINT('Ctrl Pts',(65.7567038591969,-67.5352042298985,-1.));
#9953=CARTESIAN_POINT('',(65.9666647966969,-66.7515128236485,-1.));
#9954=CARTESIAN_POINT('Ctrl Pts',(65.7567038591969,-67.5352042298985,-1.));
#9955=CARTESIAN_POINT('Ctrl Pts',(65.7646284406249,-67.3940571639436,-1.));
#9956=CARTESIAN_POINT('Ctrl Pts',(65.7801251001143,-67.1180415738614,-1.));
#9957=CARTESIAN_POINT('Ctrl Pts',(65.9054350418847,-66.871822151466,-1.));
#9958=CARTESIAN_POINT('Ctrl Pts',(65.9666647966969,-66.7515128236485,-1.));
#9959=CARTESIAN_POINT('',(66.5550437029469,-66.2241690736485,-1.));
#9960=CARTESIAN_POINT('Ctrl Pts',(65.9666647966969,-66.7515128236485,-1.));
#9961=CARTESIAN_POINT('Ctrl Pts',(66.0443565323911,-66.6431512591118,-1.));
#9962=CARTESIAN_POINT('Ctrl Pts',(66.2014822871269,-66.4239980575512,-1.));
#9963=CARTESIAN_POINT('Ctrl Pts',(66.436321894128,-66.2912693209092,-1.));
#9964=CARTESIAN_POINT('Ctrl Pts',(66.5550437029469,-66.2241690736485,-1.));
#9965=CARTESIAN_POINT('',(67.6463522966969,-65.9043448548985,-1.));
#9966=CARTESIAN_POINT('Ctrl Pts',(66.5550437029469,-66.2241690736485,-1.));
#9967=CARTESIAN_POINT('Ctrl Pts',(66.7077824736493,-66.1627858111153,-1.));
#9968=CARTESIAN_POINT('Ctrl Pts',(67.0608856287516,-66.0208793156576,-1.));
#9969=CARTESIAN_POINT('Ctrl Pts',(67.4344036996482,-65.9465322531195,-1.));
#9970=CARTESIAN_POINT('Ctrl Pts',(67.6463522966969,-65.9043448548985,-1.));
#9971=CARTESIAN_POINT('',(68.9793601091969,-65.5674307923985,-1.));
#9972=CARTESIAN_POINT('Ctrl Pts',(67.6463522966969,-65.9043448548985,-1.));
#9973=CARTESIAN_POINT('Ctrl Pts',(67.9197219182582,-65.8536336930438,-1.));
#9974=CARTESIAN_POINT('Ctrl Pts',(68.3715522756213,-65.7698173485201,-1.));
#9975=CARTESIAN_POINT('Ctrl Pts',(68.8072652876418,-65.6247345590446,-1.));
#9976=CARTESIAN_POINT('Ctrl Pts',(68.9793601091969,-65.5674307923985,-1.));
#9977=CARTESIAN_POINT('',(68.9793601091969,-65.4307120423985,-1.));
#9978=CARTESIAN_POINT('',(68.9793601091969,-65.5674307923985,-1.));
#9979=CARTESIAN_POINT('',(68.7840476091969,-64.8667471986485,-1.));
#9980=CARTESIAN_POINT('Ctrl Pts',(68.9793601091969,-65.4307120423985,-1.));
#9981=CARTESIAN_POINT('Ctrl Pts',(68.9759480575366,-65.3129562897336,-1.));
#9982=CARTESIAN_POINT('Ctrl Pts',(68.969857514535,-65.1027612086761,-1.));
#9983=CARTESIAN_POINT('Ctrl Pts',(68.8408030286793,-64.9388374035193,-1.));
#9984=CARTESIAN_POINT('Ctrl Pts',(68.7840476091969,-64.8667471986485,-1.));
#9985=CARTESIAN_POINT('',(68.0467429216969,-64.6982901673985,-1.));
#9986=CARTESIAN_POINT('Ctrl Pts',(68.7840476091969,-64.8667471986485,-1.));
#9987=CARTESIAN_POINT('Ctrl Pts',(68.6917805247807,-64.8180543081642,-1.));
#9988=CARTESIAN_POINT('Ctrl Pts',(68.4629711925587,-64.6973028199585,-1.));
#9989=CARTESIAN_POINT('Ctrl Pts',(68.2022992318666,-64.6979211676563,-1.));
#9990=CARTESIAN_POINT('Ctrl Pts',(68.0467429216969,-64.6982901673985,-1.));
#9991=CARTESIAN_POINT('Ctrl Pts',(68.0467429216969,-64.6982901673985,-1.));
#9992=CARTESIAN_POINT('Ctrl Pts',(67.9357328248824,-64.7014791841088,-1.));
#9993=CARTESIAN_POINT('Ctrl Pts',(67.7339637203307,-64.7072754590828,-1.));
#9994=CARTESIAN_POINT('Ctrl Pts',(67.555658453221,-64.8004304941704,-1.));
#9995=CARTESIAN_POINT('Ctrl Pts',(67.4754538591969,-64.8423331361485,-1.));
#9996=CARTESIAN_POINT('',(68.9793601091969,-66.7344229798985,-1.));
#9997=CARTESIAN_POINT('',(68.9793601091969,-66.4609854798985,-1.));
#9998=CARTESIAN_POINT('',(68.9793601091969,-66.7344229798985,-1.));
#9999=CARTESIAN_POINT('',(68.1443991716969,-66.6709464173985,-1.));
#10000=CARTESIAN_POINT('Ctrl Pts',(68.9793601091969,-66.4609854798985,-1.));
#10001=CARTESIAN_POINT('Ctrl Pts',(68.8661368863177,-66.4943099929398,-1.));
#10002=CARTESIAN_POINT('Ctrl Pts',(68.5906588942661,-66.5753902669796,-1.));
#10003=CARTESIAN_POINT('Ctrl Pts',(68.3098146367718,-66.6355265391014,-1.));
#10004=CARTESIAN_POINT('Ctrl Pts',(68.1443991716969,-66.6709464173985,-1.));
#10005=CARTESIAN_POINT('',(67.3973288591969,-66.9102042298985,-1.));
#10006=CARTESIAN_POINT('Ctrl Pts',(68.1443991716969,-66.6709464173985,-1.));
#10007=CARTESIAN_POINT('Ctrl Pts',(67.9843844062219,-66.7037715818151,-1.));
#10008=CARTESIAN_POINT('Ctrl Pts',(67.7262212739536,-66.7567307399146,-1.));
#10009=CARTESIAN_POINT('Ctrl Pts',(67.4879244572736,-66.8679289386781,-1.));
#10010=CARTESIAN_POINT('Ctrl Pts',(67.3973288591969,-66.9102042298985,-1.));
#10011=CARTESIAN_POINT('',(67.1287741716969,-67.3936026673985,-1.));
#10012=CARTESIAN_POINT('Ctrl Pts',(67.3973288591969,-66.9102042298985,-1.));
#10013=CARTESIAN_POINT('Ctrl Pts',(67.3190281375955,-66.9761540830359,-1.));
#10014=CARTESIAN_POINT('Ctrl Pts',(67.1676618166537,-67.1036444360226,-1.));
#10015=CARTESIAN_POINT('Ctrl Pts',(67.1414343542686,-67.2992044555375,-1.));
#10016=CARTESIAN_POINT('Ctrl Pts',(67.1287741716969,-67.3936026673985,-1.));
#10017=CARTESIAN_POINT('',(67.3436179216969,-67.8916495423985,-1.));
#10018=CARTESIAN_POINT('Ctrl Pts',(67.1287741716969,-67.3936026673985,-1.));
#10019=CARTESIAN_POINT('Ctrl Pts',(67.1381409756314,-67.4867783532294,-1.));
#10020=CARTESIAN_POINT('Ctrl Pts',(67.1570981944704,-67.6753540807798,-1.));
#10021=CARTESIAN_POINT('Ctrl Pts',(67.280957682041,-67.8189863144223,-1.));
#10022=CARTESIAN_POINT('Ctrl Pts',(67.3436179216969,-67.8916495423985,-1.));
#10023=CARTESIAN_POINT('',(67.8904929216969,-68.1016104798985,-1.));
#10024=CARTESIAN_POINT('Ctrl Pts',(67.3436179216969,-67.8916495423985,-1.));
#10025=CARTESIAN_POINT('Ctrl Pts',(67.4215873366321,-67.9528748147705,-1.));
#10026=CARTESIAN_POINT('Ctrl Pts',(67.5820165771483,-68.0788514423392,-1.));
#10027=CARTESIAN_POINT('Ctrl Pts',(67.7857664884487,-68.0938838815065,-1.));
#10028=CARTESIAN_POINT('Ctrl Pts',(67.8904929216969,-68.1016104798985,-1.));
#10029=CARTESIAN_POINT('',(68.5985007341969,-67.8574698548985,-1.));
#10030=CARTESIAN_POINT('Ctrl Pts',(67.8904929216969,-68.1016104798985,-1.));
#10031=CARTESIAN_POINT('Ctrl Pts',(68.0143881691808,-68.0902423964648,-1.));
#10032=CARTESIAN_POINT('Ctrl Pts',(68.2700422850355,-68.0667846983027,-1.));
#10033=CARTESIAN_POINT('Ctrl Pts',(68.4867922594413,-67.9286576777725,-1.));
#10034=CARTESIAN_POINT('Ctrl Pts',(68.5985007341969,-67.8574698548985,-1.));
#10035=CARTESIAN_POINT('',(68.9256491716969,-67.4033682923985,-1.));
#10036=CARTESIAN_POINT('Ctrl Pts',(68.5985007341969,-67.8574698548985,-1.));
#10037=CARTESIAN_POINT('Ctrl Pts',(68.673986327663,-67.7934962254157,-1.));
#10038=CARTESIAN_POINT('Ctrl Pts',(68.820804846218,-67.6690683302908,-1.));
#10039=CARTESIAN_POINT('Ctrl Pts',(68.891366325384,-67.4902490417646,-1.));
#10040=CARTESIAN_POINT('Ctrl Pts',(68.9256491716969,-67.4033682923985,-1.));
#10041=CARTESIAN_POINT('Ctrl Pts',(68.9256491716969,-67.4033682923985,-1.));
#10042=CARTESIAN_POINT('Ctrl Pts',(68.9411198402295,-67.3185196487763,-1.));
#10043=CARTESIAN_POINT('Ctrl Pts',(68.9813900556373,-67.0976582717441,-1.));
#10044=CARTESIAN_POINT('Ctrl Pts',(68.9801337673468,-66.872860102316,-1.));
#10045=CARTESIAN_POINT('Ctrl Pts',(68.9793601091969,-66.7344229798985,-1.));
#10046=CARTESIAN_POINT('Ctrl Pts',(68.1443991716969,-66.6709464173985,-1.));
#10047=CARTESIAN_POINT('Ctrl Pts',(68.1443991716969,-66.6709464173985,0.01));
#10048=CARTESIAN_POINT('Ctrl Pts',(68.3098146367718,-66.6355265391014,-1.));
#10049=CARTESIAN_POINT('Ctrl Pts',(68.3098146367718,-66.6355265391014,0.01));
#10050=CARTESIAN_POINT('Ctrl Pts',(68.5906588942661,-66.5753902669796,-1.));
#10051=CARTESIAN_POINT('Ctrl Pts',(68.5906588942661,-66.5753902669796,0.01));
#10052=CARTESIAN_POINT('Ctrl Pts',(68.8661368863177,-66.4943099929398,-1.));
#10053=CARTESIAN_POINT('Ctrl Pts',(68.8661368863177,-66.4943099929398,0.01));
#10054=CARTESIAN_POINT('Ctrl Pts',(68.9793601091969,-66.4609854798985,-1.));
#10055=CARTESIAN_POINT('Ctrl Pts',(68.9793601091969,-66.4609854798985,0.01));
#10056=CARTESIAN_POINT('',(68.9793601091969,-66.4609854798985,0.01));
#10057=CARTESIAN_POINT('',(68.9793601091969,-66.4609854798985,0.));
#10058=CARTESIAN_POINT('',(68.1443991716969,-66.6709464173985,0.01));
#10059=CARTESIAN_POINT('Ctrl Pts',(68.1443991716969,-66.6709464173985,0.01));
#10060=CARTESIAN_POINT('Ctrl Pts',(68.3098146367718,-66.6355265391014,0.01));
#10061=CARTESIAN_POINT('Ctrl Pts',(68.5906588942661,-66.5753902669796,0.01));
#10062=CARTESIAN_POINT('Ctrl Pts',(68.8661368863177,-66.4943099929398,0.01));
#10063=CARTESIAN_POINT('Ctrl Pts',(68.9793601091969,-66.4609854798985,0.01));
#10064=CARTESIAN_POINT('',(68.1443991716969,-66.6709464173985,0.));
#10065=CARTESIAN_POINT('Ctrl Pts',(67.3973288591969,-66.9102042298985,-1.));
#10066=CARTESIAN_POINT('Ctrl Pts',(67.3973288591969,-66.9102042298985,0.01));
#10067=CARTESIAN_POINT('Ctrl Pts',(67.4879244572736,-66.8679289386781,-1.));
#10068=CARTESIAN_POINT('Ctrl Pts',(67.4879244572736,-66.8679289386781,0.01));
#10069=CARTESIAN_POINT('Ctrl Pts',(67.7262212739536,-66.7567307399146,-1.));
#10070=CARTESIAN_POINT('Ctrl Pts',(67.7262212739536,-66.7567307399146,0.01));
#10071=CARTESIAN_POINT('Ctrl Pts',(67.9843844062219,-66.7037715818151,-1.));
#10072=CARTESIAN_POINT('Ctrl Pts',(67.9843844062219,-66.7037715818151,0.01));
#10073=CARTESIAN_POINT('Ctrl Pts',(68.1443991716969,-66.6709464173985,-1.));
#10074=CARTESIAN_POINT('Ctrl Pts',(68.1443991716969,-66.6709464173985,0.01));
#10075=CARTESIAN_POINT('',(67.3973288591969,-66.9102042298985,0.01));
#10076=CARTESIAN_POINT('Ctrl Pts',(67.3973288591969,-66.9102042298985,0.01));
#10077=CARTESIAN_POINT('Ctrl Pts',(67.4879244572736,-66.8679289386781,0.01));
#10078=CARTESIAN_POINT('Ctrl Pts',(67.7262212739536,-66.7567307399146,0.01));
#10079=CARTESIAN_POINT('Ctrl Pts',(67.9843844062219,-66.7037715818151,0.01));
#10080=CARTESIAN_POINT('Ctrl Pts',(68.1443991716969,-66.6709464173985,0.01));
#10081=CARTESIAN_POINT('',(67.3973288591969,-66.9102042298985,0.));
#10082=CARTESIAN_POINT('Ctrl Pts',(67.1287741716969,-67.3936026673985,-1.));
#10083=CARTESIAN_POINT('Ctrl Pts',(67.1287741716969,-67.3936026673985,0.01));
#10084=CARTESIAN_POINT('Ctrl Pts',(67.1414343542686,-67.2992044555375,-1.));
#10085=CARTESIAN_POINT('Ctrl Pts',(67.1414343542686,-67.2992044555375,0.01));
#10086=CARTESIAN_POINT('Ctrl Pts',(67.1676618166537,-67.1036444360226,-1.));
#10087=CARTESIAN_POINT('Ctrl Pts',(67.1676618166537,-67.1036444360226,0.01));
#10088=CARTESIAN_POINT('Ctrl Pts',(67.3190281375955,-66.9761540830359,-1.));
#10089=CARTESIAN_POINT('Ctrl Pts',(67.3190281375955,-66.9761540830359,0.01));
#10090=CARTESIAN_POINT('Ctrl Pts',(67.3973288591969,-66.9102042298985,-1.));
#10091=CARTESIAN_POINT('Ctrl Pts',(67.3973288591969,-66.9102042298985,0.01));
#10092=CARTESIAN_POINT('',(67.1287741716969,-67.3936026673985,0.01));
#10093=CARTESIAN_POINT('Ctrl Pts',(67.1287741716969,-67.3936026673985,0.01));
#10094=CARTESIAN_POINT('Ctrl Pts',(67.1414343542686,-67.2992044555375,0.01));
#10095=CARTESIAN_POINT('Ctrl Pts',(67.1676618166537,-67.1036444360226,0.01));
#10096=CARTESIAN_POINT('Ctrl Pts',(67.3190281375955,-66.9761540830359,0.01));
#10097=CARTESIAN_POINT('Ctrl Pts',(67.3973288591969,-66.9102042298985,0.01));
#10098=CARTESIAN_POINT('',(67.1287741716969,-67.3936026673985,0.));
#10099=CARTESIAN_POINT('Ctrl Pts',(67.3436179216969,-67.8916495423985,-1.));
#10100=CARTESIAN_POINT('Ctrl Pts',(67.3436179216969,-67.8916495423985,0.01));
#10101=CARTESIAN_POINT('Ctrl Pts',(67.280957682041,-67.8189863144223,-1.));
#10102=CARTESIAN_POINT('Ctrl Pts',(67.280957682041,-67.8189863144223,0.01));
#10103=CARTESIAN_POINT('Ctrl Pts',(67.1570981944704,-67.6753540807798,-1.));
#10104=CARTESIAN_POINT('Ctrl Pts',(67.1570981944704,-67.6753540807798,0.01));
#10105=CARTESIAN_POINT('Ctrl Pts',(67.1381409756314,-67.4867783532294,-1.));
#10106=CARTESIAN_POINT('Ctrl Pts',(67.1381409756314,-67.4867783532294,0.01));
#10107=CARTESIAN_POINT('Ctrl Pts',(67.1287741716969,-67.3936026673985,-1.));
#10108=CARTESIAN_POINT('Ctrl Pts',(67.1287741716969,-67.3936026673985,0.01));
#10109=CARTESIAN_POINT('',(67.3436179216969,-67.8916495423985,0.01));
#10110=CARTESIAN_POINT('Ctrl Pts',(67.3436179216969,-67.8916495423985,0.01));
#10111=CARTESIAN_POINT('Ctrl Pts',(67.280957682041,-67.8189863144223,0.01));
#10112=CARTESIAN_POINT('Ctrl Pts',(67.1570981944704,-67.6753540807798,0.01));
#10113=CARTESIAN_POINT('Ctrl Pts',(67.1381409756314,-67.4867783532294,0.01));
#10114=CARTESIAN_POINT('Ctrl Pts',(67.1287741716969,-67.3936026673985,0.01));
#10115=CARTESIAN_POINT('',(67.3436179216969,-67.8916495423985,0.));
#10116=CARTESIAN_POINT('Ctrl Pts',(67.8904929216969,-68.1016104798985,-1.));
#10117=CARTESIAN_POINT('Ctrl Pts',(67.8904929216969,-68.1016104798985,0.01));
#10118=CARTESIAN_POINT('Ctrl Pts',(67.7857664884487,-68.0938838815065,-1.));
#10119=CARTESIAN_POINT('Ctrl Pts',(67.7857664884487,-68.0938838815065,0.01));
#10120=CARTESIAN_POINT('Ctrl Pts',(67.5820165771483,-68.0788514423392,-1.));
#10121=CARTESIAN_POINT('Ctrl Pts',(67.5820165771483,-68.0788514423392,0.01));
#10122=CARTESIAN_POINT('Ctrl Pts',(67.4215873366321,-67.9528748147705,-1.));
#10123=CARTESIAN_POINT('Ctrl Pts',(67.4215873366321,-67.9528748147705,0.01));
#10124=CARTESIAN_POINT('Ctrl Pts',(67.3436179216969,-67.8916495423985,-1.));
#10125=CARTESIAN_POINT('Ctrl Pts',(67.3436179216969,-67.8916495423985,0.01));
#10126=CARTESIAN_POINT('',(67.8904929216969,-68.1016104798985,0.01));
#10127=CARTESIAN_POINT('Ctrl Pts',(67.8904929216969,-68.1016104798985,0.01));
#10128=CARTESIAN_POINT('Ctrl Pts',(67.7857664884487,-68.0938838815065,0.01));
#10129=CARTESIAN_POINT('Ctrl Pts',(67.5820165771483,-68.0788514423392,0.01));
#10130=CARTESIAN_POINT('Ctrl Pts',(67.4215873366321,-67.9528748147705,0.01));
#10131=CARTESIAN_POINT('Ctrl Pts',(67.3436179216969,-67.8916495423985,0.01));
#10132=CARTESIAN_POINT('',(67.8904929216969,-68.1016104798985,0.));
#10133=CARTESIAN_POINT('Ctrl Pts',(68.5985007341969,-67.8574698548985,-1.));
#10134=CARTESIAN_POINT('Ctrl Pts',(68.5985007341969,-67.8574698548985,0.01));
#10135=CARTESIAN_POINT('Ctrl Pts',(68.4867922594413,-67.9286576777725,-1.));
#10136=CARTESIAN_POINT('Ctrl Pts',(68.4867922594413,-67.9286576777725,0.01));
#10137=CARTESIAN_POINT('Ctrl Pts',(68.2700422850355,-68.0667846983027,-1.));
#10138=CARTESIAN_POINT('Ctrl Pts',(68.2700422850355,-68.0667846983027,0.01));
#10139=CARTESIAN_POINT('Ctrl Pts',(68.0143881691808,-68.0902423964648,-1.));
#10140=CARTESIAN_POINT('Ctrl Pts',(68.0143881691808,-68.0902423964648,0.01));
#10141=CARTESIAN_POINT('Ctrl Pts',(67.8904929216969,-68.1016104798985,-1.));
#10142=CARTESIAN_POINT('Ctrl Pts',(67.8904929216969,-68.1016104798985,0.01));
#10143=CARTESIAN_POINT('',(68.5985007341969,-67.8574698548985,0.01));
#10144=CARTESIAN_POINT('Ctrl Pts',(68.5985007341969,-67.8574698548985,0.01));
#10145=CARTESIAN_POINT('Ctrl Pts',(68.4867922594413,-67.9286576777725,0.01));
#10146=CARTESIAN_POINT('Ctrl Pts',(68.2700422850355,-68.0667846983027,0.01));
#10147=CARTESIAN_POINT('Ctrl Pts',(68.0143881691808,-68.0902423964648,0.01));
#10148=CARTESIAN_POINT('Ctrl Pts',(67.8904929216969,-68.1016104798985,0.01));
#10149=CARTESIAN_POINT('',(68.5985007341969,-67.8574698548985,0.));
#10150=CARTESIAN_POINT('Ctrl Pts',(68.9256491716969,-67.4033682923985,-1.));
#10151=CARTESIAN_POINT('Ctrl Pts',(68.9256491716969,-67.4033682923985,0.01));
#10152=CARTESIAN_POINT('Ctrl Pts',(68.891366325384,-67.4902490417646,-1.));
#10153=CARTESIAN_POINT('Ctrl Pts',(68.891366325384,-67.4902490417646,0.01));
#10154=CARTESIAN_POINT('Ctrl Pts',(68.820804846218,-67.6690683302908,-1.));
#10155=CARTESIAN_POINT('Ctrl Pts',(68.820804846218,-67.6690683302908,0.01));
#10156=CARTESIAN_POINT('Ctrl Pts',(68.673986327663,-67.7934962254157,-1.));
#10157=CARTESIAN_POINT('Ctrl Pts',(68.673986327663,-67.7934962254157,0.01));
#10158=CARTESIAN_POINT('Ctrl Pts',(68.5985007341969,-67.8574698548985,-1.));
#10159=CARTESIAN_POINT('Ctrl Pts',(68.5985007341969,-67.8574698548985,0.01));
#10160=CARTESIAN_POINT('',(68.9256491716969,-67.4033682923985,0.01));
#10161=CARTESIAN_POINT('Ctrl Pts',(68.9256491716969,-67.4033682923985,0.01));
#10162=CARTESIAN_POINT('Ctrl Pts',(68.891366325384,-67.4902490417646,0.01));
#10163=CARTESIAN_POINT('Ctrl Pts',(68.820804846218,-67.6690683302908,0.01));
#10164=CARTESIAN_POINT('Ctrl Pts',(68.673986327663,-67.7934962254157,0.01));
#10165=CARTESIAN_POINT('Ctrl Pts',(68.5985007341969,-67.8574698548985,0.01));
#10166=CARTESIAN_POINT('',(68.9256491716969,-67.4033682923985,0.));
#10167=CARTESIAN_POINT('Ctrl Pts',(68.9793601091969,-66.7344229798985,-1.));
#10168=CARTESIAN_POINT('Ctrl Pts',(68.9793601091969,-66.7344229798985,0.01));
#10169=CARTESIAN_POINT('Ctrl Pts',(68.9801337673468,-66.872860102316,-1.));
#10170=CARTESIAN_POINT('Ctrl Pts',(68.9801337673468,-66.872860102316,0.01));
#10171=CARTESIAN_POINT('Ctrl Pts',(68.9813900556373,-67.0976582717441,-1.));
#10172=CARTESIAN_POINT('Ctrl Pts',(68.9813900556373,-67.0976582717441,0.01));
#10173=CARTESIAN_POINT('Ctrl Pts',(68.9411198402295,-67.3185196487763,-1.));
#10174=CARTESIAN_POINT('Ctrl Pts',(68.9411198402295,-67.3185196487763,0.01));
#10175=CARTESIAN_POINT('Ctrl Pts',(68.9256491716969,-67.4033682923985,-1.));
#10176=CARTESIAN_POINT('Ctrl Pts',(68.9256491716969,-67.4033682923985,0.01));
#10177=CARTESIAN_POINT('',(68.9793601091969,-66.7344229798985,0.01));
#10178=CARTESIAN_POINT('Ctrl Pts',(68.9793601091969,-66.7344229798985,0.01));
#10179=CARTESIAN_POINT('Ctrl Pts',(68.9801337673468,-66.872860102316,0.01));
#10180=CARTESIAN_POINT('Ctrl Pts',(68.9813900556373,-67.0976582717441,0.01));
#10181=CARTESIAN_POINT('Ctrl Pts',(68.9411198402295,-67.3185196487763,0.01));
#10182=CARTESIAN_POINT('Ctrl Pts',(68.9256491716969,-67.4033682923985,0.01));
#10183=CARTESIAN_POINT('',(68.9793601091969,-66.7344229798985,0.));
#10184=CARTESIAN_POINT('Origin',(68.9793601091969,-66.4609854798985,0.));
#10185=CARTESIAN_POINT('',(68.9793601091969,-66.7344229798985,0.01));
#10186=CARTESIAN_POINT('Origin',(65.8983054216969,-65.1230948548985,0.));
#10187=CARTESIAN_POINT('',(67.1434226091969,-65.3477042298985,0.01));
#10188=CARTESIAN_POINT('',(67.1434226091969,-65.3477042298985,0.));
#10189=CARTESIAN_POINT('',(65.8983054216969,-65.1230948548985,0.01));
#10190=CARTESIAN_POINT('',(67.1434226091969,-65.3477042298985,0.01));
#10191=CARTESIAN_POINT('',(65.8983054216969,-65.1230948548985,0.));
#10192=CARTESIAN_POINT('Ctrl Pts',(66.6209616716969,-64.0098136048985,-1.));
#10193=CARTESIAN_POINT('Ctrl Pts',(66.6209616716969,-64.0098136048985,0.01));
#10194=CARTESIAN_POINT('Ctrl Pts',(66.460913425516,-64.1532595624882,-1.));
#10195=CARTESIAN_POINT('Ctrl Pts',(66.460913425516,-64.1532595624882,0.01));
#10196=CARTESIAN_POINT('Ctrl Pts',(66.1205694770633,-64.4582986039063,-1.));
#10197=CARTESIAN_POINT('Ctrl Pts',(66.1205694770633,-64.4582986039063,0.01));
#10198=CARTESIAN_POINT('Ctrl Pts',(65.9752746918942,-64.892878222774,-1.));
#10199=CARTESIAN_POINT('Ctrl Pts',(65.9752746918942,-64.892878222774,0.01));
#10200=CARTESIAN_POINT('Ctrl Pts',(65.8983054216969,-65.1230948548985,-1.));
#10201=CARTESIAN_POINT('Ctrl Pts',(65.8983054216969,-65.1230948548985,0.01));
#10202=CARTESIAN_POINT('',(66.6209616716969,-64.0098136048985,0.01));
#10203=CARTESIAN_POINT('Ctrl Pts',(66.6209616716969,-64.0098136048985,0.01));
#10204=CARTESIAN_POINT('Ctrl Pts',(66.460913425516,-64.1532595624882,0.01));
#10205=CARTESIAN_POINT('Ctrl Pts',(66.1205694770633,-64.4582986039063,0.01));
#10206=CARTESIAN_POINT('Ctrl Pts',(65.9752746918942,-64.892878222774,0.01));
#10207=CARTESIAN_POINT('Ctrl Pts',(65.8983054216969,-65.1230948548985,0.01));
#10208=CARTESIAN_POINT('',(66.6209616716969,-64.0098136048985,0.));
#10209=CARTESIAN_POINT('Ctrl Pts',(68.1443991716969,-63.6484854798985,-1.));
#10210=CARTESIAN_POINT('Ctrl Pts',(68.1443991716969,-63.6484854798985,0.01));
#10211=CARTESIAN_POINT('Ctrl Pts',(67.8427563502561,-63.6543736637547,-1.));
#10212=CARTESIAN_POINT('Ctrl Pts',(67.8427563502561,-63.6543736637547,0.01));
#10213=CARTESIAN_POINT('Ctrl Pts',(67.3066456200881,-63.6648387513422,-1.));
#10214=CARTESIAN_POINT('Ctrl Pts',(67.3066456200881,-63.6648387513422,0.01));
#10215=CARTESIAN_POINT('Ctrl Pts',(66.8295982381836,-63.9048463395292,-1.));
#10216=CARTESIAN_POINT('Ctrl Pts',(66.8295982381836,-63.9048463395292,0.01));
#10217=CARTESIAN_POINT('Ctrl Pts',(66.6209616716969,-64.0098136048985,-1.));
#10218=CARTESIAN_POINT('Ctrl Pts',(66.6209616716969,-64.0098136048985,0.01));
#10219=CARTESIAN_POINT('',(68.1443991716969,-63.6484854798985,0.01));
#10220=CARTESIAN_POINT('Ctrl Pts',(68.1443991716969,-63.6484854798985,0.01));
#10221=CARTESIAN_POINT('Ctrl Pts',(67.8427563502561,-63.6543736637547,0.01));
#10222=CARTESIAN_POINT('Ctrl Pts',(67.3066456200881,-63.6648387513422,0.01));
#10223=CARTESIAN_POINT('Ctrl Pts',(66.8295982381836,-63.9048463395292,0.01));
#10224=CARTESIAN_POINT('Ctrl Pts',(66.6209616716969,-64.0098136048985,0.01));
#10225=CARTESIAN_POINT('',(68.1443991716969,-63.6484854798985,0.));
#10226=CARTESIAN_POINT('Ctrl Pts',(69.5115866716969,-63.8657706361485,-1.));
#10227=CARTESIAN_POINT('Ctrl Pts',(69.5115866716969,-63.8657706361485,0.01));
#10228=CARTESIAN_POINT('Ctrl Pts',(69.3243106959528,-63.8027642632005,-1.));
#10229=CARTESIAN_POINT('Ctrl Pts',(69.3243106959528,-63.8027642632005,0.01));
#10230=CARTESIAN_POINT('Ctrl Pts',(68.8820026997847,-63.6539559472716,-1.));
#10231=CARTESIAN_POINT('Ctrl Pts',(68.8820026997847,-63.6539559472716,0.01));
#10232=CARTESIAN_POINT('Ctrl Pts',(68.4141564114426,-63.6504861457339,-1.));
#10233=CARTESIAN_POINT('Ctrl Pts',(68.4141564114426,-63.6504861457339,0.01));
#10234=CARTESIAN_POINT('Ctrl Pts',(68.1443991716969,-63.6484854798985,-1.));
#10235=CARTESIAN_POINT('Ctrl Pts',(68.1443991716969,-63.6484854798985,0.01));
#10236=CARTESIAN_POINT('',(69.5115866716969,-63.8657706361485,0.01));
#10237=CARTESIAN_POINT('Ctrl Pts',(69.5115866716969,-63.8657706361485,0.01));
#10238=CARTESIAN_POINT('Ctrl Pts',(69.3243106959528,-63.8027642632005,0.01));
#10239=CARTESIAN_POINT('Ctrl Pts',(68.8820026997847,-63.6539559472716,0.01));
#10240=CARTESIAN_POINT('Ctrl Pts',(68.4141564114426,-63.6504861457339,0.01));
#10241=CARTESIAN_POINT('Ctrl Pts',(68.1443991716969,-63.6484854798985,0.01));
#10242=CARTESIAN_POINT('',(69.5115866716969,-63.8657706361485,0.));
#10243=CARTESIAN_POINT('Ctrl Pts',(70.1439108904469,-64.4175284486485,-1.));
#10244=CARTESIAN_POINT('Ctrl Pts',(70.1439108904469,-64.4175284486485,0.01));
#10245=CARTESIAN_POINT('Ctrl Pts',(70.0670265584212,-64.3087159625731,-1.));
#10246=CARTESIAN_POINT('Ctrl Pts',(70.0670265584212,-64.3087159625731,0.01));
#10247=CARTESIAN_POINT('Ctrl Pts',(69.9013662137371,-64.0742609900936,-1.));
#10248=CARTESIAN_POINT('Ctrl Pts',(69.9013662137371,-64.0742609900936,0.01));
#10249=CARTESIAN_POINT('Ctrl Pts',(69.6475856064386,-63.9385155162211,-1.));
#10250=CARTESIAN_POINT('Ctrl Pts',(69.6475856064386,-63.9385155162211,0.01));
#10251=CARTESIAN_POINT('Ctrl Pts',(69.5115866716969,-63.8657706361485,-1.));
#10252=CARTESIAN_POINT('Ctrl Pts',(69.5115866716969,-63.8657706361485,0.01));
#10253=CARTESIAN_POINT('',(70.1439108904469,-64.4175284486485,0.01));
#10254=CARTESIAN_POINT('Ctrl Pts',(70.1439108904469,-64.4175284486485,0.01));
#10255=CARTESIAN_POINT('Ctrl Pts',(70.0670265584212,-64.3087159625731,0.01));
#10256=CARTESIAN_POINT('Ctrl Pts',(69.9013662137371,-64.0742609900936,0.01));
#10257=CARTESIAN_POINT('Ctrl Pts',(69.6475856064386,-63.9385155162211,0.01));
#10258=CARTESIAN_POINT('Ctrl Pts',(69.5115866716969,-63.8657706361485,0.01));
#10259=CARTESIAN_POINT('',(70.1439108904469,-64.4175284486485,0.));
#10260=CARTESIAN_POINT('Ctrl Pts',(70.3270163591969,-65.6455557923985,-1.));
#10261=CARTESIAN_POINT('Ctrl Pts',(70.3270163591969,-65.6455557923985,0.01));
#10262=CARTESIAN_POINT('Ctrl Pts',(70.3283128042657,-65.3914311025063,-1.));
#10263=CARTESIAN_POINT('Ctrl Pts',(70.3283128042657,-65.3914311025063,0.01));
#10264=CARTESIAN_POINT('Ctrl Pts',(70.3304568556456,-64.9711615476131,-1.));
#10265=CARTESIAN_POINT('Ctrl Pts',(70.3304568556456,-64.9711615476131,0.01));
#10266=CARTESIAN_POINT('Ctrl Pts',(70.19676370776,-64.5743856018273,-1.));
#10267=CARTESIAN_POINT('Ctrl Pts',(70.19676370776,-64.5743856018273,0.01));
#10268=CARTESIAN_POINT('Ctrl Pts',(70.1439108904469,-64.4175284486485,-1.));
#10269=CARTESIAN_POINT('Ctrl Pts',(70.1439108904469,-64.4175284486485,0.01));
#10270=CARTESIAN_POINT('',(70.3270163591969,-65.6455557923985,0.01));
#10271=CARTESIAN_POINT('Ctrl Pts',(70.3270163591969,-65.6455557923985,0.01));
#10272=CARTESIAN_POINT('Ctrl Pts',(70.3283128042657,-65.3914311025063,0.01));
#10273=CARTESIAN_POINT('Ctrl Pts',(70.3304568556456,-64.9711615476131,0.01));
#10274=CARTESIAN_POINT('Ctrl Pts',(70.19676370776,-64.5743856018273,0.01));
#10275=CARTESIAN_POINT('Ctrl Pts',(70.1439108904469,-64.4175284486485,0.01));
#10276=CARTESIAN_POINT('',(70.3270163591969,-65.6455557923985,0.));
#10277=CARTESIAN_POINT('Origin',(70.3123679216969,-67.2471182923985,0.));
#10278=CARTESIAN_POINT('',(70.3123679216969,-67.2471182923985,0.01));
#10279=CARTESIAN_POINT('',(70.3270163591969,-65.6455557923985,0.01));
#10280=CARTESIAN_POINT('',(70.3123679216969,-67.2471182923985,0.));
#10281=CARTESIAN_POINT('Ctrl Pts',(70.3782858904469,-68.2554190736485,-1.));
#10282=CARTESIAN_POINT('Ctrl Pts',(70.3782858904469,-68.2554190736485,0.01));
#10283=CARTESIAN_POINT('Ctrl Pts',(70.3592025801422,-68.1174672076248,-1.));
#10284=CARTESIAN_POINT('Ctrl Pts',(70.3592025801422,-68.1174672076248,0.01));
#10285=CARTESIAN_POINT('Ctrl Pts',(70.3129551576283,-67.7831479447341,-1.));
#10286=CARTESIAN_POINT('Ctrl Pts',(70.3129551576283,-67.7831479447341,0.01));
#10287=CARTESIAN_POINT('Ctrl Pts',(70.312585213745,-67.4454627307545,-1.));
#10288=CARTESIAN_POINT('Ctrl Pts',(70.312585213745,-67.4454627307545,0.01));
#10289=CARTESIAN_POINT('Ctrl Pts',(70.3123679216969,-67.2471182923985,-1.));
#10290=CARTESIAN_POINT('Ctrl Pts',(70.3123679216969,-67.2471182923985,0.01));
#10291=CARTESIAN_POINT('',(70.3782858904469,-68.2554190736485,0.01));
#10292=CARTESIAN_POINT('Ctrl Pts',(70.3782858904469,-68.2554190736485,0.01));
#10293=CARTESIAN_POINT('Ctrl Pts',(70.3592025801422,-68.1174672076248,0.01));
#10294=CARTESIAN_POINT('Ctrl Pts',(70.3129551576283,-67.7831479447341,0.01));
#10295=CARTESIAN_POINT('Ctrl Pts',(70.312585213745,-67.4454627307545,0.01));
#10296=CARTESIAN_POINT('Ctrl Pts',(70.3123679216969,-67.2471182923985,0.01));
#10297=CARTESIAN_POINT('',(70.3782858904469,-68.2554190736485,0.));
#10298=CARTESIAN_POINT('Ctrl Pts',(70.6248679216969,-68.9512198548985,-1.));
#10299=CARTESIAN_POINT('Ctrl Pts',(70.6248679216969,-68.9512198548985,0.01));
#10300=CARTESIAN_POINT('Ctrl Pts',(70.5701381124831,-68.8328141242768,-1.));
#10301=CARTESIAN_POINT('Ctrl Pts',(70.5701381124831,-68.8328141242768,0.01));
#10302=CARTESIAN_POINT('Ctrl Pts',(70.4664199460676,-68.6084240624518,-1.));
#10303=CARTESIAN_POINT('Ctrl Pts',(70.4664199460676,-68.6084240624518,0.01));
#10304=CARTESIAN_POINT('Ctrl Pts',(70.4065593557587,-68.3686633154519,-1.));
#10305=CARTESIAN_POINT('Ctrl Pts',(70.4065593557587,-68.3686633154519,0.01));
#10306=CARTESIAN_POINT('Ctrl Pts',(70.3782858904469,-68.2554190736485,-1.));
#10307=CARTESIAN_POINT('Ctrl Pts',(70.3782858904469,-68.2554190736485,0.01));
#10308=CARTESIAN_POINT('',(70.6248679216969,-68.9512198548985,0.01));
#10309=CARTESIAN_POINT('Ctrl Pts',(70.6248679216969,-68.9512198548985,0.01));
#10310=CARTESIAN_POINT('Ctrl Pts',(70.5701381124831,-68.8328141242768,0.01));
#10311=CARTESIAN_POINT('Ctrl Pts',(70.4664199460676,-68.6084240624518,0.01));
#10312=CARTESIAN_POINT('Ctrl Pts',(70.4065593557587,-68.3686633154519,0.01));
#10313=CARTESIAN_POINT('Ctrl Pts',(70.3782858904469,-68.2554190736485,0.01));
#10314=CARTESIAN_POINT('',(70.6248679216969,-68.9512198548985,0.));
#10315=CARTESIAN_POINT('Origin',(69.2674460466969,-68.9512198548985,0.));
#10316=CARTESIAN_POINT('',(69.2674460466969,-68.9512198548985,0.01));
#10317=CARTESIAN_POINT('',(70.6248679216969,-68.9512198548985,0.01));
#10318=CARTESIAN_POINT('',(69.2674460466969,-68.9512198548985,0.));
#10319=CARTESIAN_POINT('Ctrl Pts',(69.1356101091969,-68.5459464173985,-1.));
#10320=CARTESIAN_POINT('Ctrl Pts',(69.1356101091969,-68.5459464173985,0.01));
#10321=CARTESIAN_POINT('Ctrl Pts',(69.1586652037502,-68.6247914971184,-1.));
#10322=CARTESIAN_POINT('Ctrl Pts',(69.1586652037502,-68.6247914971184,0.01));
#10323=CARTESIAN_POINT('Ctrl Pts',(69.1985571004073,-68.7612159982123,-1.));
#10324=CARTESIAN_POINT('Ctrl Pts',(69.1985571004073,-68.7612159982123,0.01));
#10325=CARTESIAN_POINT('Ctrl Pts',(69.2470001422226,-68.8948276336091,-1.));
#10326=CARTESIAN_POINT('Ctrl Pts',(69.2470001422226,-68.8948276336091,0.01));
#10327=CARTESIAN_POINT('Ctrl Pts',(69.2674460466969,-68.9512198548985,-1.));
#10328=CARTESIAN_POINT('Ctrl Pts',(69.2674460466969,-68.9512198548985,0.01));
#10329=CARTESIAN_POINT('',(69.1356101091969,-68.5459464173985,0.01));
#10330=CARTESIAN_POINT('Ctrl Pts',(69.1356101091969,-68.5459464173985,0.01));
#10331=CARTESIAN_POINT('Ctrl Pts',(69.1586652037502,-68.6247914971184,0.01));
#10332=CARTESIAN_POINT('Ctrl Pts',(69.1985571004073,-68.7612159982123,0.01));
#10333=CARTESIAN_POINT('Ctrl Pts',(69.2470001422226,-68.8948276336091,0.01));
#10334=CARTESIAN_POINT('Ctrl Pts',(69.2674460466969,-68.9512198548985,0.01));
#10335=CARTESIAN_POINT('',(69.1356101091969,-68.5459464173985,0.));
#10336=CARTESIAN_POINT('Ctrl Pts',(69.0867819841969,-68.3848136048985,-1.));
#10337=CARTESIAN_POINT('Ctrl Pts',(69.0867819841969,-68.3848136048985,0.01));
#10338=CARTESIAN_POINT('Ctrl Pts',(69.0934202469345,-68.404712411893,-1.));
#10339=CARTESIAN_POINT('Ctrl Pts',(69.0934202469345,-68.404712411893,0.01));
#10340=CARTESIAN_POINT('Ctrl Pts',(69.1111853938217,-68.4579650840316,-1.));
#10341=CARTESIAN_POINT('Ctrl Pts',(69.1111853938217,-68.4579650840316,0.01));
#10342=CARTESIAN_POINT('Ctrl Pts',(69.1262036753598,-68.5120630914928,-1.));
#10343=CARTESIAN_POINT('Ctrl Pts',(69.1262036753598,-68.5120630914928,0.01));
#10344=CARTESIAN_POINT('Ctrl Pts',(69.1356101091969,-68.5459464173985,-1.));
#10345=CARTESIAN_POINT('Ctrl Pts',(69.1356101091969,-68.5459464173985,0.01));
#10346=CARTESIAN_POINT('',(69.0867819841969,-68.3848136048985,0.01));
#10347=CARTESIAN_POINT('Ctrl Pts',(69.0867819841969,-68.3848136048985,0.01));
#10348=CARTESIAN_POINT('Ctrl Pts',(69.0934202469345,-68.404712411893,0.01));
#10349=CARTESIAN_POINT('Ctrl Pts',(69.1111853938217,-68.4579650840316,0.01));
#10350=CARTESIAN_POINT('Ctrl Pts',(69.1262036753598,-68.5120630914928,0.01));
#10351=CARTESIAN_POINT('Ctrl Pts',(69.1356101091969,-68.5459464173985,0.01));
#10352=CARTESIAN_POINT('',(69.0867819841969,-68.3848136048985,0.));
#10353=CARTESIAN_POINT('Ctrl Pts',(68.3348288591969,-68.8975089173985,-1.));
#10354=CARTESIAN_POINT('Ctrl Pts',(68.3348288591969,-68.8975089173985,0.01));
#10355=CARTESIAN_POINT('Ctrl Pts',(68.4679337628779,-68.831776297448,-1.));
#10356=CARTESIAN_POINT('Ctrl Pts',(68.4679337628779,-68.831776297448,0.01));
#10357=CARTESIAN_POINT('Ctrl Pts',(68.74250860794,-68.6961800614018,-1.));
#10358=CARTESIAN_POINT('Ctrl Pts',(68.74250860794,-68.6961800614018,0.01));
#10359=CARTESIAN_POINT('Ctrl Pts',(68.9697168605728,-68.4906892120083,-1.));
#10360=CARTESIAN_POINT('Ctrl Pts',(68.9697168605728,-68.4906892120083,0.01));
#10361=CARTESIAN_POINT('Ctrl Pts',(69.0867819841969,-68.3848136048985,-1.));
#10362=CARTESIAN_POINT('Ctrl Pts',(69.0867819841969,-68.3848136048985,0.01));
#10363=CARTESIAN_POINT('',(68.3348288591969,-68.8975089173985,0.01));
#10364=CARTESIAN_POINT('Ctrl Pts',(68.3348288591969,-68.8975089173985,0.01));
#10365=CARTESIAN_POINT('Ctrl Pts',(68.4679337628779,-68.831776297448,0.01));
#10366=CARTESIAN_POINT('Ctrl Pts',(68.74250860794,-68.6961800614018,0.01));
#10367=CARTESIAN_POINT('Ctrl Pts',(68.9697168605728,-68.4906892120083,0.01));
#10368=CARTESIAN_POINT('Ctrl Pts',(69.0867819841969,-68.3848136048985,0.01));
#10369=CARTESIAN_POINT('',(68.3348288591969,-68.8975089173985,0.));
#10370=CARTESIAN_POINT('Ctrl Pts',(67.4803366716969,-69.0684073548985,-1.));
#10371=CARTESIAN_POINT('Ctrl Pts',(67.4803366716969,-69.0684073548985,0.01));
#10372=CARTESIAN_POINT('Ctrl Pts',(67.6287236739677,-69.0616014605703,-1.));
#10373=CARTESIAN_POINT('Ctrl Pts',(67.6287236739677,-69.0616014605703,0.01));
#10374=CARTESIAN_POINT('Ctrl Pts',(67.9223048626039,-69.0481361130936,-1.));
#10375=CARTESIAN_POINT('Ctrl Pts',(67.9223048626039,-69.0481361130936,0.01));
#10376=CARTESIAN_POINT('Ctrl Pts',(68.1983214582487,-68.9473526287129,-1.));
#10377=CARTESIAN_POINT('Ctrl Pts',(68.1983214582487,-68.9473526287129,0.01));
#10378=CARTESIAN_POINT('Ctrl Pts',(68.3348288591969,-68.8975089173985,-1.));
#10379=CARTESIAN_POINT('Ctrl Pts',(68.3348288591969,-68.8975089173985,0.01));
#10380=CARTESIAN_POINT('',(67.4803366716969,-69.0684073548985,0.01));
#10381=CARTESIAN_POINT('Ctrl Pts',(67.4803366716969,-69.0684073548985,0.01));
#10382=CARTESIAN_POINT('Ctrl Pts',(67.6287236739677,-69.0616014605703,0.01));
#10383=CARTESIAN_POINT('Ctrl Pts',(67.9223048626039,-69.0481361130936,0.01));
#10384=CARTESIAN_POINT('Ctrl Pts',(68.1983214582487,-68.9473526287129,0.01));
#10385=CARTESIAN_POINT('Ctrl Pts',(68.3348288591969,-68.8975089173985,0.01));
#10386=CARTESIAN_POINT('',(67.4803366716969,-69.0684073548985,0.));
#10387=CARTESIAN_POINT('Ctrl Pts',(66.2181296404469,-68.6338370423985,-1.));
#10388=CARTESIAN_POINT('Ctrl Pts',(66.2181296404469,-68.6338370423985,0.01));
#10389=CARTESIAN_POINT('Ctrl Pts',(66.3937765608704,-68.7604442636768,-1.));
#10390=CARTESIAN_POINT('Ctrl Pts',(66.3937765608704,-68.7604442636768,0.01));
#10391=CARTESIAN_POINT('Ctrl Pts',(66.7693779311628,-69.0311797009187,-1.));
#10392=CARTESIAN_POINT('Ctrl Pts',(66.7693779311628,-69.0311797009187,0.01));
#10393=CARTESIAN_POINT('Ctrl Pts',(67.2333417515462,-69.0554740566662,-1.));
#10394=CARTESIAN_POINT('Ctrl Pts',(67.2333417515462,-69.0554740566662,0.01));
#10395=CARTESIAN_POINT('Ctrl Pts',(67.4803366716969,-69.0684073548985,-1.));
#10396=CARTESIAN_POINT('Ctrl Pts',(67.4803366716969,-69.0684073548985,0.01));
#10397=CARTESIAN_POINT('',(66.2181296404469,-68.6338370423985,0.01));
#10398=CARTESIAN_POINT('Ctrl Pts',(66.2181296404469,-68.6338370423985,0.01));
#10399=CARTESIAN_POINT('Ctrl Pts',(66.3937765608704,-68.7604442636768,0.01));
#10400=CARTESIAN_POINT('Ctrl Pts',(66.7693779311628,-69.0311797009187,0.01));
#10401=CARTESIAN_POINT('Ctrl Pts',(67.2333417515462,-69.0554740566662,0.01));
#10402=CARTESIAN_POINT('Ctrl Pts',(67.4803366716969,-69.0684073548985,0.01));
#10403=CARTESIAN_POINT('',(66.2181296404469,-68.6338370423985,0.));
#10404=CARTESIAN_POINT('Ctrl Pts',(65.7567038591969,-67.5352042298985,-1.));
#10405=CARTESIAN_POINT('Ctrl Pts',(65.7567038591969,-67.5352042298985,0.01));
#10406=CARTESIAN_POINT('Ctrl Pts',(65.7748949038528,-67.7460116700316,-1.));
#10407=CARTESIAN_POINT('Ctrl Pts',(65.7748949038528,-67.7460116700316,0.01));
#10408=CARTESIAN_POINT('Ctrl Pts',(65.8108032169366,-68.1621361809593,-1.));
#10409=CARTESIAN_POINT('Ctrl Pts',(65.8108032169366,-68.1621361809593,0.01));
#10410=CARTESIAN_POINT('Ctrl Pts',(66.0835537276144,-68.4779925639946,-1.));
#10411=CARTESIAN_POINT('Ctrl Pts',(66.0835537276144,-68.4779925639946,0.01));
#10412=CARTESIAN_POINT('Ctrl Pts',(66.2181296404469,-68.6338370423985,-1.));
#10413=CARTESIAN_POINT('Ctrl Pts',(66.2181296404469,-68.6338370423985,0.01));
#10414=CARTESIAN_POINT('',(65.7567038591969,-67.5352042298985,0.01));
#10415=CARTESIAN_POINT('Ctrl Pts',(65.7567038591969,-67.5352042298985,0.01));
#10416=CARTESIAN_POINT('Ctrl Pts',(65.7748949038528,-67.7460116700316,0.01));
#10417=CARTESIAN_POINT('Ctrl Pts',(65.8108032169366,-68.1621361809593,0.01));
#10418=CARTESIAN_POINT('Ctrl Pts',(66.0835537276144,-68.4779925639946,0.01));
#10419=CARTESIAN_POINT('Ctrl Pts',(66.2181296404469,-68.6338370423985,0.01));
#10420=CARTESIAN_POINT('',(65.7567038591969,-67.5352042298985,0.));
#10421=CARTESIAN_POINT('Ctrl Pts',(65.9666647966969,-66.7515128236485,-1.));
#10422=CARTESIAN_POINT('Ctrl Pts',(65.9666647966969,-66.7515128236485,0.01));
#10423=CARTESIAN_POINT('Ctrl Pts',(65.9054350418847,-66.871822151466,-1.));
#10424=CARTESIAN_POINT('Ctrl Pts',(65.9054350418847,-66.871822151466,0.01));
#10425=CARTESIAN_POINT('Ctrl Pts',(65.7801251001143,-67.1180415738614,-1.));
#10426=CARTESIAN_POINT('Ctrl Pts',(65.7801251001143,-67.1180415738614,0.01));
#10427=CARTESIAN_POINT('Ctrl Pts',(65.7646284406249,-67.3940571639436,-1.));
#10428=CARTESIAN_POINT('Ctrl Pts',(65.7646284406249,-67.3940571639436,0.01));
#10429=CARTESIAN_POINT('Ctrl Pts',(65.7567038591969,-67.5352042298985,-1.));
#10430=CARTESIAN_POINT('Ctrl Pts',(65.7567038591969,-67.5352042298985,0.01));
#10431=CARTESIAN_POINT('',(65.9666647966969,-66.7515128236485,0.01));
#10432=CARTESIAN_POINT('Ctrl Pts',(65.9666647966969,-66.7515128236485,0.01));
#10433=CARTESIAN_POINT('Ctrl Pts',(65.9054350418847,-66.871822151466,0.01));
#10434=CARTESIAN_POINT('Ctrl Pts',(65.7801251001143,-67.1180415738614,0.01));
#10435=CARTESIAN_POINT('Ctrl Pts',(65.7646284406249,-67.3940571639436,0.01));
#10436=CARTESIAN_POINT('Ctrl Pts',(65.7567038591969,-67.5352042298985,0.01));
#10437=CARTESIAN_POINT('',(65.9666647966969,-66.7515128236485,0.));
#10438=CARTESIAN_POINT('Ctrl Pts',(66.5550437029469,-66.2241690736485,-1.));
#10439=CARTESIAN_POINT('Ctrl Pts',(66.5550437029469,-66.2241690736485,0.01));
#10440=CARTESIAN_POINT('Ctrl Pts',(66.436321894128,-66.2912693209092,-1.));
#10441=CARTESIAN_POINT('Ctrl Pts',(66.436321894128,-66.2912693209092,0.01));
#10442=CARTESIAN_POINT('Ctrl Pts',(66.2014822871269,-66.4239980575512,-1.));
#10443=CARTESIAN_POINT('Ctrl Pts',(66.2014822871269,-66.4239980575512,0.01));
#10444=CARTESIAN_POINT('Ctrl Pts',(66.0443565323911,-66.6431512591118,-1.));
#10445=CARTESIAN_POINT('Ctrl Pts',(66.0443565323911,-66.6431512591118,0.01));
#10446=CARTESIAN_POINT('Ctrl Pts',(65.9666647966969,-66.7515128236485,-1.));
#10447=CARTESIAN_POINT('Ctrl Pts',(65.9666647966969,-66.7515128236485,0.01));
#10448=CARTESIAN_POINT('',(66.5550437029469,-66.2241690736485,0.01));
#10449=CARTESIAN_POINT('Ctrl Pts',(66.5550437029469,-66.2241690736485,0.01));
#10450=CARTESIAN_POINT('Ctrl Pts',(66.436321894128,-66.2912693209092,0.01));
#10451=CARTESIAN_POINT('Ctrl Pts',(66.2014822871269,-66.4239980575512,0.01));
#10452=CARTESIAN_POINT('Ctrl Pts',(66.0443565323911,-66.6431512591118,0.01));
#10453=CARTESIAN_POINT('Ctrl Pts',(65.9666647966969,-66.7515128236485,0.01));
#10454=CARTESIAN_POINT('',(66.5550437029469,-66.2241690736485,0.));
#10455=CARTESIAN_POINT('Ctrl Pts',(67.6463522966969,-65.9043448548985,-1.));
#10456=CARTESIAN_POINT('Ctrl Pts',(67.6463522966969,-65.9043448548985,0.01));
#10457=CARTESIAN_POINT('Ctrl Pts',(67.4344036996482,-65.9465322531195,-1.));
#10458=CARTESIAN_POINT('Ctrl Pts',(67.4344036996482,-65.9465322531195,0.01));
#10459=CARTESIAN_POINT('Ctrl Pts',(67.0608856287516,-66.0208793156576,-1.));
#10460=CARTESIAN_POINT('Ctrl Pts',(67.0608856287516,-66.0208793156576,0.01));
#10461=CARTESIAN_POINT('Ctrl Pts',(66.7077824736493,-66.1627858111153,-1.));
#10462=CARTESIAN_POINT('Ctrl Pts',(66.7077824736493,-66.1627858111153,0.01));
#10463=CARTESIAN_POINT('Ctrl Pts',(66.5550437029469,-66.2241690736485,-1.));
#10464=CARTESIAN_POINT('Ctrl Pts',(66.5550437029469,-66.2241690736485,0.01));
#10465=CARTESIAN_POINT('',(67.6463522966969,-65.9043448548985,0.01));
#10466=CARTESIAN_POINT('Ctrl Pts',(67.6463522966969,-65.9043448548985,0.01));
#10467=CARTESIAN_POINT('Ctrl Pts',(67.4344036996482,-65.9465322531195,0.01));
#10468=CARTESIAN_POINT('Ctrl Pts',(67.0608856287516,-66.0208793156576,0.01));
#10469=CARTESIAN_POINT('Ctrl Pts',(66.7077824736493,-66.1627858111153,0.01));
#10470=CARTESIAN_POINT('Ctrl Pts',(66.5550437029469,-66.2241690736485,0.01));
#10471=CARTESIAN_POINT('',(67.6463522966969,-65.9043448548985,0.));
#10472=CARTESIAN_POINT('Ctrl Pts',(68.9793601091969,-65.5674307923985,-1.));
#10473=CARTESIAN_POINT('Ctrl Pts',(68.9793601091969,-65.5674307923985,0.01));
#10474=CARTESIAN_POINT('Ctrl Pts',(68.8072652876418,-65.6247345590446,-1.));
#10475=CARTESIAN_POINT('Ctrl Pts',(68.8072652876418,-65.6247345590446,0.01));
#10476=CARTESIAN_POINT('Ctrl Pts',(68.3715522756213,-65.7698173485201,-1.));
#10477=CARTESIAN_POINT('Ctrl Pts',(68.3715522756213,-65.7698173485201,0.01));
#10478=CARTESIAN_POINT('Ctrl Pts',(67.9197219182582,-65.8536336930438,-1.));
#10479=CARTESIAN_POINT('Ctrl Pts',(67.9197219182582,-65.8536336930438,0.01));
#10480=CARTESIAN_POINT('Ctrl Pts',(67.6463522966969,-65.9043448548985,-1.));
#10481=CARTESIAN_POINT('Ctrl Pts',(67.6463522966969,-65.9043448548985,0.01));
#10482=CARTESIAN_POINT('',(68.9793601091969,-65.5674307923985,0.01));
#10483=CARTESIAN_POINT('Ctrl Pts',(68.9793601091969,-65.5674307923985,0.01));
#10484=CARTESIAN_POINT('Ctrl Pts',(68.8072652876418,-65.6247345590446,0.01));
#10485=CARTESIAN_POINT('Ctrl Pts',(68.3715522756213,-65.7698173485201,0.01));
#10486=CARTESIAN_POINT('Ctrl Pts',(67.9197219182582,-65.8536336930438,0.01));
#10487=CARTESIAN_POINT('Ctrl Pts',(67.6463522966969,-65.9043448548985,0.01));
#10488=CARTESIAN_POINT('',(68.9793601091969,-65.5674307923985,0.));
#10489=CARTESIAN_POINT('Origin',(68.9793601091969,-65.4307120423985,0.));
#10490=CARTESIAN_POINT('',(68.9793601091969,-65.4307120423985,0.01));
#10491=CARTESIAN_POINT('',(68.9793601091969,-65.5674307923985,0.01));
#10492=CARTESIAN_POINT('',(68.9793601091969,-65.4307120423985,0.));
#10493=CARTESIAN_POINT('Ctrl Pts',(68.7840476091969,-64.8667471986485,-1.));
#10494=CARTESIAN_POINT('Ctrl Pts',(68.7840476091969,-64.8667471986485,0.01));
#10495=CARTESIAN_POINT('Ctrl Pts',(68.8408030286793,-64.9388374035193,-1.));
#10496=CARTESIAN_POINT('Ctrl Pts',(68.8408030286793,-64.9388374035193,0.01));
#10497=CARTESIAN_POINT('Ctrl Pts',(68.969857514535,-65.1027612086761,-1.));
#10498=CARTESIAN_POINT('Ctrl Pts',(68.969857514535,-65.1027612086761,0.01));
#10499=CARTESIAN_POINT('Ctrl Pts',(68.9759480575366,-65.3129562897336,-1.));
#10500=CARTESIAN_POINT('Ctrl Pts',(68.9759480575366,-65.3129562897336,0.01));
#10501=CARTESIAN_POINT('Ctrl Pts',(68.9793601091969,-65.4307120423985,-1.));
#10502=CARTESIAN_POINT('Ctrl Pts',(68.9793601091969,-65.4307120423985,0.01));
#10503=CARTESIAN_POINT('',(68.7840476091969,-64.8667471986485,0.01));
#10504=CARTESIAN_POINT('Ctrl Pts',(68.7840476091969,-64.8667471986485,0.01));
#10505=CARTESIAN_POINT('Ctrl Pts',(68.8408030286793,-64.9388374035193,0.01));
#10506=CARTESIAN_POINT('Ctrl Pts',(68.969857514535,-65.1027612086761,0.01));
#10507=CARTESIAN_POINT('Ctrl Pts',(68.9759480575366,-65.3129562897336,0.01));
#10508=CARTESIAN_POINT('Ctrl Pts',(68.9793601091969,-65.4307120423985,0.01));
#10509=CARTESIAN_POINT('',(68.7840476091969,-64.8667471986485,0.));
#10510=CARTESIAN_POINT('Ctrl Pts',(68.0467429216969,-64.6982901673985,-1.));
#10511=CARTESIAN_POINT('Ctrl Pts',(68.0467429216969,-64.6982901673985,0.01));
#10512=CARTESIAN_POINT('Ctrl Pts',(68.2022992318666,-64.6979211676563,-1.));
#10513=CARTESIAN_POINT('Ctrl Pts',(68.2022992318666,-64.6979211676563,0.01));
#10514=CARTESIAN_POINT('Ctrl Pts',(68.4629711925587,-64.6973028199585,-1.));
#10515=CARTESIAN_POINT('Ctrl Pts',(68.4629711925587,-64.6973028199585,0.01));
#10516=CARTESIAN_POINT('Ctrl Pts',(68.6917805247807,-64.8180543081642,-1.));
#10517=CARTESIAN_POINT('Ctrl Pts',(68.6917805247807,-64.8180543081642,0.01));
#10518=CARTESIAN_POINT('Ctrl Pts',(68.7840476091969,-64.8667471986485,-1.));
#10519=CARTESIAN_POINT('Ctrl Pts',(68.7840476091969,-64.8667471986485,0.01));
#10520=CARTESIAN_POINT('',(68.0467429216969,-64.6982901673985,0.01));
#10521=CARTESIAN_POINT('Ctrl Pts',(68.0467429216969,-64.6982901673985,0.01));
#10522=CARTESIAN_POINT('Ctrl Pts',(68.2022992318666,-64.6979211676563,0.01));
#10523=CARTESIAN_POINT('Ctrl Pts',(68.4629711925587,-64.6973028199585,0.01));
#10524=CARTESIAN_POINT('Ctrl Pts',(68.6917805247807,-64.8180543081642,0.01));
#10525=CARTESIAN_POINT('Ctrl Pts',(68.7840476091969,-64.8667471986485,0.01));
#10526=CARTESIAN_POINT('',(68.0467429216969,-64.6982901673985,0.));
#10527=CARTESIAN_POINT('Ctrl Pts',(67.4754538591969,-64.8423331361485,-1.));
#10528=CARTESIAN_POINT('Ctrl Pts',(67.4754538591969,-64.8423331361485,0.01));
#10529=CARTESIAN_POINT('Ctrl Pts',(67.555658453221,-64.8004304941704,-1.));
#10530=CARTESIAN_POINT('Ctrl Pts',(67.555658453221,-64.8004304941704,0.01));
#10531=CARTESIAN_POINT('Ctrl Pts',(67.7339637203307,-64.7072754590828,-1.));
#10532=CARTESIAN_POINT('Ctrl Pts',(67.7339637203307,-64.7072754590828,0.01));
#10533=CARTESIAN_POINT('Ctrl Pts',(67.9357328248824,-64.7014791841088,-1.));
#10534=CARTESIAN_POINT('Ctrl Pts',(67.9357328248824,-64.7014791841088,0.01));
#10535=CARTESIAN_POINT('Ctrl Pts',(68.0467429216969,-64.6982901673985,-1.));
#10536=CARTESIAN_POINT('Ctrl Pts',(68.0467429216969,-64.6982901673985,0.01));
#10537=CARTESIAN_POINT('',(67.4754538591969,-64.8423331361485,0.01));
#10538=CARTESIAN_POINT('Ctrl Pts',(67.4754538591969,-64.8423331361485,0.01));
#10539=CARTESIAN_POINT('Ctrl Pts',(67.555658453221,-64.8004304941704,0.01));
#10540=CARTESIAN_POINT('Ctrl Pts',(67.7339637203307,-64.7072754590828,0.01));
#10541=CARTESIAN_POINT('Ctrl Pts',(67.9357328248824,-64.7014791841088,0.01));
#10542=CARTESIAN_POINT('Ctrl Pts',(68.0467429216969,-64.6982901673985,0.01));
#10543=CARTESIAN_POINT('',(67.4754538591969,-64.8423331361485,0.));
#10544=CARTESIAN_POINT('Ctrl Pts',(67.1434226091969,-65.3477042298985,-1.));
#10545=CARTESIAN_POINT('Ctrl Pts',(67.1434226091969,-65.3477042298985,0.01));
#10546=CARTESIAN_POINT('Ctrl Pts',(67.1842915421799,-65.2399396975675,-1.));
#10547=CARTESIAN_POINT('Ctrl Pts',(67.1842915421799,-65.2399396975675,0.01));
#10548=CARTESIAN_POINT('Ctrl Pts',(67.2577939888132,-65.0461260545758,-1.));
#10549=CARTESIAN_POINT('Ctrl Pts',(67.2577939888132,-65.0461260545758,0.01));
#10550=CARTESIAN_POINT('Ctrl Pts',(67.4085302045533,-64.9049931334534,-1.));
#10551=CARTESIAN_POINT('Ctrl Pts',(67.4085302045533,-64.9049931334534,0.01));
#10552=CARTESIAN_POINT('Ctrl Pts',(67.4754538591969,-64.8423331361485,-1.));
#10553=CARTESIAN_POINT('Ctrl Pts',(67.4754538591969,-64.8423331361485,0.01));
#10554=CARTESIAN_POINT('Ctrl Pts',(67.1434226091969,-65.3477042298985,0.01));
#10555=CARTESIAN_POINT('Ctrl Pts',(67.1842915421799,-65.2399396975675,0.01));
#10556=CARTESIAN_POINT('Ctrl Pts',(67.2577939888132,-65.0461260545758,0.01));
#10557=CARTESIAN_POINT('Ctrl Pts',(67.4085302045533,-64.9049931334534,0.01));
#10558=CARTESIAN_POINT('Ctrl Pts',(67.4754538591969,-64.8423331361485,0.01));
#10559=CARTESIAN_POINT('Origin',(40.5174460466969,-66.3437979798985,0.01));
#10560=CARTESIAN_POINT('Origin',(40.5174460466969,-66.3437979798985,-1.));
#10561=CARTESIAN_POINT('',(80.3270163591969,-61.7930167298985,-1.));
#10562=CARTESIAN_POINT('',(80.3270163591969,-68.9512198548985,-1.));
#10563=CARTESIAN_POINT('',(80.3270163591969,-61.7930167298985,-1.));
#10564=CARTESIAN_POINT('',(79.0526022966969,-68.9512198548985,-1.));
#10565=CARTESIAN_POINT('',(80.3270163591969,-68.9512198548985,-1.));
#10566=CARTESIAN_POINT('',(79.0526022966969,-68.1895011048985,-1.));
#10567=CARTESIAN_POINT('',(79.0526022966969,-68.9512198548985,-1.));
#10568=CARTESIAN_POINT('',(78.3030905779469,-68.8511221986485,-1.));
#10569=CARTESIAN_POINT('Ctrl Pts',(79.0526022966969,-68.1895011048985,-1.));
#10570=CARTESIAN_POINT('Ctrl Pts',(78.9444451026936,-68.3269121834627,-1.));
#10571=CARTESIAN_POINT('Ctrl Pts',(78.7347659428665,-68.593304444928,-1.));
#10572=CARTESIAN_POINT('Ctrl Pts',(78.4439143990455,-68.7670152882791,-1.));
#10573=CARTESIAN_POINT('Ctrl Pts',(78.3030905779469,-68.8511221986485,-1.));
#10574=CARTESIAN_POINT('',(77.4315085466969,-69.0684073548985,-1.));
#10575=CARTESIAN_POINT('Ctrl Pts',(78.3030905779469,-68.8511221986485,-1.));
#10576=CARTESIAN_POINT('Ctrl Pts',(78.1606630668083,-68.9144854744691,-1.));
#10577=CARTESIAN_POINT('Ctrl Pts',(77.8827425408991,-69.0381270012966,-1.));
#10578=CARTESIAN_POINT('Ctrl Pts',(77.5793969156674,-69.0584832087491,-1.));
#10579=CARTESIAN_POINT('Ctrl Pts',(77.4315085466969,-69.0684073548985,-1.));
#10580=CARTESIAN_POINT('',(75.9007468279469,-68.3481925111485,-1.));
#10581=CARTESIAN_POINT('Ctrl Pts',(77.4315085466969,-69.0684073548985,-1.));
#10582=CARTESIAN_POINT('Ctrl Pts',(77.142208560426,-69.0359550470286,-1.));
#10583=CARTESIAN_POINT('Ctrl Pts',(76.5511953460144,-68.9696579723674,-1.));
#10584=CARTESIAN_POINT('Ctrl Pts',(76.1205778005396,-68.5582281296143,-1.));
#10585=CARTESIAN_POINT('Ctrl Pts',(75.9007468279469,-68.3481925111485,-1.));
#10586=CARTESIAN_POINT('',(75.2635397966969,-66.3389151673985,-1.));
#10587=CARTESIAN_POINT('Ctrl Pts',(75.9007468279469,-68.3481925111485,-1.));
#10588=CARTESIAN_POINT('Ctrl Pts',(75.7152107382803,-68.0694695104145,-1.));
#10589=CARTESIAN_POINT('Ctrl Pts',(75.3117967568867,-67.4634377910111,-1.));
#10590=CARTESIAN_POINT('Ctrl Pts',(75.2804628005252,-66.7332686573313,-1.));
#10591=CARTESIAN_POINT('Ctrl Pts',(75.2635397966969,-66.3389151673985,-1.));
#10592=CARTESIAN_POINT('',(75.8836569841969,-64.3345206361485,-1.));
#10593=CARTESIAN_POINT('Ctrl Pts',(75.2635397966969,-66.3389151673985,-1.));
#10594=CARTESIAN_POINT('Ctrl Pts',(75.2777507555509,-65.9398144604198,-1.));
#10595=CARTESIAN_POINT('Ctrl Pts',(75.3036617975331,-65.2121285048218,-1.));
#10596=CARTESIAN_POINT('Ctrl Pts',(75.7032318605667,-64.6075272262808,-1.));
#10597=CARTESIAN_POINT('Ctrl Pts',(75.8836569841969,-64.3345206361485,-1.));
#10598=CARTESIAN_POINT('',(77.4510397966969,-63.6484854798985,-1.));
#10599=CARTESIAN_POINT('Ctrl Pts',(75.8836569841969,-64.3345206361485,-1.));
#10600=CARTESIAN_POINT('Ctrl Pts',(76.105062957642,-64.1344297184507,-1.));
#10601=CARTESIAN_POINT('Ctrl Pts',(76.5509321273705,-63.7314849832392,-1.));
#10602=CARTESIAN_POINT('Ctrl Pts',(77.149635516223,-63.6762781611927,-1.));
#10603=CARTESIAN_POINT('Ctrl Pts',(77.4510397966969,-63.6484854798985,-1.));
#10604=CARTESIAN_POINT('',(78.9549460466969,-64.3711417298985,-1.));
#10605=CARTESIAN_POINT('Ctrl Pts',(77.4510397966969,-63.6484854798985,-1.));
#10606=CARTESIAN_POINT('Ctrl Pts',(77.7338677736503,-63.681942432135,-1.));
#10607=CARTESIAN_POINT('Ctrl Pts',(78.3164236146603,-63.7508554978003,-1.));
#10608=CARTESIAN_POINT('Ctrl Pts',(78.7380283323523,-64.1604191852308,-1.));
#10609=CARTESIAN_POINT('Ctrl Pts',(78.9549460466969,-64.3711417298985,-1.));
#10610=CARTESIAN_POINT('',(78.9549460466969,-61.7930167298985,-1.));
#10611=CARTESIAN_POINT('',(78.9549460466969,-64.3711417298985,-1.));
#10612=CARTESIAN_POINT('',(78.9549460466969,-61.7930167298985,-1.));
#10613=CARTESIAN_POINT('',(76.9944968279469,-65.0864737611485,-1.));
#10614=CARTESIAN_POINT('',(76.6649069841969,-66.2461417298985,-1.));
#10615=CARTESIAN_POINT('Ctrl Pts',(76.9944968279469,-65.0864737611485,-1.));
#10616=CARTESIAN_POINT('Ctrl Pts',(76.8986766418107,-65.2437053614413,-1.));
#10617=CARTESIAN_POINT('Ctrl Pts',(76.6828490079542,-65.5978575043984,-1.));
#10618=CARTESIAN_POINT('Ctrl Pts',(76.6713183944282,-66.0144835751448,-1.));
#10619=CARTESIAN_POINT('Ctrl Pts',(76.6649069841969,-66.2461417298985,-1.));
#10620=CARTESIAN_POINT('',(76.8943991716969,-67.4473136048985,-1.));
#10621=CARTESIAN_POINT('Ctrl Pts',(76.6649069841969,-66.2461417298985,-1.));
#10622=CARTESIAN_POINT('Ctrl Pts',(76.6663515467106,-66.4883587519875,-1.));
#10623=CARTESIAN_POINT('Ctrl Pts',(76.6688336465631,-66.9045448492091,-1.));
#10624=CARTESIAN_POINT('Ctrl Pts',(76.8279057685589,-67.2873133492683,-1.));
#10625=CARTESIAN_POINT('Ctrl Pts',(76.8943991716969,-67.4473136048985,-1.));
#10626=CARTESIAN_POINT('',(77.8221335466969,-67.9844229798985,-1.));
#10627=CARTESIAN_POINT('Ctrl Pts',(76.8943991716969,-67.4473136048985,-1.));
#10628=CARTESIAN_POINT('Ctrl Pts',(77.0142475064823,-67.6039562086578,-1.));
#10629=CARTESIAN_POINT('Ctrl Pts',(77.2497722026004,-67.9117886179742,-1.));
#10630=CARTESIAN_POINT('Ctrl Pts',(77.6336128226048,-67.9604991376524,-1.));
#10631=CARTESIAN_POINT('Ctrl Pts',(77.8221335466969,-67.9844229798985,-1.));
#10632=CARTESIAN_POINT('',(78.6277976091969,-67.5815909486485,-1.));
#10633=CARTESIAN_POINT('Ctrl Pts',(77.8221335466969,-67.9844229798985,-1.));
#10634=CARTESIAN_POINT('Ctrl Pts',(77.9755739650392,-67.9658266151581,-1.));
#10635=CARTESIAN_POINT('Ctrl Pts',(78.2913403579828,-67.9275569918125,-1.));
#10636=CARTESIAN_POINT('Ctrl Pts',(78.5135607902837,-67.699056273234,-1.));
#10637=CARTESIAN_POINT('Ctrl Pts',(78.6277976091969,-67.5815909486485,-1.));
#10638=CARTESIAN_POINT('',(78.9598288591969,-66.3779776673985,-1.));
#10639=CARTESIAN_POINT('Ctrl Pts',(78.6277976091969,-67.5815909486485,-1.));
#10640=CARTESIAN_POINT('Ctrl Pts',(78.7243125386739,-67.418167567176,-1.));
#10641=CARTESIAN_POINT('Ctrl Pts',(78.9423950235726,-67.0489005810715,-1.));
#10642=CARTESIAN_POINT('Ctrl Pts',(78.9535889400835,-66.6181144223203,-1.));
#10643=CARTESIAN_POINT('Ctrl Pts',(78.9598288591969,-66.3779776673985,-1.));
#10644=CARTESIAN_POINT('',(78.6375632341969,-65.0913565736485,-1.));
#10645=CARTESIAN_POINT('Ctrl Pts',(78.9598288591969,-66.3779776673985,-1.));
#10646=CARTESIAN_POINT('Ctrl Pts',(78.9565397898982,-66.1152998863641,-1.));
#10647=CARTESIAN_POINT('Ctrl Pts',(78.9508166910806,-65.6582311044249,-1.));
#10648=CARTESIAN_POINT('Ctrl Pts',(78.7310358546473,-65.260507932377,-1.));
#10649=CARTESIAN_POINT('Ctrl Pts',(78.6375632341969,-65.0913565736485,-1.));
#10650=CARTESIAN_POINT('',(77.8123679216969,-64.6982901673985,-1.));
#10651=CARTESIAN_POINT('Ctrl Pts',(78.6375632341969,-65.0913565736485,-1.));
#10652=CARTESIAN_POINT('Ctrl Pts',(78.5228725224119,-64.9767125149644,-1.));
#10653=CARTESIAN_POINT('Ctrl Pts',(78.294193299386,-64.7481263125041,-1.));
#10654=CARTESIAN_POINT('Ctrl Pts',(77.9726472593427,-64.7148681740752,-1.));
#10655=CARTESIAN_POINT('Ctrl Pts',(77.8123679216969,-64.6982901673985,-1.));
#10656=CARTESIAN_POINT('Ctrl Pts',(77.8123679216969,-64.6982901673985,-1.));
#10657=CARTESIAN_POINT('Ctrl Pts',(77.6555727158476,-64.7152333589457,-1.));
#10658=CARTESIAN_POINT('Ctrl Pts',(77.3381409892609,-64.7495348321164,-1.));
#10659=CARTESIAN_POINT('Ctrl Pts',(77.1099652840809,-64.9732583414596,-1.));
#10660=CARTESIAN_POINT('Ctrl Pts',(76.9944968279469,-65.0864737611485,-1.));
#10661=CARTESIAN_POINT('Ctrl Pts',(76.8943991716969,-67.4473136048985,-1.));
#10662=CARTESIAN_POINT('Ctrl Pts',(76.8943991716969,-67.4473136048985,0.01));
#10663=CARTESIAN_POINT('Ctrl Pts',(76.8279057685589,-67.2873133492683,-1.));
#10664=CARTESIAN_POINT('Ctrl Pts',(76.8279057685589,-67.2873133492683,0.01));
#10665=CARTESIAN_POINT('Ctrl Pts',(76.6688336465631,-66.9045448492091,-1.));
#10666=CARTESIAN_POINT('Ctrl Pts',(76.6688336465631,-66.9045448492091,0.01));
#10667=CARTESIAN_POINT('Ctrl Pts',(76.6663515467106,-66.4883587519875,-1.));
#10668=CARTESIAN_POINT('Ctrl Pts',(76.6663515467106,-66.4883587519875,0.01));
#10669=CARTESIAN_POINT('Ctrl Pts',(76.6649069841969,-66.2461417298985,-1.));
#10670=CARTESIAN_POINT('Ctrl Pts',(76.6649069841969,-66.2461417298985,0.01));
#10671=CARTESIAN_POINT('',(76.6649069841969,-66.2461417298985,0.01));
#10672=CARTESIAN_POINT('',(76.6649069841969,-66.2461417298985,0.));
#10673=CARTESIAN_POINT('',(76.8943991716969,-67.4473136048985,0.01));
#10674=CARTESIAN_POINT('Ctrl Pts',(76.8943991716969,-67.4473136048985,0.01));
#10675=CARTESIAN_POINT('Ctrl Pts',(76.8279057685589,-67.2873133492683,0.01));
#10676=CARTESIAN_POINT('Ctrl Pts',(76.6688336465631,-66.9045448492091,0.01));
#10677=CARTESIAN_POINT('Ctrl Pts',(76.6663515467106,-66.4883587519875,0.01));
#10678=CARTESIAN_POINT('Ctrl Pts',(76.6649069841969,-66.2461417298985,0.01));
#10679=CARTESIAN_POINT('',(76.8943991716969,-67.4473136048985,0.));
#10680=CARTESIAN_POINT('Ctrl Pts',(77.8221335466969,-67.9844229798985,-1.));
#10681=CARTESIAN_POINT('Ctrl Pts',(77.8221335466969,-67.9844229798985,0.01));
#10682=CARTESIAN_POINT('Ctrl Pts',(77.6336128226048,-67.9604991376524,-1.));
#10683=CARTESIAN_POINT('Ctrl Pts',(77.6336128226048,-67.9604991376524,0.01));
#10684=CARTESIAN_POINT('Ctrl Pts',(77.2497722026004,-67.9117886179742,-1.));
#10685=CARTESIAN_POINT('Ctrl Pts',(77.2497722026004,-67.9117886179742,0.01));
#10686=CARTESIAN_POINT('Ctrl Pts',(77.0142475064823,-67.6039562086578,-1.));
#10687=CARTESIAN_POINT('Ctrl Pts',(77.0142475064823,-67.6039562086578,0.01));
#10688=CARTESIAN_POINT('Ctrl Pts',(76.8943991716969,-67.4473136048985,-1.));
#10689=CARTESIAN_POINT('Ctrl Pts',(76.8943991716969,-67.4473136048985,0.01));
#10690=CARTESIAN_POINT('',(77.8221335466969,-67.9844229798985,0.01));
#10691=CARTESIAN_POINT('Ctrl Pts',(77.8221335466969,-67.9844229798985,0.01));
#10692=CARTESIAN_POINT('Ctrl Pts',(77.6336128226048,-67.9604991376524,0.01));
#10693=CARTESIAN_POINT('Ctrl Pts',(77.2497722026004,-67.9117886179742,0.01));
#10694=CARTESIAN_POINT('Ctrl Pts',(77.0142475064823,-67.6039562086578,0.01));
#10695=CARTESIAN_POINT('Ctrl Pts',(76.8943991716969,-67.4473136048985,0.01));
#10696=CARTESIAN_POINT('',(77.8221335466969,-67.9844229798985,0.));
#10697=CARTESIAN_POINT('Ctrl Pts',(78.6277976091969,-67.5815909486485,-1.));
#10698=CARTESIAN_POINT('Ctrl Pts',(78.6277976091969,-67.5815909486485,0.01));
#10699=CARTESIAN_POINT('Ctrl Pts',(78.5135607902837,-67.699056273234,-1.));
#10700=CARTESIAN_POINT('Ctrl Pts',(78.5135607902837,-67.699056273234,0.01));
#10701=CARTESIAN_POINT('Ctrl Pts',(78.2913403579828,-67.9275569918125,-1.));
#10702=CARTESIAN_POINT('Ctrl Pts',(78.2913403579828,-67.9275569918125,0.01));
#10703=CARTESIAN_POINT('Ctrl Pts',(77.9755739650392,-67.9658266151581,-1.));
#10704=CARTESIAN_POINT('Ctrl Pts',(77.9755739650392,-67.9658266151581,0.01));
#10705=CARTESIAN_POINT('Ctrl Pts',(77.8221335466969,-67.9844229798985,-1.));
#10706=CARTESIAN_POINT('Ctrl Pts',(77.8221335466969,-67.9844229798985,0.01));
#10707=CARTESIAN_POINT('',(78.6277976091969,-67.5815909486485,0.01));
#10708=CARTESIAN_POINT('Ctrl Pts',(78.6277976091969,-67.5815909486485,0.01));
#10709=CARTESIAN_POINT('Ctrl Pts',(78.5135607902837,-67.699056273234,0.01));
#10710=CARTESIAN_POINT('Ctrl Pts',(78.2913403579828,-67.9275569918125,0.01));
#10711=CARTESIAN_POINT('Ctrl Pts',(77.9755739650392,-67.9658266151581,0.01));
#10712=CARTESIAN_POINT('Ctrl Pts',(77.8221335466969,-67.9844229798985,0.01));
#10713=CARTESIAN_POINT('',(78.6277976091969,-67.5815909486485,0.));
#10714=CARTESIAN_POINT('Ctrl Pts',(78.9598288591969,-66.3779776673985,-1.));
#10715=CARTESIAN_POINT('Ctrl Pts',(78.9598288591969,-66.3779776673985,0.01));
#10716=CARTESIAN_POINT('Ctrl Pts',(78.9535889400835,-66.6181144223203,-1.));
#10717=CARTESIAN_POINT('Ctrl Pts',(78.9535889400835,-66.6181144223203,0.01));
#10718=CARTESIAN_POINT('Ctrl Pts',(78.9423950235726,-67.0489005810715,-1.));
#10719=CARTESIAN_POINT('Ctrl Pts',(78.9423950235726,-67.0489005810715,0.01));
#10720=CARTESIAN_POINT('Ctrl Pts',(78.7243125386739,-67.418167567176,-1.));
#10721=CARTESIAN_POINT('Ctrl Pts',(78.7243125386739,-67.418167567176,0.01));
#10722=CARTESIAN_POINT('Ctrl Pts',(78.6277976091969,-67.5815909486485,-1.));
#10723=CARTESIAN_POINT('Ctrl Pts',(78.6277976091969,-67.5815909486485,0.01));
#10724=CARTESIAN_POINT('',(78.9598288591969,-66.3779776673985,0.01));
#10725=CARTESIAN_POINT('Ctrl Pts',(78.9598288591969,-66.3779776673985,0.01));
#10726=CARTESIAN_POINT('Ctrl Pts',(78.9535889400835,-66.6181144223203,0.01));
#10727=CARTESIAN_POINT('Ctrl Pts',(78.9423950235726,-67.0489005810715,0.01));
#10728=CARTESIAN_POINT('Ctrl Pts',(78.7243125386739,-67.418167567176,0.01));
#10729=CARTESIAN_POINT('Ctrl Pts',(78.6277976091969,-67.5815909486485,0.01));
#10730=CARTESIAN_POINT('',(78.9598288591969,-66.3779776673985,0.));
#10731=CARTESIAN_POINT('Ctrl Pts',(78.6375632341969,-65.0913565736485,-1.));
#10732=CARTESIAN_POINT('Ctrl Pts',(78.6375632341969,-65.0913565736485,0.01));
#10733=CARTESIAN_POINT('Ctrl Pts',(78.7310358546473,-65.260507932377,-1.));
#10734=CARTESIAN_POINT('Ctrl Pts',(78.7310358546473,-65.260507932377,0.01));
#10735=CARTESIAN_POINT('Ctrl Pts',(78.9508166910806,-65.6582311044249,-1.));
#10736=CARTESIAN_POINT('Ctrl Pts',(78.9508166910806,-65.6582311044249,0.01));
#10737=CARTESIAN_POINT('Ctrl Pts',(78.9565397898982,-66.1152998863641,-1.));
#10738=CARTESIAN_POINT('Ctrl Pts',(78.9565397898982,-66.1152998863641,0.01));
#10739=CARTESIAN_POINT('Ctrl Pts',(78.9598288591969,-66.3779776673985,-1.));
#10740=CARTESIAN_POINT('Ctrl Pts',(78.9598288591969,-66.3779776673985,0.01));
#10741=CARTESIAN_POINT('',(78.6375632341969,-65.0913565736485,0.01));
#10742=CARTESIAN_POINT('Ctrl Pts',(78.6375632341969,-65.0913565736485,0.01));
#10743=CARTESIAN_POINT('Ctrl Pts',(78.7310358546473,-65.260507932377,0.01));
#10744=CARTESIAN_POINT('Ctrl Pts',(78.9508166910806,-65.6582311044249,0.01));
#10745=CARTESIAN_POINT('Ctrl Pts',(78.9565397898982,-66.1152998863641,0.01));
#10746=CARTESIAN_POINT('Ctrl Pts',(78.9598288591969,-66.3779776673985,0.01));
#10747=CARTESIAN_POINT('',(78.6375632341969,-65.0913565736485,0.));
#10748=CARTESIAN_POINT('Ctrl Pts',(77.8123679216969,-64.6982901673985,-1.));
#10749=CARTESIAN_POINT('Ctrl Pts',(77.8123679216969,-64.6982901673985,0.01));
#10750=CARTESIAN_POINT('Ctrl Pts',(77.9726472593427,-64.7148681740752,-1.));
#10751=CARTESIAN_POINT('Ctrl Pts',(77.9726472593427,-64.7148681740752,0.01));
#10752=CARTESIAN_POINT('Ctrl Pts',(78.294193299386,-64.7481263125041,-1.));
#10753=CARTESIAN_POINT('Ctrl Pts',(78.294193299386,-64.7481263125041,0.01));
#10754=CARTESIAN_POINT('Ctrl Pts',(78.5228725224119,-64.9767125149644,-1.));
#10755=CARTESIAN_POINT('Ctrl Pts',(78.5228725224119,-64.9767125149644,0.01));
#10756=CARTESIAN_POINT('Ctrl Pts',(78.6375632341969,-65.0913565736485,-1.));
#10757=CARTESIAN_POINT('Ctrl Pts',(78.6375632341969,-65.0913565736485,0.01));
#10758=CARTESIAN_POINT('',(77.8123679216969,-64.6982901673985,0.01));
#10759=CARTESIAN_POINT('Ctrl Pts',(77.8123679216969,-64.6982901673985,0.01));
#10760=CARTESIAN_POINT('Ctrl Pts',(77.9726472593427,-64.7148681740752,0.01));
#10761=CARTESIAN_POINT('Ctrl Pts',(78.294193299386,-64.7481263125041,0.01));
#10762=CARTESIAN_POINT('Ctrl Pts',(78.5228725224119,-64.9767125149644,0.01));
#10763=CARTESIAN_POINT('Ctrl Pts',(78.6375632341969,-65.0913565736485,0.01));
#10764=CARTESIAN_POINT('',(77.8123679216969,-64.6982901673985,0.));
#10765=CARTESIAN_POINT('Ctrl Pts',(76.9944968279469,-65.0864737611485,-1.));
#10766=CARTESIAN_POINT('Ctrl Pts',(76.9944968279469,-65.0864737611485,0.01));
#10767=CARTESIAN_POINT('Ctrl Pts',(77.1099652840809,-64.9732583414596,-1.));
#10768=CARTESIAN_POINT('Ctrl Pts',(77.1099652840809,-64.9732583414596,0.01));
#10769=CARTESIAN_POINT('Ctrl Pts',(77.3381409892609,-64.7495348321164,-1.));
#10770=CARTESIAN_POINT('Ctrl Pts',(77.3381409892609,-64.7495348321164,0.01));
#10771=CARTESIAN_POINT('Ctrl Pts',(77.6555727158476,-64.7152333589457,-1.));
#10772=CARTESIAN_POINT('Ctrl Pts',(77.6555727158476,-64.7152333589457,0.01));
#10773=CARTESIAN_POINT('Ctrl Pts',(77.8123679216969,-64.6982901673985,-1.));
#10774=CARTESIAN_POINT('Ctrl Pts',(77.8123679216969,-64.6982901673985,0.01));
#10775=CARTESIAN_POINT('',(76.9944968279469,-65.0864737611485,0.01));
#10776=CARTESIAN_POINT('Ctrl Pts',(76.9944968279469,-65.0864737611485,0.01));
#10777=CARTESIAN_POINT('Ctrl Pts',(77.1099652840809,-64.9732583414596,0.01));
#10778=CARTESIAN_POINT('Ctrl Pts',(77.3381409892609,-64.7495348321164,0.01));
#10779=CARTESIAN_POINT('Ctrl Pts',(77.6555727158476,-64.7152333589457,0.01));
#10780=CARTESIAN_POINT('Ctrl Pts',(77.8123679216969,-64.6982901673985,0.01));
#10781=CARTESIAN_POINT('',(76.9944968279469,-65.0864737611485,0.));
#10782=CARTESIAN_POINT('Ctrl Pts',(76.6649069841969,-66.2461417298985,-1.));
#10783=CARTESIAN_POINT('Ctrl Pts',(76.6649069841969,-66.2461417298985,0.01));
#10784=CARTESIAN_POINT('Ctrl Pts',(76.6713183944282,-66.0144835751448,-1.));
#10785=CARTESIAN_POINT('Ctrl Pts',(76.6713183944282,-66.0144835751448,0.01));
#10786=CARTESIAN_POINT('Ctrl Pts',(76.6828490079542,-65.5978575043984,-1.));
#10787=CARTESIAN_POINT('Ctrl Pts',(76.6828490079542,-65.5978575043984,0.01));
#10788=CARTESIAN_POINT('Ctrl Pts',(76.8986766418107,-65.2437053614413,-1.));
#10789=CARTESIAN_POINT('Ctrl Pts',(76.8986766418107,-65.2437053614413,0.01));
#10790=CARTESIAN_POINT('Ctrl Pts',(76.9944968279469,-65.0864737611485,-1.));
#10791=CARTESIAN_POINT('Ctrl Pts',(76.9944968279469,-65.0864737611485,0.01));
#10792=CARTESIAN_POINT('Ctrl Pts',(76.6649069841969,-66.2461417298985,0.01));
#10793=CARTESIAN_POINT('Ctrl Pts',(76.6713183944282,-66.0144835751448,0.01));
#10794=CARTESIAN_POINT('Ctrl Pts',(76.6828490079542,-65.5978575043984,0.01));
#10795=CARTESIAN_POINT('Ctrl Pts',(76.8986766418107,-65.2437053614413,0.01));
#10796=CARTESIAN_POINT('Ctrl Pts',(76.9944968279469,-65.0864737611485,0.01));
#10797=CARTESIAN_POINT('Origin',(79.0526022966969,-68.9512198548985,0.));
#10798=CARTESIAN_POINT('',(80.3270163591969,-68.9512198548985,0.01));
#10799=CARTESIAN_POINT('',(80.3270163591969,-68.9512198548985,0.));
#10800=CARTESIAN_POINT('',(79.0526022966969,-68.9512198548985,0.01));
#10801=CARTESIAN_POINT('',(80.3270163591969,-68.9512198548985,0.01));
#10802=CARTESIAN_POINT('',(79.0526022966969,-68.9512198548985,0.));
#10803=CARTESIAN_POINT('Origin',(79.0526022966969,-68.1895011048985,0.));
#10804=CARTESIAN_POINT('',(79.0526022966969,-68.1895011048985,0.01));
#10805=CARTESIAN_POINT('',(79.0526022966969,-68.9512198548985,0.01));
#10806=CARTESIAN_POINT('',(79.0526022966969,-68.1895011048985,0.));
#10807=CARTESIAN_POINT('Ctrl Pts',(78.3030905779469,-68.8511221986485,-1.));
#10808=CARTESIAN_POINT('Ctrl Pts',(78.3030905779469,-68.8511221986485,0.01));
#10809=CARTESIAN_POINT('Ctrl Pts',(78.4439143990455,-68.7670152882791,-1.));
#10810=CARTESIAN_POINT('Ctrl Pts',(78.4439143990455,-68.7670152882791,0.01));
#10811=CARTESIAN_POINT('Ctrl Pts',(78.7347659428665,-68.593304444928,-1.));
#10812=CARTESIAN_POINT('Ctrl Pts',(78.7347659428665,-68.593304444928,0.01));
#10813=CARTESIAN_POINT('Ctrl Pts',(78.9444451026936,-68.3269121834627,-1.));
#10814=CARTESIAN_POINT('Ctrl Pts',(78.9444451026936,-68.3269121834627,0.01));
#10815=CARTESIAN_POINT('Ctrl Pts',(79.0526022966969,-68.1895011048985,-1.));
#10816=CARTESIAN_POINT('Ctrl Pts',(79.0526022966969,-68.1895011048985,0.01));
#10817=CARTESIAN_POINT('',(78.3030905779469,-68.8511221986485,0.01));
#10818=CARTESIAN_POINT('Ctrl Pts',(78.3030905779469,-68.8511221986485,0.01));
#10819=CARTESIAN_POINT('Ctrl Pts',(78.4439143990455,-68.7670152882791,0.01));
#10820=CARTESIAN_POINT('Ctrl Pts',(78.7347659428665,-68.593304444928,0.01));
#10821=CARTESIAN_POINT('Ctrl Pts',(78.9444451026936,-68.3269121834627,0.01));
#10822=CARTESIAN_POINT('Ctrl Pts',(79.0526022966969,-68.1895011048985,0.01));
#10823=CARTESIAN_POINT('',(78.3030905779469,-68.8511221986485,0.));
#10824=CARTESIAN_POINT('Ctrl Pts',(77.4315085466969,-69.0684073548985,-1.));
#10825=CARTESIAN_POINT('Ctrl Pts',(77.4315085466969,-69.0684073548985,0.01));
#10826=CARTESIAN_POINT('Ctrl Pts',(77.5793969156674,-69.0584832087491,-1.));
#10827=CARTESIAN_POINT('Ctrl Pts',(77.5793969156674,-69.0584832087491,0.01));
#10828=CARTESIAN_POINT('Ctrl Pts',(77.8827425408991,-69.0381270012966,-1.));
#10829=CARTESIAN_POINT('Ctrl Pts',(77.8827425408991,-69.0381270012966,0.01));
#10830=CARTESIAN_POINT('Ctrl Pts',(78.1606630668083,-68.9144854744691,-1.));
#10831=CARTESIAN_POINT('Ctrl Pts',(78.1606630668083,-68.9144854744691,0.01));
#10832=CARTESIAN_POINT('Ctrl Pts',(78.3030905779469,-68.8511221986485,-1.));
#10833=CARTESIAN_POINT('Ctrl Pts',(78.3030905779469,-68.8511221986485,0.01));
#10834=CARTESIAN_POINT('',(77.4315085466969,-69.0684073548985,0.01));
#10835=CARTESIAN_POINT('Ctrl Pts',(77.4315085466969,-69.0684073548985,0.01));
#10836=CARTESIAN_POINT('Ctrl Pts',(77.5793969156674,-69.0584832087491,0.01));
#10837=CARTESIAN_POINT('Ctrl Pts',(77.8827425408991,-69.0381270012966,0.01));
#10838=CARTESIAN_POINT('Ctrl Pts',(78.1606630668083,-68.9144854744691,0.01));
#10839=CARTESIAN_POINT('Ctrl Pts',(78.3030905779469,-68.8511221986485,0.01));
#10840=CARTESIAN_POINT('',(77.4315085466969,-69.0684073548985,0.));
#10841=CARTESIAN_POINT('Ctrl Pts',(75.9007468279469,-68.3481925111485,-1.));
#10842=CARTESIAN_POINT('Ctrl Pts',(75.9007468279469,-68.3481925111485,0.01));
#10843=CARTESIAN_POINT('Ctrl Pts',(76.1205778005396,-68.5582281296143,-1.));
#10844=CARTESIAN_POINT('Ctrl Pts',(76.1205778005396,-68.5582281296143,0.01));
#10845=CARTESIAN_POINT('Ctrl Pts',(76.5511953460144,-68.9696579723674,-1.));
#10846=CARTESIAN_POINT('Ctrl Pts',(76.5511953460144,-68.9696579723674,0.01));
#10847=CARTESIAN_POINT('Ctrl Pts',(77.142208560426,-69.0359550470286,-1.));
#10848=CARTESIAN_POINT('Ctrl Pts',(77.142208560426,-69.0359550470286,0.01));
#10849=CARTESIAN_POINT('Ctrl Pts',(77.4315085466969,-69.0684073548985,-1.));
#10850=CARTESIAN_POINT('Ctrl Pts',(77.4315085466969,-69.0684073548985,0.01));
#10851=CARTESIAN_POINT('',(75.9007468279469,-68.3481925111485,0.01));
#10852=CARTESIAN_POINT('Ctrl Pts',(75.9007468279469,-68.3481925111485,0.01));
#10853=CARTESIAN_POINT('Ctrl Pts',(76.1205778005396,-68.5582281296143,0.01));
#10854=CARTESIAN_POINT('Ctrl Pts',(76.5511953460144,-68.9696579723674,0.01));
#10855=CARTESIAN_POINT('Ctrl Pts',(77.142208560426,-69.0359550470286,0.01));
#10856=CARTESIAN_POINT('Ctrl Pts',(77.4315085466969,-69.0684073548985,0.01));
#10857=CARTESIAN_POINT('',(75.9007468279469,-68.3481925111485,0.));
#10858=CARTESIAN_POINT('Ctrl Pts',(75.2635397966969,-66.3389151673985,-1.));
#10859=CARTESIAN_POINT('Ctrl Pts',(75.2635397966969,-66.3389151673985,0.01));
#10860=CARTESIAN_POINT('Ctrl Pts',(75.2804628005252,-66.7332686573313,-1.));
#10861=CARTESIAN_POINT('Ctrl Pts',(75.2804628005252,-66.7332686573313,0.01));
#10862=CARTESIAN_POINT('Ctrl Pts',(75.3117967568867,-67.4634377910111,-1.));
#10863=CARTESIAN_POINT('Ctrl Pts',(75.3117967568867,-67.4634377910111,0.01));
#10864=CARTESIAN_POINT('Ctrl Pts',(75.7152107382803,-68.0694695104145,-1.));
#10865=CARTESIAN_POINT('Ctrl Pts',(75.7152107382803,-68.0694695104145,0.01));
#10866=CARTESIAN_POINT('Ctrl Pts',(75.9007468279469,-68.3481925111485,-1.));
#10867=CARTESIAN_POINT('Ctrl Pts',(75.9007468279469,-68.3481925111485,0.01));
#10868=CARTESIAN_POINT('',(75.2635397966969,-66.3389151673985,0.01));
#10869=CARTESIAN_POINT('Ctrl Pts',(75.2635397966969,-66.3389151673985,0.01));
#10870=CARTESIAN_POINT('Ctrl Pts',(75.2804628005252,-66.7332686573313,0.01));
#10871=CARTESIAN_POINT('Ctrl Pts',(75.3117967568867,-67.4634377910111,0.01));
#10872=CARTESIAN_POINT('Ctrl Pts',(75.7152107382803,-68.0694695104145,0.01));
#10873=CARTESIAN_POINT('Ctrl Pts',(75.9007468279469,-68.3481925111485,0.01));
#10874=CARTESIAN_POINT('',(75.2635397966969,-66.3389151673985,0.));
#10875=CARTESIAN_POINT('Ctrl Pts',(75.8836569841969,-64.3345206361485,-1.));
#10876=CARTESIAN_POINT('Ctrl Pts',(75.8836569841969,-64.3345206361485,0.01));
#10877=CARTESIAN_POINT('Ctrl Pts',(75.7032318605667,-64.6075272262808,-1.));
#10878=CARTESIAN_POINT('Ctrl Pts',(75.7032318605667,-64.6075272262808,0.01));
#10879=CARTESIAN_POINT('Ctrl Pts',(75.3036617975331,-65.2121285048218,-1.));
#10880=CARTESIAN_POINT('Ctrl Pts',(75.3036617975331,-65.2121285048218,0.01));
#10881=CARTESIAN_POINT('Ctrl Pts',(75.2777507555509,-65.9398144604198,-1.));
#10882=CARTESIAN_POINT('Ctrl Pts',(75.2777507555509,-65.9398144604198,0.01));
#10883=CARTESIAN_POINT('Ctrl Pts',(75.2635397966969,-66.3389151673985,-1.));
#10884=CARTESIAN_POINT('Ctrl Pts',(75.2635397966969,-66.3389151673985,0.01));
#10885=CARTESIAN_POINT('',(75.8836569841969,-64.3345206361485,0.01));
#10886=CARTESIAN_POINT('Ctrl Pts',(75.8836569841969,-64.3345206361485,0.01));
#10887=CARTESIAN_POINT('Ctrl Pts',(75.7032318605667,-64.6075272262808,0.01));
#10888=CARTESIAN_POINT('Ctrl Pts',(75.3036617975331,-65.2121285048218,0.01));
#10889=CARTESIAN_POINT('Ctrl Pts',(75.2777507555509,-65.9398144604198,0.01));
#10890=CARTESIAN_POINT('Ctrl Pts',(75.2635397966969,-66.3389151673985,0.01));
#10891=CARTESIAN_POINT('',(75.8836569841969,-64.3345206361485,0.));
#10892=CARTESIAN_POINT('Ctrl Pts',(77.4510397966969,-63.6484854798985,-1.));
#10893=CARTESIAN_POINT('Ctrl Pts',(77.4510397966969,-63.6484854798985,0.01));
#10894=CARTESIAN_POINT('Ctrl Pts',(77.149635516223,-63.6762781611927,-1.));
#10895=CARTESIAN_POINT('Ctrl Pts',(77.149635516223,-63.6762781611927,0.01));
#10896=CARTESIAN_POINT('Ctrl Pts',(76.5509321273705,-63.7314849832392,-1.));
#10897=CARTESIAN_POINT('Ctrl Pts',(76.5509321273705,-63.7314849832392,0.01));
#10898=CARTESIAN_POINT('Ctrl Pts',(76.105062957642,-64.1344297184507,-1.));
#10899=CARTESIAN_POINT('Ctrl Pts',(76.105062957642,-64.1344297184507,0.01));
#10900=CARTESIAN_POINT('Ctrl Pts',(75.8836569841969,-64.3345206361485,-1.));
#10901=CARTESIAN_POINT('Ctrl Pts',(75.8836569841969,-64.3345206361485,0.01));
#10902=CARTESIAN_POINT('',(77.4510397966969,-63.6484854798985,0.01));
#10903=CARTESIAN_POINT('Ctrl Pts',(77.4510397966969,-63.6484854798985,0.01));
#10904=CARTESIAN_POINT('Ctrl Pts',(77.149635516223,-63.6762781611927,0.01));
#10905=CARTESIAN_POINT('Ctrl Pts',(76.5509321273705,-63.7314849832392,0.01));
#10906=CARTESIAN_POINT('Ctrl Pts',(76.105062957642,-64.1344297184507,0.01));
#10907=CARTESIAN_POINT('Ctrl Pts',(75.8836569841969,-64.3345206361485,0.01));
#10908=CARTESIAN_POINT('',(77.4510397966969,-63.6484854798985,0.));
#10909=CARTESIAN_POINT('Ctrl Pts',(78.9549460466969,-64.3711417298985,-1.));
#10910=CARTESIAN_POINT('Ctrl Pts',(78.9549460466969,-64.3711417298985,0.01));
#10911=CARTESIAN_POINT('Ctrl Pts',(78.7380283323523,-64.1604191852308,-1.));
#10912=CARTESIAN_POINT('Ctrl Pts',(78.7380283323523,-64.1604191852308,0.01));
#10913=CARTESIAN_POINT('Ctrl Pts',(78.3164236146603,-63.7508554978003,-1.));
#10914=CARTESIAN_POINT('Ctrl Pts',(78.3164236146603,-63.7508554978003,0.01));
#10915=CARTESIAN_POINT('Ctrl Pts',(77.7338677736503,-63.681942432135,-1.));
#10916=CARTESIAN_POINT('Ctrl Pts',(77.7338677736503,-63.681942432135,0.01));
#10917=CARTESIAN_POINT('Ctrl Pts',(77.4510397966969,-63.6484854798985,-1.));
#10918=CARTESIAN_POINT('Ctrl Pts',(77.4510397966969,-63.6484854798985,0.01));
#10919=CARTESIAN_POINT('',(78.9549460466969,-64.3711417298985,0.01));
#10920=CARTESIAN_POINT('Ctrl Pts',(78.9549460466969,-64.3711417298985,0.01));
#10921=CARTESIAN_POINT('Ctrl Pts',(78.7380283323523,-64.1604191852308,0.01));
#10922=CARTESIAN_POINT('Ctrl Pts',(78.3164236146603,-63.7508554978003,0.01));
#10923=CARTESIAN_POINT('Ctrl Pts',(77.7338677736503,-63.681942432135,0.01));
#10924=CARTESIAN_POINT('Ctrl Pts',(77.4510397966969,-63.6484854798985,0.01));
#10925=CARTESIAN_POINT('',(78.9549460466969,-64.3711417298985,0.));
#10926=CARTESIAN_POINT('Origin',(78.9549460466969,-61.7930167298985,0.));
#10927=CARTESIAN_POINT('',(78.9549460466969,-61.7930167298985,0.01));
#10928=CARTESIAN_POINT('',(78.9549460466969,-64.3711417298985,0.01));
#10929=CARTESIAN_POINT('',(78.9549460466969,-61.7930167298985,0.));
#10930=CARTESIAN_POINT('Origin',(80.3270163591969,-61.7930167298985,0.));
#10931=CARTESIAN_POINT('',(80.3270163591969,-61.7930167298985,0.01));
#10932=CARTESIAN_POINT('',(78.9549460466969,-61.7930167298985,0.01));
#10933=CARTESIAN_POINT('',(80.3270163591969,-61.7930167298985,0.));
#10934=CARTESIAN_POINT('Origin',(80.3270163591969,-68.9512198548985,0.));
#10935=CARTESIAN_POINT('',(80.3270163591969,-61.7930167298985,0.01));
#10936=CARTESIAN_POINT('Origin',(40.5174460466969,-66.3437979798985,0.01));
#10937=CARTESIAN_POINT('Origin',(40.5174460466969,-66.3437979798985,-1.));
#10938=CARTESIAN_POINT('',(44.4236960466969,-70.9238761048985,-1.));
#10939=CARTESIAN_POINT('',(44.4236960466969,-63.7656729798985,-1.));
#10940=CARTESIAN_POINT('',(44.4236960466969,-70.9238761048985,-1.));
#10941=CARTESIAN_POINT('',(45.7029929216969,-63.7656729798985,-1.));
#10942=CARTESIAN_POINT('',(44.4236960466969,-63.7656729798985,-1.));
#10943=CARTESIAN_POINT('',(45.7029929216969,-64.5273917298985,-1.));
#10944=CARTESIAN_POINT('',(45.7029929216969,-63.7656729798985,-1.));
#10945=CARTESIAN_POINT('',(46.3768210466969,-63.8926261048985,-1.));
#10946=CARTESIAN_POINT('Ctrl Pts',(45.7029929216969,-64.5273917298985,-1.));
#10947=CARTESIAN_POINT('Ctrl Pts',(45.7943343957511,-64.4027111272374,-1.));
#10948=CARTESIAN_POINT('Ctrl Pts',(45.9797308203722,-64.1496460416089,-1.));
#10949=CARTESIAN_POINT('Ctrl Pts',(46.2431723874895,-63.979131306119,-1.));
#10950=CARTESIAN_POINT('Ctrl Pts',(46.3768210466969,-63.8926261048985,-1.));
#10951=CARTESIAN_POINT('',(47.3192038591969,-63.6484854798985,-1.));
#10952=CARTESIAN_POINT('Ctrl Pts',(46.3768210466969,-63.8926261048985,-1.));
#10953=CARTESIAN_POINT('Ctrl Pts',(46.5234985580312,-63.8214225947486,-1.));
#10954=CARTESIAN_POINT('Ctrl Pts',(46.8211465988939,-63.6769315606027,-1.));
#10955=CARTESIAN_POINT('Ctrl Pts',(47.1515960665506,-63.6580582442697,-1.));
#10956=CARTESIAN_POINT('Ctrl Pts',(47.3192038591969,-63.6484854798985,-1.));
#10957=CARTESIAN_POINT('',(48.8524069841969,-64.3564932923985,-1.));
#10958=CARTESIAN_POINT('Ctrl Pts',(47.3192038591969,-63.6484854798985,-1.));
#10959=CARTESIAN_POINT('Ctrl Pts',(47.6103119606545,-63.6795689870026,-1.));
#10960=CARTESIAN_POINT('Ctrl Pts',(48.2006118118781,-63.7425991449652,-1.));
#10961=CARTESIAN_POINT('Ctrl Pts',(48.6331674344607,-64.1500022317327,-1.));
#10962=CARTESIAN_POINT('Ctrl Pts',(48.8524069841969,-64.3564932923985,-1.));
#10963=CARTESIAN_POINT('',(49.4822897966969,-66.3291495423985,-1.));
#10964=CARTESIAN_POINT('Ctrl Pts',(48.8524069841969,-64.3564932923985,-1.));
#10965=CARTESIAN_POINT('Ctrl Pts',(49.0358189874121,-64.6301749823132,-1.));
#10966=CARTESIAN_POINT('Ctrl Pts',(49.4341201008886,-65.2245075228244,-1.));
#10967=CARTESIAN_POINT('Ctrl Pts',(49.4654089941774,-65.942033878198,-1.));
#10968=CARTESIAN_POINT('Ctrl Pts',(49.4822897966969,-66.3291495423985,-1.));
#10969=CARTESIAN_POINT('',(48.8475241716969,-68.3481925111485,-1.));
#10970=CARTESIAN_POINT('Ctrl Pts',(49.4822897966969,-66.3291495423985,-1.));
#10971=CARTESIAN_POINT('Ctrl Pts',(49.465760981228,-66.7259231628453,-1.));
#10972=CARTESIAN_POINT('Ctrl Pts',(49.4352257719101,-67.4589197635401,-1.));
#10973=CARTESIAN_POINT('Ctrl Pts',(49.0323307231687,-68.0685549710367,-1.));
#10974=CARTESIAN_POINT('Ctrl Pts',(48.8475241716969,-68.3481925111485,-1.));
#10975=CARTESIAN_POINT('',(47.3094382341969,-69.0684073548985,-1.));
#10976=CARTESIAN_POINT('Ctrl Pts',(48.8475241716969,-68.3481925111485,-1.));
#10977=CARTESIAN_POINT('Ctrl Pts',(48.6274556859394,-68.5582366233044,-1.));
#10978=CARTESIAN_POINT('Ctrl Pts',(48.1948575742541,-68.9711293915556,-1.));
#10979=CARTESIAN_POINT('Ctrl Pts',(47.6011290578279,-69.0363602920381,-1.));
#10980=CARTESIAN_POINT('Ctrl Pts',(47.3094382341969,-69.0684073548985,-1.));
#10981=CARTESIAN_POINT('',(46.5306296404469,-68.8975089173985,-1.));
#10982=CARTESIAN_POINT('Ctrl Pts',(47.3094382341969,-69.0684073548985,-1.));
#10983=CARTESIAN_POINT('Ctrl Pts',(47.1711662612889,-69.0620577366718,-1.));
#10984=CARTESIAN_POINT('Ctrl Pts',(46.9016382471381,-69.0496806803874,-1.));
#10985=CARTESIAN_POINT('Ctrl Pts',(46.6521342769861,-68.9473448899879,-1.));
#10986=CARTESIAN_POINT('Ctrl Pts',(46.5306296404469,-68.8975089173985,-1.));
#10987=CARTESIAN_POINT('',(45.7957663591969,-68.3115714173985,-1.));
#10988=CARTESIAN_POINT('Ctrl Pts',(46.5306296404469,-68.8975089173985,-1.));
#10989=CARTESIAN_POINT('Ctrl Pts',(46.4076382533358,-68.8247498630472,-1.));
#10990=CARTESIAN_POINT('Ctrl Pts',(46.1357037051833,-68.663879244106,-1.));
#10991=CARTESIAN_POINT('Ctrl Pts',(45.9160657757761,-68.4362485866169,-1.));
#10992=CARTESIAN_POINT('Ctrl Pts',(45.7957663591969,-68.3115714173985,-1.));
#10993=CARTESIAN_POINT('',(45.7957663591969,-70.9238761048985,-1.));
#10994=CARTESIAN_POINT('',(45.7957663591969,-68.3115714173985,-1.));
#10995=CARTESIAN_POINT('',(45.7957663591969,-70.9238761048985,-1.));
#10996=CARTESIAN_POINT('',(46.1131491716969,-65.1206534486485,-1.));
#10997=CARTESIAN_POINT('',(45.7811179216969,-66.2705557923985,-1.));
#10998=CARTESIAN_POINT('Ctrl Pts',(46.1131491716969,-65.1206534486485,-1.));
#10999=CARTESIAN_POINT('Ctrl Pts',(46.0165981693448,-65.276980498972,-1.));
#11000=CARTESIAN_POINT('Ctrl Pts',(45.8001081061463,-65.627502525463,-1.));
#11001=CARTESIAN_POINT('Ctrl Pts',(45.7878880397555,-66.0413033305927,-1.));
#11002=CARTESIAN_POINT('Ctrl Pts',(45.7811179216969,-66.2705557923985,-1.));
#11003=CARTESIAN_POINT('',(46.1277976091969,-67.5620596986485,-1.));
#11004=CARTESIAN_POINT('Ctrl Pts',(45.7811179216969,-66.2705557923985,-1.));
#11005=CARTESIAN_POINT('Ctrl Pts',(45.7865778862676,-66.5306963927841,-1.));
#11006=CARTESIAN_POINT('Ctrl Pts',(45.7962626377822,-66.9921274224056,-1.));
#11007=CARTESIAN_POINT('Ctrl Pts',(46.027099471524,-67.3889524135485,-1.));
#11008=CARTESIAN_POINT('Ctrl Pts',(46.1277976091969,-67.5620596986485,-1.));
#11009=CARTESIAN_POINT('',(46.9725241716969,-67.9795401673985,-1.));
#11010=CARTESIAN_POINT('Ctrl Pts',(46.1277976091969,-67.5620596986485,-1.));
#11011=CARTESIAN_POINT('Ctrl Pts',(46.2475104991847,-67.6838029209374,-1.));
#11012=CARTESIAN_POINT('Ctrl Pts',(46.4811456466112,-67.9214005237564,-1.));
#11013=CARTESIAN_POINT('Ctrl Pts',(46.8114602724646,-67.9604831731936,-1.));
#11014=CARTESIAN_POINT('Ctrl Pts',(46.9725241716969,-67.9795401673985,-1.));
#11015=CARTESIAN_POINT('',(47.7684226091969,-67.5962393861485,-1.));
#11016=CARTESIAN_POINT('Ctrl Pts',(46.9725241716969,-67.9795401673985,-1.));
#11017=CARTESIAN_POINT('Ctrl Pts',(47.1259001278403,-67.9628571446608,-1.));
#11018=CARTESIAN_POINT('Ctrl Pts',(47.4361700127139,-67.9291084419677,-1.));
#11019=CARTESIAN_POINT('Ctrl Pts',(47.6568377353795,-67.7080312938249,-1.));
#11020=CARTESIAN_POINT('Ctrl Pts',(47.7684226091969,-67.5962393861485,-1.));
#11021=CARTESIAN_POINT('',(48.0858054216969,-66.3389151673985,-1.));
#11022=CARTESIAN_POINT('Ctrl Pts',(47.7684226091969,-67.5962393861485,-1.));
#11023=CARTESIAN_POINT('Ctrl Pts',(47.8604793397858,-67.4311306199071,-1.));
#11024=CARTESIAN_POINT('Ctrl Pts',(48.0769166859039,-67.0429384371359,-1.));
#11025=CARTESIAN_POINT('Ctrl Pts',(48.0825615010306,-66.5958466014506,-1.));
#11026=CARTESIAN_POINT('Ctrl Pts',(48.0858054216969,-66.3389151673985,-1.));
#11027=CARTESIAN_POINT('',(47.7586569841969,-65.1279776673985,-1.));
#11028=CARTESIAN_POINT('Ctrl Pts',(48.0858054216969,-66.3389151673985,-1.));
#11029=CARTESIAN_POINT('Ctrl Pts',(48.0803677797777,-66.0956995761186,-1.));
#11030=CARTESIAN_POINT('Ctrl Pts',(48.0706919245454,-65.6629166002577,-1.));
#11031=CARTESIAN_POINT('Ctrl Pts',(47.8537025586829,-65.29091960631,-1.));
#11032=CARTESIAN_POINT('Ctrl Pts',(47.7586569841969,-65.1279776673985,-1.));
#11033=CARTESIAN_POINT('',(46.9481101091969,-64.7324698548985,-1.));
#11034=CARTESIAN_POINT('Ctrl Pts',(47.7586569841969,-65.1279776673985,-1.));
#11035=CARTESIAN_POINT('Ctrl Pts',(47.6445399493208,-65.0126313140288,-1.));
#11036=CARTESIAN_POINT('Ctrl Pts',(47.4201973393672,-64.7858719875909,-1.));
#11037=CARTESIAN_POINT('Ctrl Pts',(47.1036421913266,-64.7500635205539,-1.));
#11038=CARTESIAN_POINT('Ctrl Pts',(46.9481101091969,-64.7324698548985,-1.));
#11039=CARTESIAN_POINT('Ctrl Pts',(46.9481101091969,-64.7324698548985,-1.));
#11040=CARTESIAN_POINT('Ctrl Pts',(46.787342425561,-64.748931842934,-1.));
#11041=CARTESIAN_POINT('Ctrl Pts',(46.4643612819714,-64.7820038608994,-1.));
#11042=CARTESIAN_POINT('Ctrl Pts',(46.2305687208205,-65.0074338849115,-1.));
#11043=CARTESIAN_POINT('Ctrl Pts',(46.1131491716969,-65.1206534486485,-1.));
#11044=CARTESIAN_POINT('Ctrl Pts',(46.1277976091969,-67.5620596986485,-1.));
#11045=CARTESIAN_POINT('Ctrl Pts',(46.1277976091969,-67.5620596986485,0.01));
#11046=CARTESIAN_POINT('Ctrl Pts',(46.027099471524,-67.3889524135485,-1.));
#11047=CARTESIAN_POINT('Ctrl Pts',(46.027099471524,-67.3889524135485,0.01));
#11048=CARTESIAN_POINT('Ctrl Pts',(45.7962626377822,-66.9921274224056,-1.));
#11049=CARTESIAN_POINT('Ctrl Pts',(45.7962626377822,-66.9921274224056,0.01));
#11050=CARTESIAN_POINT('Ctrl Pts',(45.7865778862676,-66.5306963927841,-1.));
#11051=CARTESIAN_POINT('Ctrl Pts',(45.7865778862676,-66.5306963927841,0.01));
#11052=CARTESIAN_POINT('Ctrl Pts',(45.7811179216969,-66.2705557923985,-1.));
#11053=CARTESIAN_POINT('Ctrl Pts',(45.7811179216969,-66.2705557923985,0.01));
#11054=CARTESIAN_POINT('',(45.7811179216969,-66.2705557923985,0.01));
#11055=CARTESIAN_POINT('',(45.7811179216969,-66.2705557923985,0.));
#11056=CARTESIAN_POINT('',(46.1277976091969,-67.5620596986485,0.01));
#11057=CARTESIAN_POINT('Ctrl Pts',(46.1277976091969,-67.5620596986485,0.01));
#11058=CARTESIAN_POINT('Ctrl Pts',(46.027099471524,-67.3889524135485,0.01));
#11059=CARTESIAN_POINT('Ctrl Pts',(45.7962626377822,-66.9921274224056,0.01));
#11060=CARTESIAN_POINT('Ctrl Pts',(45.7865778862676,-66.5306963927841,0.01));
#11061=CARTESIAN_POINT('Ctrl Pts',(45.7811179216969,-66.2705557923985,0.01));
#11062=CARTESIAN_POINT('',(46.1277976091969,-67.5620596986485,0.));
#11063=CARTESIAN_POINT('Ctrl Pts',(46.9725241716969,-67.9795401673985,-1.));
#11064=CARTESIAN_POINT('Ctrl Pts',(46.9725241716969,-67.9795401673985,0.01));
#11065=CARTESIAN_POINT('Ctrl Pts',(46.8114602724646,-67.9604831731936,-1.));
#11066=CARTESIAN_POINT('Ctrl Pts',(46.8114602724646,-67.9604831731936,0.01));
#11067=CARTESIAN_POINT('Ctrl Pts',(46.4811456466112,-67.9214005237564,-1.));
#11068=CARTESIAN_POINT('Ctrl Pts',(46.4811456466112,-67.9214005237564,0.01));
#11069=CARTESIAN_POINT('Ctrl Pts',(46.2475104991847,-67.6838029209374,-1.));
#11070=CARTESIAN_POINT('Ctrl Pts',(46.2475104991847,-67.6838029209374,0.01));
#11071=CARTESIAN_POINT('Ctrl Pts',(46.1277976091969,-67.5620596986485,-1.));
#11072=CARTESIAN_POINT('Ctrl Pts',(46.1277976091969,-67.5620596986485,0.01));
#11073=CARTESIAN_POINT('',(46.9725241716969,-67.9795401673985,0.01));
#11074=CARTESIAN_POINT('Ctrl Pts',(46.9725241716969,-67.9795401673985,0.01));
#11075=CARTESIAN_POINT('Ctrl Pts',(46.8114602724646,-67.9604831731936,0.01));
#11076=CARTESIAN_POINT('Ctrl Pts',(46.4811456466112,-67.9214005237564,0.01));
#11077=CARTESIAN_POINT('Ctrl Pts',(46.2475104991847,-67.6838029209374,0.01));
#11078=CARTESIAN_POINT('Ctrl Pts',(46.1277976091969,-67.5620596986485,0.01));
#11079=CARTESIAN_POINT('',(46.9725241716969,-67.9795401673985,0.));
#11080=CARTESIAN_POINT('Ctrl Pts',(47.7684226091969,-67.5962393861485,-1.));
#11081=CARTESIAN_POINT('Ctrl Pts',(47.7684226091969,-67.5962393861485,0.01));
#11082=CARTESIAN_POINT('Ctrl Pts',(47.6568377353795,-67.7080312938249,-1.));
#11083=CARTESIAN_POINT('Ctrl Pts',(47.6568377353795,-67.7080312938249,0.01));
#11084=CARTESIAN_POINT('Ctrl Pts',(47.4361700127139,-67.9291084419677,-1.));
#11085=CARTESIAN_POINT('Ctrl Pts',(47.4361700127139,-67.9291084419677,0.01));
#11086=CARTESIAN_POINT('Ctrl Pts',(47.1259001278403,-67.9628571446608,-1.));
#11087=CARTESIAN_POINT('Ctrl Pts',(47.1259001278403,-67.9628571446608,0.01));
#11088=CARTESIAN_POINT('Ctrl Pts',(46.9725241716969,-67.9795401673985,-1.));
#11089=CARTESIAN_POINT('Ctrl Pts',(46.9725241716969,-67.9795401673985,0.01));
#11090=CARTESIAN_POINT('',(47.7684226091969,-67.5962393861485,0.01));
#11091=CARTESIAN_POINT('Ctrl Pts',(47.7684226091969,-67.5962393861485,0.01));
#11092=CARTESIAN_POINT('Ctrl Pts',(47.6568377353795,-67.7080312938249,0.01));
#11093=CARTESIAN_POINT('Ctrl Pts',(47.4361700127139,-67.9291084419677,0.01));
#11094=CARTESIAN_POINT('Ctrl Pts',(47.1259001278403,-67.9628571446608,0.01));
#11095=CARTESIAN_POINT('Ctrl Pts',(46.9725241716969,-67.9795401673985,0.01));
#11096=CARTESIAN_POINT('',(47.7684226091969,-67.5962393861485,0.));
#11097=CARTESIAN_POINT('Ctrl Pts',(48.0858054216969,-66.3389151673985,-1.));
#11098=CARTESIAN_POINT('Ctrl Pts',(48.0858054216969,-66.3389151673985,0.01));
#11099=CARTESIAN_POINT('Ctrl Pts',(48.0825615010306,-66.5958466014506,-1.));
#11100=CARTESIAN_POINT('Ctrl Pts',(48.0825615010306,-66.5958466014506,0.01));
#11101=CARTESIAN_POINT('Ctrl Pts',(48.0769166859039,-67.0429384371359,-1.));
#11102=CARTESIAN_POINT('Ctrl Pts',(48.0769166859039,-67.0429384371359,0.01));
#11103=CARTESIAN_POINT('Ctrl Pts',(47.8604793397858,-67.4311306199071,-1.));
#11104=CARTESIAN_POINT('Ctrl Pts',(47.8604793397858,-67.4311306199071,0.01));
#11105=CARTESIAN_POINT('Ctrl Pts',(47.7684226091969,-67.5962393861485,-1.));
#11106=CARTESIAN_POINT('Ctrl Pts',(47.7684226091969,-67.5962393861485,0.01));
#11107=CARTESIAN_POINT('',(48.0858054216969,-66.3389151673985,0.01));
#11108=CARTESIAN_POINT('Ctrl Pts',(48.0858054216969,-66.3389151673985,0.01));
#11109=CARTESIAN_POINT('Ctrl Pts',(48.0825615010306,-66.5958466014506,0.01));
#11110=CARTESIAN_POINT('Ctrl Pts',(48.0769166859039,-67.0429384371359,0.01));
#11111=CARTESIAN_POINT('Ctrl Pts',(47.8604793397858,-67.4311306199071,0.01));
#11112=CARTESIAN_POINT('Ctrl Pts',(47.7684226091969,-67.5962393861485,0.01));
#11113=CARTESIAN_POINT('',(48.0858054216969,-66.3389151673985,0.));
#11114=CARTESIAN_POINT('Ctrl Pts',(47.7586569841969,-65.1279776673985,-1.));
#11115=CARTESIAN_POINT('Ctrl Pts',(47.7586569841969,-65.1279776673985,0.01));
#11116=CARTESIAN_POINT('Ctrl Pts',(47.8537025586829,-65.29091960631,-1.));
#11117=CARTESIAN_POINT('Ctrl Pts',(47.8537025586829,-65.29091960631,0.01));
#11118=CARTESIAN_POINT('Ctrl Pts',(48.0706919245454,-65.6629166002577,-1.));
#11119=CARTESIAN_POINT('Ctrl Pts',(48.0706919245454,-65.6629166002577,0.01));
#11120=CARTESIAN_POINT('Ctrl Pts',(48.0803677797777,-66.0956995761186,-1.));
#11121=CARTESIAN_POINT('Ctrl Pts',(48.0803677797777,-66.0956995761186,0.01));
#11122=CARTESIAN_POINT('Ctrl Pts',(48.0858054216969,-66.3389151673985,-1.));
#11123=CARTESIAN_POINT('Ctrl Pts',(48.0858054216969,-66.3389151673985,0.01));
#11124=CARTESIAN_POINT('',(47.7586569841969,-65.1279776673985,0.01));
#11125=CARTESIAN_POINT('Ctrl Pts',(47.7586569841969,-65.1279776673985,0.01));
#11126=CARTESIAN_POINT('Ctrl Pts',(47.8537025586829,-65.29091960631,0.01));
#11127=CARTESIAN_POINT('Ctrl Pts',(48.0706919245454,-65.6629166002577,0.01));
#11128=CARTESIAN_POINT('Ctrl Pts',(48.0803677797777,-66.0956995761186,0.01));
#11129=CARTESIAN_POINT('Ctrl Pts',(48.0858054216969,-66.3389151673985,0.01));
#11130=CARTESIAN_POINT('',(47.7586569841969,-65.1279776673985,0.));
#11131=CARTESIAN_POINT('Ctrl Pts',(46.9481101091969,-64.7324698548985,-1.));
#11132=CARTESIAN_POINT('Ctrl Pts',(46.9481101091969,-64.7324698548985,0.01));
#11133=CARTESIAN_POINT('Ctrl Pts',(47.1036421913266,-64.7500635205539,-1.));
#11134=CARTESIAN_POINT('Ctrl Pts',(47.1036421913266,-64.7500635205539,0.01));
#11135=CARTESIAN_POINT('Ctrl Pts',(47.4201973393672,-64.7858719875909,-1.));
#11136=CARTESIAN_POINT('Ctrl Pts',(47.4201973393672,-64.7858719875909,0.01));
#11137=CARTESIAN_POINT('Ctrl Pts',(47.6445399493208,-65.0126313140288,-1.));
#11138=CARTESIAN_POINT('Ctrl Pts',(47.6445399493208,-65.0126313140288,0.01));
#11139=CARTESIAN_POINT('Ctrl Pts',(47.7586569841969,-65.1279776673985,-1.));
#11140=CARTESIAN_POINT('Ctrl Pts',(47.7586569841969,-65.1279776673985,0.01));
#11141=CARTESIAN_POINT('',(46.9481101091969,-64.7324698548985,0.01));
#11142=CARTESIAN_POINT('Ctrl Pts',(46.9481101091969,-64.7324698548985,0.01));
#11143=CARTESIAN_POINT('Ctrl Pts',(47.1036421913266,-64.7500635205539,0.01));
#11144=CARTESIAN_POINT('Ctrl Pts',(47.4201973393672,-64.7858719875909,0.01));
#11145=CARTESIAN_POINT('Ctrl Pts',(47.6445399493208,-65.0126313140288,0.01));
#11146=CARTESIAN_POINT('Ctrl Pts',(47.7586569841969,-65.1279776673985,0.01));
#11147=CARTESIAN_POINT('',(46.9481101091969,-64.7324698548985,0.));
#11148=CARTESIAN_POINT('Ctrl Pts',(46.1131491716969,-65.1206534486485,-1.));
#11149=CARTESIAN_POINT('Ctrl Pts',(46.1131491716969,-65.1206534486485,0.01));
#11150=CARTESIAN_POINT('Ctrl Pts',(46.2305687208205,-65.0074338849115,-1.));
#11151=CARTESIAN_POINT('Ctrl Pts',(46.2305687208205,-65.0074338849115,0.01));
#11152=CARTESIAN_POINT('Ctrl Pts',(46.4643612819714,-64.7820038608994,-1.));
#11153=CARTESIAN_POINT('Ctrl Pts',(46.4643612819714,-64.7820038608994,0.01));
#11154=CARTESIAN_POINT('Ctrl Pts',(46.787342425561,-64.748931842934,-1.));
#11155=CARTESIAN_POINT('Ctrl Pts',(46.787342425561,-64.748931842934,0.01));
#11156=CARTESIAN_POINT('Ctrl Pts',(46.9481101091969,-64.7324698548985,-1.));
#11157=CARTESIAN_POINT('Ctrl Pts',(46.9481101091969,-64.7324698548985,0.01));
#11158=CARTESIAN_POINT('',(46.1131491716969,-65.1206534486485,0.01));
#11159=CARTESIAN_POINT('Ctrl Pts',(46.1131491716969,-65.1206534486485,0.01));
#11160=CARTESIAN_POINT('Ctrl Pts',(46.2305687208205,-65.0074338849115,0.01));
#11161=CARTESIAN_POINT('Ctrl Pts',(46.4643612819714,-64.7820038608994,0.01));
#11162=CARTESIAN_POINT('Ctrl Pts',(46.787342425561,-64.748931842934,0.01));
#11163=CARTESIAN_POINT('Ctrl Pts',(46.9481101091969,-64.7324698548985,0.01));
#11164=CARTESIAN_POINT('',(46.1131491716969,-65.1206534486485,0.));
#11165=CARTESIAN_POINT('Ctrl Pts',(45.7811179216969,-66.2705557923985,-1.));
#11166=CARTESIAN_POINT('Ctrl Pts',(45.7811179216969,-66.2705557923985,0.01));
#11167=CARTESIAN_POINT('Ctrl Pts',(45.7878880397555,-66.0413033305927,-1.));
#11168=CARTESIAN_POINT('Ctrl Pts',(45.7878880397555,-66.0413033305927,0.01));
#11169=CARTESIAN_POINT('Ctrl Pts',(45.8001081061463,-65.627502525463,-1.));
#11170=CARTESIAN_POINT('Ctrl Pts',(45.8001081061463,-65.627502525463,0.01));
#11171=CARTESIAN_POINT('Ctrl Pts',(46.0165981693448,-65.276980498972,-1.));
#11172=CARTESIAN_POINT('Ctrl Pts',(46.0165981693448,-65.276980498972,0.01));
#11173=CARTESIAN_POINT('Ctrl Pts',(46.1131491716969,-65.1206534486485,-1.));
#11174=CARTESIAN_POINT('Ctrl Pts',(46.1131491716969,-65.1206534486485,0.01));
#11175=CARTESIAN_POINT('Ctrl Pts',(45.7811179216969,-66.2705557923985,0.01));
#11176=CARTESIAN_POINT('Ctrl Pts',(45.7878880397555,-66.0413033305927,0.01));
#11177=CARTESIAN_POINT('Ctrl Pts',(45.8001081061463,-65.627502525463,0.01));
#11178=CARTESIAN_POINT('Ctrl Pts',(46.0165981693448,-65.276980498972,0.01));
#11179=CARTESIAN_POINT('Ctrl Pts',(46.1131491716969,-65.1206534486485,0.01));
#11180=CARTESIAN_POINT('Origin',(45.7029929216969,-63.7656729798985,0.));
#11181=CARTESIAN_POINT('',(44.4236960466969,-63.7656729798985,0.01));
#11182=CARTESIAN_POINT('',(44.4236960466969,-63.7656729798985,0.));
#11183=CARTESIAN_POINT('',(45.7029929216969,-63.7656729798985,0.01));
#11184=CARTESIAN_POINT('',(44.4236960466969,-63.7656729798985,0.01));
#11185=CARTESIAN_POINT('',(45.7029929216969,-63.7656729798985,0.));
#11186=CARTESIAN_POINT('Origin',(45.7029929216969,-64.5273917298985,0.));
#11187=CARTESIAN_POINT('',(45.7029929216969,-64.5273917298985,0.01));
#11188=CARTESIAN_POINT('',(45.7029929216969,-63.7656729798985,0.01));
#11189=CARTESIAN_POINT('',(45.7029929216969,-64.5273917298985,0.));
#11190=CARTESIAN_POINT('Ctrl Pts',(46.3768210466969,-63.8926261048985,-1.));
#11191=CARTESIAN_POINT('Ctrl Pts',(46.3768210466969,-63.8926261048985,0.01));
#11192=CARTESIAN_POINT('Ctrl Pts',(46.2431723874895,-63.979131306119,-1.));
#11193=CARTESIAN_POINT('Ctrl Pts',(46.2431723874895,-63.979131306119,0.01));
#11194=CARTESIAN_POINT('Ctrl Pts',(45.9797308203722,-64.1496460416089,-1.));
#11195=CARTESIAN_POINT('Ctrl Pts',(45.9797308203722,-64.1496460416089,0.01));
#11196=CARTESIAN_POINT('Ctrl Pts',(45.7943343957511,-64.4027111272374,-1.));
#11197=CARTESIAN_POINT('Ctrl Pts',(45.7943343957511,-64.4027111272374,0.01));
#11198=CARTESIAN_POINT('Ctrl Pts',(45.7029929216969,-64.5273917298985,-1.));
#11199=CARTESIAN_POINT('Ctrl Pts',(45.7029929216969,-64.5273917298985,0.01));
#11200=CARTESIAN_POINT('',(46.3768210466969,-63.8926261048985,0.01));
#11201=CARTESIAN_POINT('Ctrl Pts',(46.3768210466969,-63.8926261048985,0.01));
#11202=CARTESIAN_POINT('Ctrl Pts',(46.2431723874895,-63.979131306119,0.01));
#11203=CARTESIAN_POINT('Ctrl Pts',(45.9797308203722,-64.1496460416089,0.01));
#11204=CARTESIAN_POINT('Ctrl Pts',(45.7943343957511,-64.4027111272374,0.01));
#11205=CARTESIAN_POINT('Ctrl Pts',(45.7029929216969,-64.5273917298985,0.01));
#11206=CARTESIAN_POINT('',(46.3768210466969,-63.8926261048985,0.));
#11207=CARTESIAN_POINT('Ctrl Pts',(47.3192038591969,-63.6484854798985,-1.));
#11208=CARTESIAN_POINT('Ctrl Pts',(47.3192038591969,-63.6484854798985,0.01));
#11209=CARTESIAN_POINT('Ctrl Pts',(47.1515960665506,-63.6580582442697,-1.));
#11210=CARTESIAN_POINT('Ctrl Pts',(47.1515960665506,-63.6580582442697,0.01));
#11211=CARTESIAN_POINT('Ctrl Pts',(46.8211465988939,-63.6769315606027,-1.));
#11212=CARTESIAN_POINT('Ctrl Pts',(46.8211465988939,-63.6769315606027,0.01));
#11213=CARTESIAN_POINT('Ctrl Pts',(46.5234985580312,-63.8214225947486,-1.));
#11214=CARTESIAN_POINT('Ctrl Pts',(46.5234985580312,-63.8214225947486,0.01));
#11215=CARTESIAN_POINT('Ctrl Pts',(46.3768210466969,-63.8926261048985,-1.));
#11216=CARTESIAN_POINT('Ctrl Pts',(46.3768210466969,-63.8926261048985,0.01));
#11217=CARTESIAN_POINT('',(47.3192038591969,-63.6484854798985,0.01));
#11218=CARTESIAN_POINT('Ctrl Pts',(47.3192038591969,-63.6484854798985,0.01));
#11219=CARTESIAN_POINT('Ctrl Pts',(47.1515960665506,-63.6580582442697,0.01));
#11220=CARTESIAN_POINT('Ctrl Pts',(46.8211465988939,-63.6769315606027,0.01));
#11221=CARTESIAN_POINT('Ctrl Pts',(46.5234985580312,-63.8214225947486,0.01));
#11222=CARTESIAN_POINT('Ctrl Pts',(46.3768210466969,-63.8926261048985,0.01));
#11223=CARTESIAN_POINT('',(47.3192038591969,-63.6484854798985,0.));
#11224=CARTESIAN_POINT('Ctrl Pts',(48.8524069841969,-64.3564932923985,-1.));
#11225=CARTESIAN_POINT('Ctrl Pts',(48.8524069841969,-64.3564932923985,0.01));
#11226=CARTESIAN_POINT('Ctrl Pts',(48.6331674344607,-64.1500022317327,-1.));
#11227=CARTESIAN_POINT('Ctrl Pts',(48.6331674344607,-64.1500022317327,0.01));
#11228=CARTESIAN_POINT('Ctrl Pts',(48.2006118118781,-63.7425991449652,-1.));
#11229=CARTESIAN_POINT('Ctrl Pts',(48.2006118118781,-63.7425991449652,0.01));
#11230=CARTESIAN_POINT('Ctrl Pts',(47.6103119606545,-63.6795689870026,-1.));
#11231=CARTESIAN_POINT('Ctrl Pts',(47.6103119606545,-63.6795689870026,0.01));
#11232=CARTESIAN_POINT('Ctrl Pts',(47.3192038591969,-63.6484854798985,-1.));
#11233=CARTESIAN_POINT('Ctrl Pts',(47.3192038591969,-63.6484854798985,0.01));
#11234=CARTESIAN_POINT('',(48.8524069841969,-64.3564932923985,0.01));
#11235=CARTESIAN_POINT('Ctrl Pts',(48.8524069841969,-64.3564932923985,0.01));
#11236=CARTESIAN_POINT('Ctrl Pts',(48.6331674344607,-64.1500022317327,0.01));
#11237=CARTESIAN_POINT('Ctrl Pts',(48.2006118118781,-63.7425991449652,0.01));
#11238=CARTESIAN_POINT('Ctrl Pts',(47.6103119606545,-63.6795689870026,0.01));
#11239=CARTESIAN_POINT('Ctrl Pts',(47.3192038591969,-63.6484854798985,0.01));
#11240=CARTESIAN_POINT('',(48.8524069841969,-64.3564932923985,0.));
#11241=CARTESIAN_POINT('Ctrl Pts',(49.4822897966969,-66.3291495423985,-1.));
#11242=CARTESIAN_POINT('Ctrl Pts',(49.4822897966969,-66.3291495423985,0.01));
#11243=CARTESIAN_POINT('Ctrl Pts',(49.4654089941774,-65.942033878198,-1.));
#11244=CARTESIAN_POINT('Ctrl Pts',(49.4654089941774,-65.942033878198,0.01));
#11245=CARTESIAN_POINT('Ctrl Pts',(49.4341201008886,-65.2245075228244,-1.));
#11246=CARTESIAN_POINT('Ctrl Pts',(49.4341201008886,-65.2245075228244,0.01));
#11247=CARTESIAN_POINT('Ctrl Pts',(49.0358189874121,-64.6301749823132,-1.));
#11248=CARTESIAN_POINT('Ctrl Pts',(49.0358189874121,-64.6301749823132,0.01));
#11249=CARTESIAN_POINT('Ctrl Pts',(48.8524069841969,-64.3564932923985,-1.));
#11250=CARTESIAN_POINT('Ctrl Pts',(48.8524069841969,-64.3564932923985,0.01));
#11251=CARTESIAN_POINT('',(49.4822897966969,-66.3291495423985,0.01));
#11252=CARTESIAN_POINT('Ctrl Pts',(49.4822897966969,-66.3291495423985,0.01));
#11253=CARTESIAN_POINT('Ctrl Pts',(49.4654089941774,-65.942033878198,0.01));
#11254=CARTESIAN_POINT('Ctrl Pts',(49.4341201008886,-65.2245075228244,0.01));
#11255=CARTESIAN_POINT('Ctrl Pts',(49.0358189874121,-64.6301749823132,0.01));
#11256=CARTESIAN_POINT('Ctrl Pts',(48.8524069841969,-64.3564932923985,0.01));
#11257=CARTESIAN_POINT('',(49.4822897966969,-66.3291495423985,0.));
#11258=CARTESIAN_POINT('Ctrl Pts',(48.8475241716969,-68.3481925111485,-1.));
#11259=CARTESIAN_POINT('Ctrl Pts',(48.8475241716969,-68.3481925111485,0.01));
#11260=CARTESIAN_POINT('Ctrl Pts',(49.0323307231687,-68.0685549710367,-1.));
#11261=CARTESIAN_POINT('Ctrl Pts',(49.0323307231687,-68.0685549710367,0.01));
#11262=CARTESIAN_POINT('Ctrl Pts',(49.4352257719101,-67.4589197635401,-1.));
#11263=CARTESIAN_POINT('Ctrl Pts',(49.4352257719101,-67.4589197635401,0.01));
#11264=CARTESIAN_POINT('Ctrl Pts',(49.465760981228,-66.7259231628453,-1.));
#11265=CARTESIAN_POINT('Ctrl Pts',(49.465760981228,-66.7259231628453,0.01));
#11266=CARTESIAN_POINT('Ctrl Pts',(49.4822897966969,-66.3291495423985,-1.));
#11267=CARTESIAN_POINT('Ctrl Pts',(49.4822897966969,-66.3291495423985,0.01));
#11268=CARTESIAN_POINT('',(48.8475241716969,-68.3481925111485,0.01));
#11269=CARTESIAN_POINT('Ctrl Pts',(48.8475241716969,-68.3481925111485,0.01));
#11270=CARTESIAN_POINT('Ctrl Pts',(49.0323307231687,-68.0685549710367,0.01));
#11271=CARTESIAN_POINT('Ctrl Pts',(49.4352257719101,-67.4589197635401,0.01));
#11272=CARTESIAN_POINT('Ctrl Pts',(49.465760981228,-66.7259231628453,0.01));
#11273=CARTESIAN_POINT('Ctrl Pts',(49.4822897966969,-66.3291495423985,0.01));
#11274=CARTESIAN_POINT('',(48.8475241716969,-68.3481925111485,0.));
#11275=CARTESIAN_POINT('Ctrl Pts',(47.3094382341969,-69.0684073548985,-1.));
#11276=CARTESIAN_POINT('Ctrl Pts',(47.3094382341969,-69.0684073548985,0.01));
#11277=CARTESIAN_POINT('Ctrl Pts',(47.6011290578279,-69.0363602920381,-1.));
#11278=CARTESIAN_POINT('Ctrl Pts',(47.6011290578279,-69.0363602920381,0.01));
#11279=CARTESIAN_POINT('Ctrl Pts',(48.1948575742541,-68.9711293915556,-1.));
#11280=CARTESIAN_POINT('Ctrl Pts',(48.1948575742541,-68.9711293915556,0.01));
#11281=CARTESIAN_POINT('Ctrl Pts',(48.6274556859394,-68.5582366233044,-1.));
#11282=CARTESIAN_POINT('Ctrl Pts',(48.6274556859394,-68.5582366233044,0.01));
#11283=CARTESIAN_POINT('Ctrl Pts',(48.8475241716969,-68.3481925111485,-1.));
#11284=CARTESIAN_POINT('Ctrl Pts',(48.8475241716969,-68.3481925111485,0.01));
#11285=CARTESIAN_POINT('',(47.3094382341969,-69.0684073548985,0.01));
#11286=CARTESIAN_POINT('Ctrl Pts',(47.3094382341969,-69.0684073548985,0.01));
#11287=CARTESIAN_POINT('Ctrl Pts',(47.6011290578279,-69.0363602920381,0.01));
#11288=CARTESIAN_POINT('Ctrl Pts',(48.1948575742541,-68.9711293915556,0.01));
#11289=CARTESIAN_POINT('Ctrl Pts',(48.6274556859394,-68.5582366233044,0.01));
#11290=CARTESIAN_POINT('Ctrl Pts',(48.8475241716969,-68.3481925111485,0.01));
#11291=CARTESIAN_POINT('',(47.3094382341969,-69.0684073548985,0.));
#11292=CARTESIAN_POINT('Ctrl Pts',(46.5306296404469,-68.8975089173985,-1.));
#11293=CARTESIAN_POINT('Ctrl Pts',(46.5306296404469,-68.8975089173985,0.01));
#11294=CARTESIAN_POINT('Ctrl Pts',(46.6521342769861,-68.9473448899879,-1.));
#11295=CARTESIAN_POINT('Ctrl Pts',(46.6521342769861,-68.9473448899879,0.01));
#11296=CARTESIAN_POINT('Ctrl Pts',(46.9016382471381,-69.0496806803874,-1.));
#11297=CARTESIAN_POINT('Ctrl Pts',(46.9016382471381,-69.0496806803874,0.01));
#11298=CARTESIAN_POINT('Ctrl Pts',(47.1711662612889,-69.0620577366718,-1.));
#11299=CARTESIAN_POINT('Ctrl Pts',(47.1711662612889,-69.0620577366718,0.01));
#11300=CARTESIAN_POINT('Ctrl Pts',(47.3094382341969,-69.0684073548985,-1.));
#11301=CARTESIAN_POINT('Ctrl Pts',(47.3094382341969,-69.0684073548985,0.01));
#11302=CARTESIAN_POINT('',(46.5306296404469,-68.8975089173985,0.01));
#11303=CARTESIAN_POINT('Ctrl Pts',(46.5306296404469,-68.8975089173985,0.01));
#11304=CARTESIAN_POINT('Ctrl Pts',(46.6521342769861,-68.9473448899879,0.01));
#11305=CARTESIAN_POINT('Ctrl Pts',(46.9016382471381,-69.0496806803874,0.01));
#11306=CARTESIAN_POINT('Ctrl Pts',(47.1711662612889,-69.0620577366718,0.01));
#11307=CARTESIAN_POINT('Ctrl Pts',(47.3094382341969,-69.0684073548985,0.01));
#11308=CARTESIAN_POINT('',(46.5306296404469,-68.8975089173985,0.));
#11309=CARTESIAN_POINT('Ctrl Pts',(45.7957663591969,-68.3115714173985,-1.));
#11310=CARTESIAN_POINT('Ctrl Pts',(45.7957663591969,-68.3115714173985,0.01));
#11311=CARTESIAN_POINT('Ctrl Pts',(45.9160657757761,-68.4362485866169,-1.));
#11312=CARTESIAN_POINT('Ctrl Pts',(45.9160657757761,-68.4362485866169,0.01));
#11313=CARTESIAN_POINT('Ctrl Pts',(46.1357037051833,-68.663879244106,-1.));
#11314=CARTESIAN_POINT('Ctrl Pts',(46.1357037051833,-68.663879244106,0.01));
#11315=CARTESIAN_POINT('Ctrl Pts',(46.4076382533358,-68.8247498630472,-1.));
#11316=CARTESIAN_POINT('Ctrl Pts',(46.4076382533358,-68.8247498630472,0.01));
#11317=CARTESIAN_POINT('Ctrl Pts',(46.5306296404469,-68.8975089173985,-1.));
#11318=CARTESIAN_POINT('Ctrl Pts',(46.5306296404469,-68.8975089173985,0.01));
#11319=CARTESIAN_POINT('',(45.7957663591969,-68.3115714173985,0.01));
#11320=CARTESIAN_POINT('Ctrl Pts',(45.7957663591969,-68.3115714173985,0.01));
#11321=CARTESIAN_POINT('Ctrl Pts',(45.9160657757761,-68.4362485866169,0.01));
#11322=CARTESIAN_POINT('Ctrl Pts',(46.1357037051833,-68.663879244106,0.01));
#11323=CARTESIAN_POINT('Ctrl Pts',(46.4076382533358,-68.8247498630472,0.01));
#11324=CARTESIAN_POINT('Ctrl Pts',(46.5306296404469,-68.8975089173985,0.01));
#11325=CARTESIAN_POINT('',(45.7957663591969,-68.3115714173985,0.));
#11326=CARTESIAN_POINT('Origin',(45.7957663591969,-70.9238761048985,0.));
#11327=CARTESIAN_POINT('',(45.7957663591969,-70.9238761048985,0.01));
#11328=CARTESIAN_POINT('',(45.7957663591969,-68.3115714173985,0.01));
#11329=CARTESIAN_POINT('',(45.7957663591969,-70.9238761048985,0.));
#11330=CARTESIAN_POINT('Origin',(44.4236960466969,-70.9238761048985,0.));
#11331=CARTESIAN_POINT('',(44.4236960466969,-70.9238761048985,0.01));
#11332=CARTESIAN_POINT('',(45.7957663591969,-70.9238761048985,0.01));
#11333=CARTESIAN_POINT('',(44.4236960466969,-70.9238761048985,0.));
#11334=CARTESIAN_POINT('Origin',(44.4236960466969,-63.7656729798985,0.));
#11335=CARTESIAN_POINT('',(44.4236960466969,-70.9238761048985,0.01));
#11336=CARTESIAN_POINT('Origin',(40.5174460466969,-66.3437979798985,0.01));
#11337=CARTESIAN_POINT('Origin',(40.5174460466969,-66.3437979798985,-1.));
#11338=CARTESIAN_POINT('',(32.0018210466969,-67.0420401673985,-1.));
#11339=CARTESIAN_POINT('',(29.3065085466969,-67.0420401673985,-1.));
#11340=CARTESIAN_POINT('',(32.0018210466969,-67.0420401673985,-1.));
#11341=CARTESIAN_POINT('',(29.3065085466969,-65.6699698548985,-1.));
#11342=CARTESIAN_POINT('',(29.3065085466969,-67.0420401673985,-1.));
#11343=CARTESIAN_POINT('',(32.0018210466969,-65.6699698548985,-1.));
#11344=CARTESIAN_POINT('',(29.3065085466969,-65.6699698548985,-1.));
#11345=CARTESIAN_POINT('',(32.0018210466969,-65.6699698548985,-1.));
#11346=CARTESIAN_POINT('Origin',(29.3065085466969,-65.6699698548985,0.));
#11347=CARTESIAN_POINT('',(29.3065085466969,-67.0420401673985,0.01));
#11348=CARTESIAN_POINT('',(29.3065085466969,-67.0420401673985,0.));
#11349=CARTESIAN_POINT('',(29.3065085466969,-65.6699698548985,0.01));
#11350=CARTESIAN_POINT('',(29.3065085466969,-67.0420401673985,0.01));
#11351=CARTESIAN_POINT('',(29.3065085466969,-65.6699698548985,0.));
#11352=CARTESIAN_POINT('Origin',(32.0018210466969,-65.6699698548985,0.));
#11353=CARTESIAN_POINT('',(32.0018210466969,-65.6699698548985,0.01));
#11354=CARTESIAN_POINT('',(29.3065085466969,-65.6699698548985,0.01));
#11355=CARTESIAN_POINT('',(32.0018210466969,-65.6699698548985,0.));
#11356=CARTESIAN_POINT('Origin',(32.0018210466969,-67.0420401673985,0.));
#11357=CARTESIAN_POINT('',(32.0018210466969,-67.0420401673985,0.01));
#11358=CARTESIAN_POINT('',(32.0018210466969,-65.6699698548985,0.01));
#11359=CARTESIAN_POINT('',(32.0018210466969,-67.0420401673985,0.));
#11360=CARTESIAN_POINT('Origin',(29.3065085466969,-67.0420401673985,0.));
#11361=CARTESIAN_POINT('',(32.0018210466969,-67.0420401673985,0.01));
#11362=CARTESIAN_POINT('Origin',(40.5174460466969,-66.3437979798985,0.01));
#11363=CARTESIAN_POINT('Origin',(40.5174460466969,-66.3437979798985,-1.));
#11364=CARTESIAN_POINT('',(34.1502585466969,-64.8423331361485,-1.));
#11365=CARTESIAN_POINT('',(33.8182272966969,-65.3477042298985,-1.));
#11366=CARTESIAN_POINT('Ctrl Pts',(34.1502585466969,-64.8423331361485,-1.));
#11367=CARTESIAN_POINT('Ctrl Pts',(34.0833348920533,-64.9049931334534,-1.));
#11368=CARTESIAN_POINT('Ctrl Pts',(33.9325986763132,-65.0461260545758,-1.));
#11369=CARTESIAN_POINT('Ctrl Pts',(33.8590962296799,-65.2399396975675,-1.));
#11370=CARTESIAN_POINT('Ctrl Pts',(33.8182272966969,-65.3477042298985,-1.));
#11371=CARTESIAN_POINT('',(32.5731101091969,-65.1230948548985,-1.));
#11372=CARTESIAN_POINT('',(33.8182272966969,-65.3477042298985,-1.));
#11373=CARTESIAN_POINT('',(33.2957663591969,-64.0098136048985,-1.));
#11374=CARTESIAN_POINT('Ctrl Pts',(32.5731101091969,-65.1230948548985,-1.));
#11375=CARTESIAN_POINT('Ctrl Pts',(32.6500793793942,-64.892878222774,-1.));
#11376=CARTESIAN_POINT('Ctrl Pts',(32.7953741645633,-64.4582986039063,-1.));
#11377=CARTESIAN_POINT('Ctrl Pts',(33.135718113016,-64.1532595624882,-1.));
#11378=CARTESIAN_POINT('Ctrl Pts',(33.2957663591969,-64.0098136048985,-1.));
#11379=CARTESIAN_POINT('',(34.8192038591969,-63.6484854798985,-1.));
#11380=CARTESIAN_POINT('Ctrl Pts',(33.2957663591969,-64.0098136048985,-1.));
#11381=CARTESIAN_POINT('Ctrl Pts',(33.5044029256836,-63.9048463395292,-1.));
#11382=CARTESIAN_POINT('Ctrl Pts',(33.9814503075881,-63.6648387513422,-1.));
#11383=CARTESIAN_POINT('Ctrl Pts',(34.5175610377561,-63.6543736637547,-1.));
#11384=CARTESIAN_POINT('Ctrl Pts',(34.8192038591969,-63.6484854798985,-1.));
#11385=CARTESIAN_POINT('',(36.1863913591969,-63.8657706361485,-1.));
#11386=CARTESIAN_POINT('Ctrl Pts',(34.8192038591969,-63.6484854798985,-1.));
#11387=CARTESIAN_POINT('Ctrl Pts',(35.0889610989426,-63.6504861457339,-1.));
#11388=CARTESIAN_POINT('Ctrl Pts',(35.5568073872847,-63.6539559472716,-1.));
#11389=CARTESIAN_POINT('Ctrl Pts',(35.9991153834528,-63.8027642632005,-1.));
#11390=CARTESIAN_POINT('Ctrl Pts',(36.1863913591969,-63.8657706361485,-1.));
#11391=CARTESIAN_POINT('',(36.8187155779469,-64.4175284486485,-1.));
#11392=CARTESIAN_POINT('Ctrl Pts',(36.1863913591969,-63.8657706361485,-1.));
#11393=CARTESIAN_POINT('Ctrl Pts',(36.3223902939386,-63.9385155162211,-1.));
#11394=CARTESIAN_POINT('Ctrl Pts',(36.5761709012371,-64.0742609900936,-1.));
#11395=CARTESIAN_POINT('Ctrl Pts',(36.7418312459212,-64.3087159625731,-1.));
#11396=CARTESIAN_POINT('Ctrl Pts',(36.8187155779469,-64.4175284486485,-1.));
#11397=CARTESIAN_POINT('',(37.0018210466969,-65.6455557923985,-1.));
#11398=CARTESIAN_POINT('Ctrl Pts',(36.8187155779469,-64.4175284486485,-1.));
#11399=CARTESIAN_POINT('Ctrl Pts',(36.87156839526,-64.5743856018273,-1.));
#11400=CARTESIAN_POINT('Ctrl Pts',(37.0052615431456,-64.9711615476131,-1.));
#11401=CARTESIAN_POINT('Ctrl Pts',(37.0031174917657,-65.3914311025063,-1.));
#11402=CARTESIAN_POINT('Ctrl Pts',(37.0018210466969,-65.6455557923985,-1.));
#11403=CARTESIAN_POINT('',(36.9871726091969,-67.2471182923985,-1.));
#11404=CARTESIAN_POINT('',(37.0018210466969,-65.6455557923985,-1.));
#11405=CARTESIAN_POINT('',(37.0530905779469,-68.2554190736485,-1.));
#11406=CARTESIAN_POINT('Ctrl Pts',(36.9871726091969,-67.2471182923985,-1.));
#11407=CARTESIAN_POINT('Ctrl Pts',(36.987389901245,-67.4454627307545,-1.));
#11408=CARTESIAN_POINT('Ctrl Pts',(36.9877598451283,-67.7831479447341,-1.));
#11409=CARTESIAN_POINT('Ctrl Pts',(37.0340072676422,-68.1174672076248,-1.));
#11410=CARTESIAN_POINT('Ctrl Pts',(37.0530905779469,-68.2554190736485,-1.));
#11411=CARTESIAN_POINT('',(37.2996726091969,-68.9512198548985,-1.));
#11412=CARTESIAN_POINT('Ctrl Pts',(37.0530905779469,-68.2554190736485,-1.));
#11413=CARTESIAN_POINT('Ctrl Pts',(37.0813640432587,-68.3686633154519,-1.));
#11414=CARTESIAN_POINT('Ctrl Pts',(37.1412246335676,-68.6084240624518,-1.));
#11415=CARTESIAN_POINT('Ctrl Pts',(37.2449427999831,-68.8328141242768,-1.));
#11416=CARTESIAN_POINT('Ctrl Pts',(37.2996726091969,-68.9512198548985,-1.));
#11417=CARTESIAN_POINT('',(35.9422507341969,-68.9512198548985,-1.));
#11418=CARTESIAN_POINT('',(37.2996726091969,-68.9512198548985,-1.));
#11419=CARTESIAN_POINT('',(35.8104147966969,-68.5459464173985,-1.));
#11420=CARTESIAN_POINT('Ctrl Pts',(35.9422507341969,-68.9512198548985,-1.));
#11421=CARTESIAN_POINT('Ctrl Pts',(35.9218048297226,-68.8948276336091,-1.));
#11422=CARTESIAN_POINT('Ctrl Pts',(35.8733617879073,-68.7612159982123,-1.));
#11423=CARTESIAN_POINT('Ctrl Pts',(35.8334698912502,-68.6247914971184,-1.));
#11424=CARTESIAN_POINT('Ctrl Pts',(35.8104147966969,-68.5459464173985,-1.));
#11425=CARTESIAN_POINT('',(35.7615866716969,-68.3848136048985,-1.));
#11426=CARTESIAN_POINT('Ctrl Pts',(35.8104147966969,-68.5459464173985,-1.));
#11427=CARTESIAN_POINT('Ctrl Pts',(35.8010083628598,-68.5120630914928,-1.));
#11428=CARTESIAN_POINT('Ctrl Pts',(35.7859900813217,-68.4579650840316,-1.));
#11429=CARTESIAN_POINT('Ctrl Pts',(35.7682249344345,-68.404712411893,-1.));
#11430=CARTESIAN_POINT('Ctrl Pts',(35.7615866716969,-68.3848136048985,-1.));
#11431=CARTESIAN_POINT('',(35.0096335466969,-68.8975089173985,-1.));
#11432=CARTESIAN_POINT('Ctrl Pts',(35.7615866716969,-68.3848136048985,-1.));
#11433=CARTESIAN_POINT('Ctrl Pts',(35.6445215480728,-68.4906892120083,-1.));
#11434=CARTESIAN_POINT('Ctrl Pts',(35.41731329544,-68.6961800614018,-1.));
#11435=CARTESIAN_POINT('Ctrl Pts',(35.1427384503779,-68.831776297448,-1.));
#11436=CARTESIAN_POINT('Ctrl Pts',(35.0096335466969,-68.8975089173985,-1.));
#11437=CARTESIAN_POINT('',(34.1551413591969,-69.0684073548985,-1.));
#11438=CARTESIAN_POINT('Ctrl Pts',(35.0096335466969,-68.8975089173985,-1.));
#11439=CARTESIAN_POINT('Ctrl Pts',(34.8731261457487,-68.9473526287129,-1.));
#11440=CARTESIAN_POINT('Ctrl Pts',(34.597109550104,-69.0481361130936,-1.));
#11441=CARTESIAN_POINT('Ctrl Pts',(34.3035283614677,-69.0616014605703,-1.));
#11442=CARTESIAN_POINT('Ctrl Pts',(34.1551413591969,-69.0684073548985,-1.));
#11443=CARTESIAN_POINT('',(32.8929343279469,-68.6338370423985,-1.));
#11444=CARTESIAN_POINT('Ctrl Pts',(34.1551413591969,-69.0684073548985,-1.));
#11445=CARTESIAN_POINT('Ctrl Pts',(33.9081464390462,-69.0554740566662,-1.));
#11446=CARTESIAN_POINT('Ctrl Pts',(33.4441826186628,-69.0311797009187,-1.));
#11447=CARTESIAN_POINT('Ctrl Pts',(33.0685812483704,-68.7604442636768,-1.));
#11448=CARTESIAN_POINT('Ctrl Pts',(32.8929343279469,-68.6338370423985,-1.));
#11449=CARTESIAN_POINT('',(32.4315085466969,-67.5352042298985,-1.));
#11450=CARTESIAN_POINT('Ctrl Pts',(32.8929343279469,-68.6338370423985,-1.));
#11451=CARTESIAN_POINT('Ctrl Pts',(32.7583584151144,-68.4779925639946,-1.));
#11452=CARTESIAN_POINT('Ctrl Pts',(32.4856079044366,-68.1621361809593,-1.));
#11453=CARTESIAN_POINT('Ctrl Pts',(32.4496995913528,-67.7460116700316,-1.));
#11454=CARTESIAN_POINT('Ctrl Pts',(32.4315085466969,-67.5352042298985,-1.));
#11455=CARTESIAN_POINT('',(32.6414694841969,-66.7515128236485,-1.));
#11456=CARTESIAN_POINT('Ctrl Pts',(32.4315085466969,-67.5352042298985,-1.));
#11457=CARTESIAN_POINT('Ctrl Pts',(32.4394331281249,-67.3940571639436,-1.));
#11458=CARTESIAN_POINT('Ctrl Pts',(32.4549297876143,-67.1180415738614,-1.));
#11459=CARTESIAN_POINT('Ctrl Pts',(32.5802397293847,-66.871822151466,-1.));
#11460=CARTESIAN_POINT('Ctrl Pts',(32.6414694841969,-66.7515128236485,-1.));
#11461=CARTESIAN_POINT('',(33.2298483904469,-66.2241690736485,-1.));
#11462=CARTESIAN_POINT('Ctrl Pts',(32.6414694841969,-66.7515128236485,-1.));
#11463=CARTESIAN_POINT('Ctrl Pts',(32.7191612198911,-66.6431512591118,-1.));
#11464=CARTESIAN_POINT('Ctrl Pts',(32.8762869746269,-66.4239980575512,-1.));
#11465=CARTESIAN_POINT('Ctrl Pts',(33.1111265816281,-66.2912693209092,-1.));
#11466=CARTESIAN_POINT('Ctrl Pts',(33.2298483904469,-66.2241690736485,-1.));
#11467=CARTESIAN_POINT('',(34.3211569841969,-65.9043448548985,-1.));
#11468=CARTESIAN_POINT('Ctrl Pts',(33.2298483904469,-66.2241690736485,-1.));
#11469=CARTESIAN_POINT('Ctrl Pts',(33.3825871611494,-66.1627858111153,-1.));
#11470=CARTESIAN_POINT('Ctrl Pts',(33.7356903162516,-66.0208793156576,-1.));
#11471=CARTESIAN_POINT('Ctrl Pts',(34.1092083871482,-65.9465322531195,-1.));
#11472=CARTESIAN_POINT('Ctrl Pts',(34.3211569841969,-65.9043448548985,-1.));
#11473=CARTESIAN_POINT('',(35.6541647966969,-65.5674307923985,-1.));
#11474=CARTESIAN_POINT('Ctrl Pts',(34.3211569841969,-65.9043448548985,-1.));
#11475=CARTESIAN_POINT('Ctrl Pts',(34.5945266057582,-65.8536336930438,-1.));
#11476=CARTESIAN_POINT('Ctrl Pts',(35.0463569631213,-65.7698173485201,-1.));
#11477=CARTESIAN_POINT('Ctrl Pts',(35.4820699751418,-65.6247345590446,-1.));
#11478=CARTESIAN_POINT('Ctrl Pts',(35.6541647966969,-65.5674307923985,-1.));
#11479=CARTESIAN_POINT('',(35.6541647966969,-65.4307120423985,-1.));
#11480=CARTESIAN_POINT('',(35.6541647966969,-65.5674307923985,-1.));
#11481=CARTESIAN_POINT('',(35.4588522966969,-64.8667471986485,-1.));
#11482=CARTESIAN_POINT('Ctrl Pts',(35.6541647966969,-65.4307120423985,-1.));
#11483=CARTESIAN_POINT('Ctrl Pts',(35.6507527450366,-65.3129562897336,-1.));
#11484=CARTESIAN_POINT('Ctrl Pts',(35.644662202035,-65.1027612086761,-1.));
#11485=CARTESIAN_POINT('Ctrl Pts',(35.5156077161793,-64.9388374035193,-1.));
#11486=CARTESIAN_POINT('Ctrl Pts',(35.4588522966969,-64.8667471986485,-1.));
#11487=CARTESIAN_POINT('',(34.7215476091969,-64.6982901673985,-1.));
#11488=CARTESIAN_POINT('Ctrl Pts',(35.4588522966969,-64.8667471986485,-1.));
#11489=CARTESIAN_POINT('Ctrl Pts',(35.3665852122807,-64.8180543081642,-1.));
#11490=CARTESIAN_POINT('Ctrl Pts',(35.1377758800587,-64.6973028199585,-1.));
#11491=CARTESIAN_POINT('Ctrl Pts',(34.8771039193666,-64.6979211676563,-1.));
#11492=CARTESIAN_POINT('Ctrl Pts',(34.7215476091969,-64.6982901673985,-1.));
#11493=CARTESIAN_POINT('Ctrl Pts',(34.7215476091969,-64.6982901673985,-1.));
#11494=CARTESIAN_POINT('Ctrl Pts',(34.6105375123824,-64.7014791841088,-1.));
#11495=CARTESIAN_POINT('Ctrl Pts',(34.4087684078307,-64.7072754590828,-1.));
#11496=CARTESIAN_POINT('Ctrl Pts',(34.230463140721,-64.8004304941704,-1.));
#11497=CARTESIAN_POINT('Ctrl Pts',(34.1502585466969,-64.8423331361485,-1.));
#11498=CARTESIAN_POINT('',(35.6541647966969,-66.7344229798985,-1.));
#11499=CARTESIAN_POINT('',(35.6541647966969,-66.4609854798985,-1.));
#11500=CARTESIAN_POINT('',(35.6541647966969,-66.7344229798985,-1.));
#11501=CARTESIAN_POINT('',(34.8192038591969,-66.6709464173985,-1.));
#11502=CARTESIAN_POINT('Ctrl Pts',(35.6541647966969,-66.4609854798985,-1.));
#11503=CARTESIAN_POINT('Ctrl Pts',(35.5409415738177,-66.4943099929398,-1.));
#11504=CARTESIAN_POINT('Ctrl Pts',(35.2654635817661,-66.5753902669796,-1.));
#11505=CARTESIAN_POINT('Ctrl Pts',(34.9846193242718,-66.6355265391014,-1.));
#11506=CARTESIAN_POINT('Ctrl Pts',(34.8192038591969,-66.6709464173985,-1.));
#11507=CARTESIAN_POINT('',(34.0721335466969,-66.9102042298985,-1.));
#11508=CARTESIAN_POINT('Ctrl Pts',(34.8192038591969,-66.6709464173985,-1.));
#11509=CARTESIAN_POINT('Ctrl Pts',(34.6591890937219,-66.7037715818151,-1.));
#11510=CARTESIAN_POINT('Ctrl Pts',(34.4010259614536,-66.7567307399146,-1.));
#11511=CARTESIAN_POINT('Ctrl Pts',(34.1627291447736,-66.8679289386781,-1.));
#11512=CARTESIAN_POINT('Ctrl Pts',(34.0721335466969,-66.9102042298985,-1.));
#11513=CARTESIAN_POINT('',(33.8035788591969,-67.3936026673985,-1.));
#11514=CARTESIAN_POINT('Ctrl Pts',(34.0721335466969,-66.9102042298985,-1.));
#11515=CARTESIAN_POINT('Ctrl Pts',(33.9938328250955,-66.9761540830359,-1.));
#11516=CARTESIAN_POINT('Ctrl Pts',(33.8424665041537,-67.1036444360226,-1.));
#11517=CARTESIAN_POINT('Ctrl Pts',(33.8162390417686,-67.2992044555375,-1.));
#11518=CARTESIAN_POINT('Ctrl Pts',(33.8035788591969,-67.3936026673985,-1.));
#11519=CARTESIAN_POINT('',(34.0184226091969,-67.8916495423985,-1.));
#11520=CARTESIAN_POINT('Ctrl Pts',(33.8035788591969,-67.3936026673985,-1.));
#11521=CARTESIAN_POINT('Ctrl Pts',(33.8129456631314,-67.4867783532294,-1.));
#11522=CARTESIAN_POINT('Ctrl Pts',(33.8319028819704,-67.6753540807798,-1.));
#11523=CARTESIAN_POINT('Ctrl Pts',(33.955762369541,-67.8189863144223,-1.));
#11524=CARTESIAN_POINT('Ctrl Pts',(34.0184226091969,-67.8916495423985,-1.));
#11525=CARTESIAN_POINT('',(34.5652976091969,-68.1016104798985,-1.));
#11526=CARTESIAN_POINT('Ctrl Pts',(34.0184226091969,-67.8916495423985,-1.));
#11527=CARTESIAN_POINT('Ctrl Pts',(34.0963920241321,-67.9528748147705,-1.));
#11528=CARTESIAN_POINT('Ctrl Pts',(34.2568212646483,-68.0788514423392,-1.));
#11529=CARTESIAN_POINT('Ctrl Pts',(34.4605711759487,-68.0938838815065,-1.));
#11530=CARTESIAN_POINT('Ctrl Pts',(34.5652976091969,-68.1016104798985,-1.));
#11531=CARTESIAN_POINT('',(35.2733054216969,-67.8574698548985,-1.));
#11532=CARTESIAN_POINT('Ctrl Pts',(34.5652976091969,-68.1016104798985,-1.));
#11533=CARTESIAN_POINT('Ctrl Pts',(34.6891928566808,-68.0902423964648,-1.));
#11534=CARTESIAN_POINT('Ctrl Pts',(34.9448469725355,-68.0667846983027,-1.));
#11535=CARTESIAN_POINT('Ctrl Pts',(35.1615969469413,-67.9286576777725,-1.));
#11536=CARTESIAN_POINT('Ctrl Pts',(35.2733054216969,-67.8574698548985,-1.));
#11537=CARTESIAN_POINT('',(35.6004538591969,-67.4033682923985,-1.));
#11538=CARTESIAN_POINT('Ctrl Pts',(35.2733054216969,-67.8574698548985,-1.));
#11539=CARTESIAN_POINT('Ctrl Pts',(35.348791015163,-67.7934962254157,-1.));
#11540=CARTESIAN_POINT('Ctrl Pts',(35.495609533718,-67.6690683302908,-1.));
#11541=CARTESIAN_POINT('Ctrl Pts',(35.566171012884,-67.4902490417646,-1.));
#11542=CARTESIAN_POINT('Ctrl Pts',(35.6004538591969,-67.4033682923985,-1.));
#11543=CARTESIAN_POINT('Ctrl Pts',(35.6004538591969,-67.4033682923985,-1.));
#11544=CARTESIAN_POINT('Ctrl Pts',(35.6159245277295,-67.3185196487763,-1.));
#11545=CARTESIAN_POINT('Ctrl Pts',(35.6561947431374,-67.0976582717441,-1.));
#11546=CARTESIAN_POINT('Ctrl Pts',(35.6549384548468,-66.872860102316,-1.));
#11547=CARTESIAN_POINT('Ctrl Pts',(35.6541647966969,-66.7344229798985,-1.));
#11548=CARTESIAN_POINT('Ctrl Pts',(34.8192038591969,-66.6709464173985,-1.));
#11549=CARTESIAN_POINT('Ctrl Pts',(34.8192038591969,-66.6709464173985,0.01));
#11550=CARTESIAN_POINT('Ctrl Pts',(34.9846193242718,-66.6355265391014,-1.));
#11551=CARTESIAN_POINT('Ctrl Pts',(34.9846193242718,-66.6355265391014,0.01));
#11552=CARTESIAN_POINT('Ctrl Pts',(35.2654635817661,-66.5753902669796,-1.));
#11553=CARTESIAN_POINT('Ctrl Pts',(35.2654635817661,-66.5753902669796,0.01));
#11554=CARTESIAN_POINT('Ctrl Pts',(35.5409415738177,-66.4943099929398,-1.));
#11555=CARTESIAN_POINT('Ctrl Pts',(35.5409415738177,-66.4943099929398,0.01));
#11556=CARTESIAN_POINT('Ctrl Pts',(35.6541647966969,-66.4609854798985,-1.));
#11557=CARTESIAN_POINT('Ctrl Pts',(35.6541647966969,-66.4609854798985,0.01));
#11558=CARTESIAN_POINT('',(35.6541647966969,-66.4609854798985,0.01));
#11559=CARTESIAN_POINT('',(35.6541647966969,-66.4609854798985,0.));
#11560=CARTESIAN_POINT('',(34.8192038591969,-66.6709464173985,0.01));
#11561=CARTESIAN_POINT('Ctrl Pts',(34.8192038591969,-66.6709464173985,0.01));
#11562=CARTESIAN_POINT('Ctrl Pts',(34.9846193242718,-66.6355265391014,0.01));
#11563=CARTESIAN_POINT('Ctrl Pts',(35.2654635817661,-66.5753902669796,0.01));
#11564=CARTESIAN_POINT('Ctrl Pts',(35.5409415738177,-66.4943099929398,0.01));
#11565=CARTESIAN_POINT('Ctrl Pts',(35.6541647966969,-66.4609854798985,0.01));
#11566=CARTESIAN_POINT('',(34.8192038591969,-66.6709464173985,0.));
#11567=CARTESIAN_POINT('Ctrl Pts',(34.0721335466969,-66.9102042298985,-1.));
#11568=CARTESIAN_POINT('Ctrl Pts',(34.0721335466969,-66.9102042298985,0.01));
#11569=CARTESIAN_POINT('Ctrl Pts',(34.1627291447736,-66.8679289386781,-1.));
#11570=CARTESIAN_POINT('Ctrl Pts',(34.1627291447736,-66.8679289386781,0.01));
#11571=CARTESIAN_POINT('Ctrl Pts',(34.4010259614536,-66.7567307399146,-1.));
#11572=CARTESIAN_POINT('Ctrl Pts',(34.4010259614536,-66.7567307399146,0.01));
#11573=CARTESIAN_POINT('Ctrl Pts',(34.6591890937219,-66.7037715818151,-1.));
#11574=CARTESIAN_POINT('Ctrl Pts',(34.6591890937219,-66.7037715818151,0.01));
#11575=CARTESIAN_POINT('Ctrl Pts',(34.8192038591969,-66.6709464173985,-1.));
#11576=CARTESIAN_POINT('Ctrl Pts',(34.8192038591969,-66.6709464173985,0.01));
#11577=CARTESIAN_POINT('',(34.0721335466969,-66.9102042298985,0.01));
#11578=CARTESIAN_POINT('Ctrl Pts',(34.0721335466969,-66.9102042298985,0.01));
#11579=CARTESIAN_POINT('Ctrl Pts',(34.1627291447736,-66.8679289386781,0.01));
#11580=CARTESIAN_POINT('Ctrl Pts',(34.4010259614536,-66.7567307399146,0.01));
#11581=CARTESIAN_POINT('Ctrl Pts',(34.6591890937219,-66.7037715818151,0.01));
#11582=CARTESIAN_POINT('Ctrl Pts',(34.8192038591969,-66.6709464173985,0.01));
#11583=CARTESIAN_POINT('',(34.0721335466969,-66.9102042298985,0.));
#11584=CARTESIAN_POINT('Ctrl Pts',(33.8035788591969,-67.3936026673985,-1.));
#11585=CARTESIAN_POINT('Ctrl Pts',(33.8035788591969,-67.3936026673985,0.01));
#11586=CARTESIAN_POINT('Ctrl Pts',(33.8162390417686,-67.2992044555375,-1.));
#11587=CARTESIAN_POINT('Ctrl Pts',(33.8162390417686,-67.2992044555375,0.01));
#11588=CARTESIAN_POINT('Ctrl Pts',(33.8424665041537,-67.1036444360226,-1.));
#11589=CARTESIAN_POINT('Ctrl Pts',(33.8424665041537,-67.1036444360226,0.01));
#11590=CARTESIAN_POINT('Ctrl Pts',(33.9938328250955,-66.9761540830359,-1.));
#11591=CARTESIAN_POINT('Ctrl Pts',(33.9938328250955,-66.9761540830359,0.01));
#11592=CARTESIAN_POINT('Ctrl Pts',(34.0721335466969,-66.9102042298985,-1.));
#11593=CARTESIAN_POINT('Ctrl Pts',(34.0721335466969,-66.9102042298985,0.01));
#11594=CARTESIAN_POINT('',(33.8035788591969,-67.3936026673985,0.01));
#11595=CARTESIAN_POINT('Ctrl Pts',(33.8035788591969,-67.3936026673985,0.01));
#11596=CARTESIAN_POINT('Ctrl Pts',(33.8162390417686,-67.2992044555375,0.01));
#11597=CARTESIAN_POINT('Ctrl Pts',(33.8424665041537,-67.1036444360226,0.01));
#11598=CARTESIAN_POINT('Ctrl Pts',(33.9938328250955,-66.9761540830359,0.01));
#11599=CARTESIAN_POINT('Ctrl Pts',(34.0721335466969,-66.9102042298985,0.01));
#11600=CARTESIAN_POINT('',(33.8035788591969,-67.3936026673985,0.));
#11601=CARTESIAN_POINT('Ctrl Pts',(34.0184226091969,-67.8916495423985,-1.));
#11602=CARTESIAN_POINT('Ctrl Pts',(34.0184226091969,-67.8916495423985,0.01));
#11603=CARTESIAN_POINT('Ctrl Pts',(33.955762369541,-67.8189863144223,-1.));
#11604=CARTESIAN_POINT('Ctrl Pts',(33.955762369541,-67.8189863144223,0.01));
#11605=CARTESIAN_POINT('Ctrl Pts',(33.8319028819704,-67.6753540807798,-1.));
#11606=CARTESIAN_POINT('Ctrl Pts',(33.8319028819704,-67.6753540807798,0.01));
#11607=CARTESIAN_POINT('Ctrl Pts',(33.8129456631314,-67.4867783532294,-1.));
#11608=CARTESIAN_POINT('Ctrl Pts',(33.8129456631314,-67.4867783532294,0.01));
#11609=CARTESIAN_POINT('Ctrl Pts',(33.8035788591969,-67.3936026673985,-1.));
#11610=CARTESIAN_POINT('Ctrl Pts',(33.8035788591969,-67.3936026673985,0.01));
#11611=CARTESIAN_POINT('',(34.0184226091969,-67.8916495423985,0.01));
#11612=CARTESIAN_POINT('Ctrl Pts',(34.0184226091969,-67.8916495423985,0.01));
#11613=CARTESIAN_POINT('Ctrl Pts',(33.955762369541,-67.8189863144223,0.01));
#11614=CARTESIAN_POINT('Ctrl Pts',(33.8319028819704,-67.6753540807798,0.01));
#11615=CARTESIAN_POINT('Ctrl Pts',(33.8129456631314,-67.4867783532294,0.01));
#11616=CARTESIAN_POINT('Ctrl Pts',(33.8035788591969,-67.3936026673985,0.01));
#11617=CARTESIAN_POINT('',(34.0184226091969,-67.8916495423985,0.));
#11618=CARTESIAN_POINT('Ctrl Pts',(34.5652976091969,-68.1016104798985,-1.));
#11619=CARTESIAN_POINT('Ctrl Pts',(34.5652976091969,-68.1016104798985,0.01));
#11620=CARTESIAN_POINT('Ctrl Pts',(34.4605711759487,-68.0938838815065,-1.));
#11621=CARTESIAN_POINT('Ctrl Pts',(34.4605711759487,-68.0938838815065,0.01));
#11622=CARTESIAN_POINT('Ctrl Pts',(34.2568212646483,-68.0788514423392,-1.));
#11623=CARTESIAN_POINT('Ctrl Pts',(34.2568212646483,-68.0788514423392,0.01));
#11624=CARTESIAN_POINT('Ctrl Pts',(34.0963920241321,-67.9528748147705,-1.));
#11625=CARTESIAN_POINT('Ctrl Pts',(34.0963920241321,-67.9528748147705,0.01));
#11626=CARTESIAN_POINT('Ctrl Pts',(34.0184226091969,-67.8916495423985,-1.));
#11627=CARTESIAN_POINT('Ctrl Pts',(34.0184226091969,-67.8916495423985,0.01));
#11628=CARTESIAN_POINT('',(34.5652976091969,-68.1016104798985,0.01));
#11629=CARTESIAN_POINT('Ctrl Pts',(34.5652976091969,-68.1016104798985,0.01));
#11630=CARTESIAN_POINT('Ctrl Pts',(34.4605711759487,-68.0938838815065,0.01));
#11631=CARTESIAN_POINT('Ctrl Pts',(34.2568212646483,-68.0788514423392,0.01));
#11632=CARTESIAN_POINT('Ctrl Pts',(34.0963920241321,-67.9528748147705,0.01));
#11633=CARTESIAN_POINT('Ctrl Pts',(34.0184226091969,-67.8916495423985,0.01));
#11634=CARTESIAN_POINT('',(34.5652976091969,-68.1016104798985,0.));
#11635=CARTESIAN_POINT('Ctrl Pts',(35.2733054216969,-67.8574698548985,-1.));
#11636=CARTESIAN_POINT('Ctrl Pts',(35.2733054216969,-67.8574698548985,0.01));
#11637=CARTESIAN_POINT('Ctrl Pts',(35.1615969469413,-67.9286576777725,-1.));
#11638=CARTESIAN_POINT('Ctrl Pts',(35.1615969469413,-67.9286576777725,0.01));
#11639=CARTESIAN_POINT('Ctrl Pts',(34.9448469725355,-68.0667846983027,-1.));
#11640=CARTESIAN_POINT('Ctrl Pts',(34.9448469725355,-68.0667846983027,0.01));
#11641=CARTESIAN_POINT('Ctrl Pts',(34.6891928566808,-68.0902423964648,-1.));
#11642=CARTESIAN_POINT('Ctrl Pts',(34.6891928566808,-68.0902423964648,0.01));
#11643=CARTESIAN_POINT('Ctrl Pts',(34.5652976091969,-68.1016104798985,-1.));
#11644=CARTESIAN_POINT('Ctrl Pts',(34.5652976091969,-68.1016104798985,0.01));
#11645=CARTESIAN_POINT('',(35.2733054216969,-67.8574698548985,0.01));
#11646=CARTESIAN_POINT('Ctrl Pts',(35.2733054216969,-67.8574698548985,0.01));
#11647=CARTESIAN_POINT('Ctrl Pts',(35.1615969469413,-67.9286576777725,0.01));
#11648=CARTESIAN_POINT('Ctrl Pts',(34.9448469725355,-68.0667846983027,0.01));
#11649=CARTESIAN_POINT('Ctrl Pts',(34.6891928566808,-68.0902423964648,0.01));
#11650=CARTESIAN_POINT('Ctrl Pts',(34.5652976091969,-68.1016104798985,0.01));
#11651=CARTESIAN_POINT('',(35.2733054216969,-67.8574698548985,0.));
#11652=CARTESIAN_POINT('Ctrl Pts',(35.6004538591969,-67.4033682923985,-1.));
#11653=CARTESIAN_POINT('Ctrl Pts',(35.6004538591969,-67.4033682923985,0.01));
#11654=CARTESIAN_POINT('Ctrl Pts',(35.566171012884,-67.4902490417646,-1.));
#11655=CARTESIAN_POINT('Ctrl Pts',(35.566171012884,-67.4902490417646,0.01));
#11656=CARTESIAN_POINT('Ctrl Pts',(35.495609533718,-67.6690683302908,-1.));
#11657=CARTESIAN_POINT('Ctrl Pts',(35.495609533718,-67.6690683302908,0.01));
#11658=CARTESIAN_POINT('Ctrl Pts',(35.348791015163,-67.7934962254157,-1.));
#11659=CARTESIAN_POINT('Ctrl Pts',(35.348791015163,-67.7934962254157,0.01));
#11660=CARTESIAN_POINT('Ctrl Pts',(35.2733054216969,-67.8574698548985,-1.));
#11661=CARTESIAN_POINT('Ctrl Pts',(35.2733054216969,-67.8574698548985,0.01));
#11662=CARTESIAN_POINT('',(35.6004538591969,-67.4033682923985,0.01));
#11663=CARTESIAN_POINT('Ctrl Pts',(35.6004538591969,-67.4033682923985,0.01));
#11664=CARTESIAN_POINT('Ctrl Pts',(35.566171012884,-67.4902490417646,0.01));
#11665=CARTESIAN_POINT('Ctrl Pts',(35.495609533718,-67.6690683302908,0.01));
#11666=CARTESIAN_POINT('Ctrl Pts',(35.348791015163,-67.7934962254157,0.01));
#11667=CARTESIAN_POINT('Ctrl Pts',(35.2733054216969,-67.8574698548985,0.01));
#11668=CARTESIAN_POINT('',(35.6004538591969,-67.4033682923985,0.));
#11669=CARTESIAN_POINT('Ctrl Pts',(35.6541647966969,-66.7344229798985,-1.));
#11670=CARTESIAN_POINT('Ctrl Pts',(35.6541647966969,-66.7344229798985,0.01));
#11671=CARTESIAN_POINT('Ctrl Pts',(35.6549384548468,-66.872860102316,-1.));
#11672=CARTESIAN_POINT('Ctrl Pts',(35.6549384548468,-66.872860102316,0.01));
#11673=CARTESIAN_POINT('Ctrl Pts',(35.6561947431374,-67.0976582717441,-1.));
#11674=CARTESIAN_POINT('Ctrl Pts',(35.6561947431374,-67.0976582717441,0.01));
#11675=CARTESIAN_POINT('Ctrl Pts',(35.6159245277295,-67.3185196487763,-1.));
#11676=CARTESIAN_POINT('Ctrl Pts',(35.6159245277295,-67.3185196487763,0.01));
#11677=CARTESIAN_POINT('Ctrl Pts',(35.6004538591969,-67.4033682923985,-1.));
#11678=CARTESIAN_POINT('Ctrl Pts',(35.6004538591969,-67.4033682923985,0.01));
#11679=CARTESIAN_POINT('',(35.6541647966969,-66.7344229798985,0.01));
#11680=CARTESIAN_POINT('Ctrl Pts',(35.6541647966969,-66.7344229798985,0.01));
#11681=CARTESIAN_POINT('Ctrl Pts',(35.6549384548468,-66.872860102316,0.01));
#11682=CARTESIAN_POINT('Ctrl Pts',(35.6561947431374,-67.0976582717441,0.01));
#11683=CARTESIAN_POINT('Ctrl Pts',(35.6159245277295,-67.3185196487763,0.01));
#11684=CARTESIAN_POINT('Ctrl Pts',(35.6004538591969,-67.4033682923985,0.01));
#11685=CARTESIAN_POINT('',(35.6541647966969,-66.7344229798985,0.));
#11686=CARTESIAN_POINT('Origin',(35.6541647966969,-66.4609854798985,0.));
#11687=CARTESIAN_POINT('',(35.6541647966969,-66.7344229798985,0.01));
#11688=CARTESIAN_POINT('Origin',(32.5731101091969,-65.1230948548985,0.));
#11689=CARTESIAN_POINT('',(33.8182272966969,-65.3477042298985,0.01));
#11690=CARTESIAN_POINT('',(33.8182272966969,-65.3477042298985,0.));
#11691=CARTESIAN_POINT('',(32.5731101091969,-65.1230948548985,0.01));
#11692=CARTESIAN_POINT('',(33.8182272966969,-65.3477042298985,0.01));
#11693=CARTESIAN_POINT('',(32.5731101091969,-65.1230948548985,0.));
#11694=CARTESIAN_POINT('Ctrl Pts',(33.2957663591969,-64.0098136048985,-1.));
#11695=CARTESIAN_POINT('Ctrl Pts',(33.2957663591969,-64.0098136048985,0.01));
#11696=CARTESIAN_POINT('Ctrl Pts',(33.135718113016,-64.1532595624882,-1.));
#11697=CARTESIAN_POINT('Ctrl Pts',(33.135718113016,-64.1532595624882,0.01));
#11698=CARTESIAN_POINT('Ctrl Pts',(32.7953741645633,-64.4582986039063,-1.));
#11699=CARTESIAN_POINT('Ctrl Pts',(32.7953741645633,-64.4582986039063,0.01));
#11700=CARTESIAN_POINT('Ctrl Pts',(32.6500793793942,-64.892878222774,-1.));
#11701=CARTESIAN_POINT('Ctrl Pts',(32.6500793793942,-64.892878222774,0.01));
#11702=CARTESIAN_POINT('Ctrl Pts',(32.5731101091969,-65.1230948548985,-1.));
#11703=CARTESIAN_POINT('Ctrl Pts',(32.5731101091969,-65.1230948548985,0.01));
#11704=CARTESIAN_POINT('',(33.2957663591969,-64.0098136048985,0.01));
#11705=CARTESIAN_POINT('Ctrl Pts',(33.2957663591969,-64.0098136048985,0.01));
#11706=CARTESIAN_POINT('Ctrl Pts',(33.135718113016,-64.1532595624882,0.01));
#11707=CARTESIAN_POINT('Ctrl Pts',(32.7953741645633,-64.4582986039063,0.01));
#11708=CARTESIAN_POINT('Ctrl Pts',(32.6500793793942,-64.892878222774,0.01));
#11709=CARTESIAN_POINT('Ctrl Pts',(32.5731101091969,-65.1230948548985,0.01));
#11710=CARTESIAN_POINT('',(33.2957663591969,-64.0098136048985,0.));
#11711=CARTESIAN_POINT('Ctrl Pts',(34.8192038591969,-63.6484854798985,-1.));
#11712=CARTESIAN_POINT('Ctrl Pts',(34.8192038591969,-63.6484854798985,0.01));
#11713=CARTESIAN_POINT('Ctrl Pts',(34.5175610377561,-63.6543736637547,-1.));
#11714=CARTESIAN_POINT('Ctrl Pts',(34.5175610377561,-63.6543736637547,0.01));
#11715=CARTESIAN_POINT('Ctrl Pts',(33.9814503075881,-63.6648387513422,-1.));
#11716=CARTESIAN_POINT('Ctrl Pts',(33.9814503075881,-63.6648387513422,0.01));
#11717=CARTESIAN_POINT('Ctrl Pts',(33.5044029256836,-63.9048463395292,-1.));
#11718=CARTESIAN_POINT('Ctrl Pts',(33.5044029256836,-63.9048463395292,0.01));
#11719=CARTESIAN_POINT('Ctrl Pts',(33.2957663591969,-64.0098136048985,-1.));
#11720=CARTESIAN_POINT('Ctrl Pts',(33.2957663591969,-64.0098136048985,0.01));
#11721=CARTESIAN_POINT('',(34.8192038591969,-63.6484854798985,0.01));
#11722=CARTESIAN_POINT('Ctrl Pts',(34.8192038591969,-63.6484854798985,0.01));
#11723=CARTESIAN_POINT('Ctrl Pts',(34.5175610377561,-63.6543736637547,0.01));
#11724=CARTESIAN_POINT('Ctrl Pts',(33.9814503075881,-63.6648387513422,0.01));
#11725=CARTESIAN_POINT('Ctrl Pts',(33.5044029256836,-63.9048463395292,0.01));
#11726=CARTESIAN_POINT('Ctrl Pts',(33.2957663591969,-64.0098136048985,0.01));
#11727=CARTESIAN_POINT('',(34.8192038591969,-63.6484854798985,0.));
#11728=CARTESIAN_POINT('Ctrl Pts',(36.1863913591969,-63.8657706361485,-1.));
#11729=CARTESIAN_POINT('Ctrl Pts',(36.1863913591969,-63.8657706361485,0.01));
#11730=CARTESIAN_POINT('Ctrl Pts',(35.9991153834528,-63.8027642632005,-1.));
#11731=CARTESIAN_POINT('Ctrl Pts',(35.9991153834528,-63.8027642632005,0.01));
#11732=CARTESIAN_POINT('Ctrl Pts',(35.5568073872847,-63.6539559472716,-1.));
#11733=CARTESIAN_POINT('Ctrl Pts',(35.5568073872847,-63.6539559472716,0.01));
#11734=CARTESIAN_POINT('Ctrl Pts',(35.0889610989426,-63.6504861457339,-1.));
#11735=CARTESIAN_POINT('Ctrl Pts',(35.0889610989426,-63.6504861457339,0.01));
#11736=CARTESIAN_POINT('Ctrl Pts',(34.8192038591969,-63.6484854798985,-1.));
#11737=CARTESIAN_POINT('Ctrl Pts',(34.8192038591969,-63.6484854798985,0.01));
#11738=CARTESIAN_POINT('',(36.1863913591969,-63.8657706361485,0.01));
#11739=CARTESIAN_POINT('Ctrl Pts',(36.1863913591969,-63.8657706361485,0.01));
#11740=CARTESIAN_POINT('Ctrl Pts',(35.9991153834528,-63.8027642632005,0.01));
#11741=CARTESIAN_POINT('Ctrl Pts',(35.5568073872847,-63.6539559472716,0.01));
#11742=CARTESIAN_POINT('Ctrl Pts',(35.0889610989426,-63.6504861457339,0.01));
#11743=CARTESIAN_POINT('Ctrl Pts',(34.8192038591969,-63.6484854798985,0.01));
#11744=CARTESIAN_POINT('',(36.1863913591969,-63.8657706361485,0.));
#11745=CARTESIAN_POINT('Ctrl Pts',(36.8187155779469,-64.4175284486485,-1.));
#11746=CARTESIAN_POINT('Ctrl Pts',(36.8187155779469,-64.4175284486485,0.01));
#11747=CARTESIAN_POINT('Ctrl Pts',(36.7418312459212,-64.3087159625731,-1.));
#11748=CARTESIAN_POINT('Ctrl Pts',(36.7418312459212,-64.3087159625731,0.01));
#11749=CARTESIAN_POINT('Ctrl Pts',(36.5761709012371,-64.0742609900936,-1.));
#11750=CARTESIAN_POINT('Ctrl Pts',(36.5761709012371,-64.0742609900936,0.01));
#11751=CARTESIAN_POINT('Ctrl Pts',(36.3223902939386,-63.9385155162211,-1.));
#11752=CARTESIAN_POINT('Ctrl Pts',(36.3223902939386,-63.9385155162211,0.01));
#11753=CARTESIAN_POINT('Ctrl Pts',(36.1863913591969,-63.8657706361485,-1.));
#11754=CARTESIAN_POINT('Ctrl Pts',(36.1863913591969,-63.8657706361485,0.01));
#11755=CARTESIAN_POINT('',(36.8187155779469,-64.4175284486485,0.01));
#11756=CARTESIAN_POINT('Ctrl Pts',(36.8187155779469,-64.4175284486485,0.01));
#11757=CARTESIAN_POINT('Ctrl Pts',(36.7418312459212,-64.3087159625731,0.01));
#11758=CARTESIAN_POINT('Ctrl Pts',(36.5761709012371,-64.0742609900936,0.01));
#11759=CARTESIAN_POINT('Ctrl Pts',(36.3223902939386,-63.9385155162211,0.01));
#11760=CARTESIAN_POINT('Ctrl Pts',(36.1863913591969,-63.8657706361485,0.01));
#11761=CARTESIAN_POINT('',(36.8187155779469,-64.4175284486485,0.));
#11762=CARTESIAN_POINT('Ctrl Pts',(37.0018210466969,-65.6455557923985,-1.));
#11763=CARTESIAN_POINT('Ctrl Pts',(37.0018210466969,-65.6455557923985,0.01));
#11764=CARTESIAN_POINT('Ctrl Pts',(37.0031174917657,-65.3914311025063,-1.));
#11765=CARTESIAN_POINT('Ctrl Pts',(37.0031174917657,-65.3914311025063,0.01));
#11766=CARTESIAN_POINT('Ctrl Pts',(37.0052615431456,-64.9711615476131,-1.));
#11767=CARTESIAN_POINT('Ctrl Pts',(37.0052615431456,-64.9711615476131,0.01));
#11768=CARTESIAN_POINT('Ctrl Pts',(36.87156839526,-64.5743856018273,-1.));
#11769=CARTESIAN_POINT('Ctrl Pts',(36.87156839526,-64.5743856018273,0.01));
#11770=CARTESIAN_POINT('Ctrl Pts',(36.8187155779469,-64.4175284486485,-1.));
#11771=CARTESIAN_POINT('Ctrl Pts',(36.8187155779469,-64.4175284486485,0.01));
#11772=CARTESIAN_POINT('',(37.0018210466969,-65.6455557923985,0.01));
#11773=CARTESIAN_POINT('Ctrl Pts',(37.0018210466969,-65.6455557923985,0.01));
#11774=CARTESIAN_POINT('Ctrl Pts',(37.0031174917657,-65.3914311025063,0.01));
#11775=CARTESIAN_POINT('Ctrl Pts',(37.0052615431456,-64.9711615476131,0.01));
#11776=CARTESIAN_POINT('Ctrl Pts',(36.87156839526,-64.5743856018273,0.01));
#11777=CARTESIAN_POINT('Ctrl Pts',(36.8187155779469,-64.4175284486485,0.01));
#11778=CARTESIAN_POINT('',(37.0018210466969,-65.6455557923985,0.));
#11779=CARTESIAN_POINT('Origin',(36.9871726091969,-67.2471182923985,0.));
#11780=CARTESIAN_POINT('',(36.9871726091969,-67.2471182923985,0.01));
#11781=CARTESIAN_POINT('',(37.0018210466969,-65.6455557923985,0.01));
#11782=CARTESIAN_POINT('',(36.9871726091969,-67.2471182923985,0.));
#11783=CARTESIAN_POINT('Ctrl Pts',(37.0530905779469,-68.2554190736485,-1.));
#11784=CARTESIAN_POINT('Ctrl Pts',(37.0530905779469,-68.2554190736485,0.01));
#11785=CARTESIAN_POINT('Ctrl Pts',(37.0340072676422,-68.1174672076248,-1.));
#11786=CARTESIAN_POINT('Ctrl Pts',(37.0340072676422,-68.1174672076248,0.01));
#11787=CARTESIAN_POINT('Ctrl Pts',(36.9877598451283,-67.7831479447341,-1.));
#11788=CARTESIAN_POINT('Ctrl Pts',(36.9877598451283,-67.7831479447341,0.01));
#11789=CARTESIAN_POINT('Ctrl Pts',(36.987389901245,-67.4454627307545,-1.));
#11790=CARTESIAN_POINT('Ctrl Pts',(36.987389901245,-67.4454627307545,0.01));
#11791=CARTESIAN_POINT('Ctrl Pts',(36.9871726091969,-67.2471182923985,-1.));
#11792=CARTESIAN_POINT('Ctrl Pts',(36.9871726091969,-67.2471182923985,0.01));
#11793=CARTESIAN_POINT('',(37.0530905779469,-68.2554190736485,0.01));
#11794=CARTESIAN_POINT('Ctrl Pts',(37.0530905779469,-68.2554190736485,0.01));
#11795=CARTESIAN_POINT('Ctrl Pts',(37.0340072676422,-68.1174672076248,0.01));
#11796=CARTESIAN_POINT('Ctrl Pts',(36.9877598451283,-67.7831479447341,0.01));
#11797=CARTESIAN_POINT('Ctrl Pts',(36.987389901245,-67.4454627307545,0.01));
#11798=CARTESIAN_POINT('Ctrl Pts',(36.9871726091969,-67.2471182923985,0.01));
#11799=CARTESIAN_POINT('',(37.0530905779469,-68.2554190736485,0.));
#11800=CARTESIAN_POINT('Ctrl Pts',(37.2996726091969,-68.9512198548985,-1.));
#11801=CARTESIAN_POINT('Ctrl Pts',(37.2996726091969,-68.9512198548985,0.01));
#11802=CARTESIAN_POINT('Ctrl Pts',(37.2449427999831,-68.8328141242768,-1.));
#11803=CARTESIAN_POINT('Ctrl Pts',(37.2449427999831,-68.8328141242768,0.01));
#11804=CARTESIAN_POINT('Ctrl Pts',(37.1412246335676,-68.6084240624518,-1.));
#11805=CARTESIAN_POINT('Ctrl Pts',(37.1412246335676,-68.6084240624518,0.01));
#11806=CARTESIAN_POINT('Ctrl Pts',(37.0813640432587,-68.3686633154519,-1.));
#11807=CARTESIAN_POINT('Ctrl Pts',(37.0813640432587,-68.3686633154519,0.01));
#11808=CARTESIAN_POINT('Ctrl Pts',(37.0530905779469,-68.2554190736485,-1.));
#11809=CARTESIAN_POINT('Ctrl Pts',(37.0530905779469,-68.2554190736485,0.01));
#11810=CARTESIAN_POINT('',(37.2996726091969,-68.9512198548985,0.01));
#11811=CARTESIAN_POINT('Ctrl Pts',(37.2996726091969,-68.9512198548985,0.01));
#11812=CARTESIAN_POINT('Ctrl Pts',(37.2449427999831,-68.8328141242768,0.01));
#11813=CARTESIAN_POINT('Ctrl Pts',(37.1412246335676,-68.6084240624518,0.01));
#11814=CARTESIAN_POINT('Ctrl Pts',(37.0813640432587,-68.3686633154519,0.01));
#11815=CARTESIAN_POINT('Ctrl Pts',(37.0530905779469,-68.2554190736485,0.01));
#11816=CARTESIAN_POINT('',(37.2996726091969,-68.9512198548985,0.));
#11817=CARTESIAN_POINT('Origin',(35.9422507341969,-68.9512198548985,0.));
#11818=CARTESIAN_POINT('',(35.9422507341969,-68.9512198548985,0.01));
#11819=CARTESIAN_POINT('',(37.2996726091969,-68.9512198548985,0.01));
#11820=CARTESIAN_POINT('',(35.9422507341969,-68.9512198548985,0.));
#11821=CARTESIAN_POINT('Ctrl Pts',(35.8104147966969,-68.5459464173985,-1.));
#11822=CARTESIAN_POINT('Ctrl Pts',(35.8104147966969,-68.5459464173985,0.01));
#11823=CARTESIAN_POINT('Ctrl Pts',(35.8334698912502,-68.6247914971184,-1.));
#11824=CARTESIAN_POINT('Ctrl Pts',(35.8334698912502,-68.6247914971184,0.01));
#11825=CARTESIAN_POINT('Ctrl Pts',(35.8733617879073,-68.7612159982123,-1.));
#11826=CARTESIAN_POINT('Ctrl Pts',(35.8733617879073,-68.7612159982123,0.01));
#11827=CARTESIAN_POINT('Ctrl Pts',(35.9218048297226,-68.8948276336091,-1.));
#11828=CARTESIAN_POINT('Ctrl Pts',(35.9218048297226,-68.8948276336091,0.01));
#11829=CARTESIAN_POINT('Ctrl Pts',(35.9422507341969,-68.9512198548985,-1.));
#11830=CARTESIAN_POINT('Ctrl Pts',(35.9422507341969,-68.9512198548985,0.01));
#11831=CARTESIAN_POINT('',(35.8104147966969,-68.5459464173985,0.01));
#11832=CARTESIAN_POINT('Ctrl Pts',(35.8104147966969,-68.5459464173985,0.01));
#11833=CARTESIAN_POINT('Ctrl Pts',(35.8334698912502,-68.6247914971184,0.01));
#11834=CARTESIAN_POINT('Ctrl Pts',(35.8733617879073,-68.7612159982123,0.01));
#11835=CARTESIAN_POINT('Ctrl Pts',(35.9218048297226,-68.8948276336091,0.01));
#11836=CARTESIAN_POINT('Ctrl Pts',(35.9422507341969,-68.9512198548985,0.01));
#11837=CARTESIAN_POINT('',(35.8104147966969,-68.5459464173985,0.));
#11838=CARTESIAN_POINT('Ctrl Pts',(35.7615866716969,-68.3848136048985,-1.));
#11839=CARTESIAN_POINT('Ctrl Pts',(35.7615866716969,-68.3848136048985,0.01));
#11840=CARTESIAN_POINT('Ctrl Pts',(35.7682249344345,-68.404712411893,-1.));
#11841=CARTESIAN_POINT('Ctrl Pts',(35.7682249344345,-68.404712411893,0.01));
#11842=CARTESIAN_POINT('Ctrl Pts',(35.7859900813217,-68.4579650840316,-1.));
#11843=CARTESIAN_POINT('Ctrl Pts',(35.7859900813217,-68.4579650840316,0.01));
#11844=CARTESIAN_POINT('Ctrl Pts',(35.8010083628598,-68.5120630914928,-1.));
#11845=CARTESIAN_POINT('Ctrl Pts',(35.8010083628598,-68.5120630914928,0.01));
#11846=CARTESIAN_POINT('Ctrl Pts',(35.8104147966969,-68.5459464173985,-1.));
#11847=CARTESIAN_POINT('Ctrl Pts',(35.8104147966969,-68.5459464173985,0.01));
#11848=CARTESIAN_POINT('',(35.7615866716969,-68.3848136048985,0.01));
#11849=CARTESIAN_POINT('Ctrl Pts',(35.7615866716969,-68.3848136048985,0.01));
#11850=CARTESIAN_POINT('Ctrl Pts',(35.7682249344345,-68.404712411893,0.01));
#11851=CARTESIAN_POINT('Ctrl Pts',(35.7859900813217,-68.4579650840316,0.01));
#11852=CARTESIAN_POINT('Ctrl Pts',(35.8010083628598,-68.5120630914928,0.01));
#11853=CARTESIAN_POINT('Ctrl Pts',(35.8104147966969,-68.5459464173985,0.01));
#11854=CARTESIAN_POINT('',(35.7615866716969,-68.3848136048985,0.));
#11855=CARTESIAN_POINT('Ctrl Pts',(35.0096335466969,-68.8975089173985,-1.));
#11856=CARTESIAN_POINT('Ctrl Pts',(35.0096335466969,-68.8975089173985,0.01));
#11857=CARTESIAN_POINT('Ctrl Pts',(35.1427384503779,-68.831776297448,-1.));
#11858=CARTESIAN_POINT('Ctrl Pts',(35.1427384503779,-68.831776297448,0.01));
#11859=CARTESIAN_POINT('Ctrl Pts',(35.41731329544,-68.6961800614018,-1.));
#11860=CARTESIAN_POINT('Ctrl Pts',(35.41731329544,-68.6961800614018,0.01));
#11861=CARTESIAN_POINT('Ctrl Pts',(35.6445215480728,-68.4906892120083,-1.));
#11862=CARTESIAN_POINT('Ctrl Pts',(35.6445215480728,-68.4906892120083,0.01));
#11863=CARTESIAN_POINT('Ctrl Pts',(35.7615866716969,-68.3848136048985,-1.));
#11864=CARTESIAN_POINT('Ctrl Pts',(35.7615866716969,-68.3848136048985,0.01));
#11865=CARTESIAN_POINT('',(35.0096335466969,-68.8975089173985,0.01));
#11866=CARTESIAN_POINT('Ctrl Pts',(35.0096335466969,-68.8975089173985,0.01));
#11867=CARTESIAN_POINT('Ctrl Pts',(35.1427384503779,-68.831776297448,0.01));
#11868=CARTESIAN_POINT('Ctrl Pts',(35.41731329544,-68.6961800614018,0.01));
#11869=CARTESIAN_POINT('Ctrl Pts',(35.6445215480728,-68.4906892120083,0.01));
#11870=CARTESIAN_POINT('Ctrl Pts',(35.7615866716969,-68.3848136048985,0.01));
#11871=CARTESIAN_POINT('',(35.0096335466969,-68.8975089173985,0.));
#11872=CARTESIAN_POINT('Ctrl Pts',(34.1551413591969,-69.0684073548985,-1.));
#11873=CARTESIAN_POINT('Ctrl Pts',(34.1551413591969,-69.0684073548985,0.01));
#11874=CARTESIAN_POINT('Ctrl Pts',(34.3035283614677,-69.0616014605703,-1.));
#11875=CARTESIAN_POINT('Ctrl Pts',(34.3035283614677,-69.0616014605703,0.01));
#11876=CARTESIAN_POINT('Ctrl Pts',(34.597109550104,-69.0481361130936,-1.));
#11877=CARTESIAN_POINT('Ctrl Pts',(34.597109550104,-69.0481361130936,0.01));
#11878=CARTESIAN_POINT('Ctrl Pts',(34.8731261457487,-68.9473526287129,-1.));
#11879=CARTESIAN_POINT('Ctrl Pts',(34.8731261457487,-68.9473526287129,0.01));
#11880=CARTESIAN_POINT('Ctrl Pts',(35.0096335466969,-68.8975089173985,-1.));
#11881=CARTESIAN_POINT('Ctrl Pts',(35.0096335466969,-68.8975089173985,0.01));
#11882=CARTESIAN_POINT('',(34.1551413591969,-69.0684073548985,0.01));
#11883=CARTESIAN_POINT('Ctrl Pts',(34.1551413591969,-69.0684073548985,0.01));
#11884=CARTESIAN_POINT('Ctrl Pts',(34.3035283614677,-69.0616014605703,0.01));
#11885=CARTESIAN_POINT('Ctrl Pts',(34.597109550104,-69.0481361130936,0.01));
#11886=CARTESIAN_POINT('Ctrl Pts',(34.8731261457487,-68.9473526287129,0.01));
#11887=CARTESIAN_POINT('Ctrl Pts',(35.0096335466969,-68.8975089173985,0.01));
#11888=CARTESIAN_POINT('',(34.1551413591969,-69.0684073548985,0.));
#11889=CARTESIAN_POINT('Ctrl Pts',(32.8929343279469,-68.6338370423985,-1.));
#11890=CARTESIAN_POINT('Ctrl Pts',(32.8929343279469,-68.6338370423985,0.01));
#11891=CARTESIAN_POINT('Ctrl Pts',(33.0685812483704,-68.7604442636768,-1.));
#11892=CARTESIAN_POINT('Ctrl Pts',(33.0685812483704,-68.7604442636768,0.01));
#11893=CARTESIAN_POINT('Ctrl Pts',(33.4441826186628,-69.0311797009187,-1.));
#11894=CARTESIAN_POINT('Ctrl Pts',(33.4441826186628,-69.0311797009187,0.01));
#11895=CARTESIAN_POINT('Ctrl Pts',(33.9081464390462,-69.0554740566662,-1.));
#11896=CARTESIAN_POINT('Ctrl Pts',(33.9081464390462,-69.0554740566662,0.01));
#11897=CARTESIAN_POINT('Ctrl Pts',(34.1551413591969,-69.0684073548985,-1.));
#11898=CARTESIAN_POINT('Ctrl Pts',(34.1551413591969,-69.0684073548985,0.01));
#11899=CARTESIAN_POINT('',(32.8929343279469,-68.6338370423985,0.01));
#11900=CARTESIAN_POINT('Ctrl Pts',(32.8929343279469,-68.6338370423985,0.01));
#11901=CARTESIAN_POINT('Ctrl Pts',(33.0685812483704,-68.7604442636768,0.01));
#11902=CARTESIAN_POINT('Ctrl Pts',(33.4441826186628,-69.0311797009187,0.01));
#11903=CARTESIAN_POINT('Ctrl Pts',(33.9081464390462,-69.0554740566662,0.01));
#11904=CARTESIAN_POINT('Ctrl Pts',(34.1551413591969,-69.0684073548985,0.01));
#11905=CARTESIAN_POINT('',(32.8929343279469,-68.6338370423985,0.));
#11906=CARTESIAN_POINT('Ctrl Pts',(32.4315085466969,-67.5352042298985,-1.));
#11907=CARTESIAN_POINT('Ctrl Pts',(32.4315085466969,-67.5352042298985,0.01));
#11908=CARTESIAN_POINT('Ctrl Pts',(32.4496995913528,-67.7460116700316,-1.));
#11909=CARTESIAN_POINT('Ctrl Pts',(32.4496995913528,-67.7460116700316,0.01));
#11910=CARTESIAN_POINT('Ctrl Pts',(32.4856079044366,-68.1621361809593,-1.));
#11911=CARTESIAN_POINT('Ctrl Pts',(32.4856079044366,-68.1621361809593,0.01));
#11912=CARTESIAN_POINT('Ctrl Pts',(32.7583584151144,-68.4779925639946,-1.));
#11913=CARTESIAN_POINT('Ctrl Pts',(32.7583584151144,-68.4779925639946,0.01));
#11914=CARTESIAN_POINT('Ctrl Pts',(32.8929343279469,-68.6338370423985,-1.));
#11915=CARTESIAN_POINT('Ctrl Pts',(32.8929343279469,-68.6338370423985,0.01));
#11916=CARTESIAN_POINT('',(32.4315085466969,-67.5352042298985,0.01));
#11917=CARTESIAN_POINT('Ctrl Pts',(32.4315085466969,-67.5352042298985,0.01));
#11918=CARTESIAN_POINT('Ctrl Pts',(32.4496995913528,-67.7460116700316,0.01));
#11919=CARTESIAN_POINT('Ctrl Pts',(32.4856079044366,-68.1621361809593,0.01));
#11920=CARTESIAN_POINT('Ctrl Pts',(32.7583584151144,-68.4779925639946,0.01));
#11921=CARTESIAN_POINT('Ctrl Pts',(32.8929343279469,-68.6338370423985,0.01));
#11922=CARTESIAN_POINT('',(32.4315085466969,-67.5352042298985,0.));
#11923=CARTESIAN_POINT('Ctrl Pts',(32.6414694841969,-66.7515128236485,-1.));
#11924=CARTESIAN_POINT('Ctrl Pts',(32.6414694841969,-66.7515128236485,0.01));
#11925=CARTESIAN_POINT('Ctrl Pts',(32.5802397293847,-66.871822151466,-1.));
#11926=CARTESIAN_POINT('Ctrl Pts',(32.5802397293847,-66.871822151466,0.01));
#11927=CARTESIAN_POINT('Ctrl Pts',(32.4549297876143,-67.1180415738614,-1.));
#11928=CARTESIAN_POINT('Ctrl Pts',(32.4549297876143,-67.1180415738614,0.01));
#11929=CARTESIAN_POINT('Ctrl Pts',(32.4394331281249,-67.3940571639436,-1.));
#11930=CARTESIAN_POINT('Ctrl Pts',(32.4394331281249,-67.3940571639436,0.01));
#11931=CARTESIAN_POINT('Ctrl Pts',(32.4315085466969,-67.5352042298985,-1.));
#11932=CARTESIAN_POINT('Ctrl Pts',(32.4315085466969,-67.5352042298985,0.01));
#11933=CARTESIAN_POINT('',(32.6414694841969,-66.7515128236485,0.01));
#11934=CARTESIAN_POINT('Ctrl Pts',(32.6414694841969,-66.7515128236485,0.01));
#11935=CARTESIAN_POINT('Ctrl Pts',(32.5802397293847,-66.871822151466,0.01));
#11936=CARTESIAN_POINT('Ctrl Pts',(32.4549297876143,-67.1180415738614,0.01));
#11937=CARTESIAN_POINT('Ctrl Pts',(32.4394331281249,-67.3940571639436,0.01));
#11938=CARTESIAN_POINT('Ctrl Pts',(32.4315085466969,-67.5352042298985,0.01));
#11939=CARTESIAN_POINT('',(32.6414694841969,-66.7515128236485,0.));
#11940=CARTESIAN_POINT('Ctrl Pts',(33.2298483904469,-66.2241690736485,-1.));
#11941=CARTESIAN_POINT('Ctrl Pts',(33.2298483904469,-66.2241690736485,0.01));
#11942=CARTESIAN_POINT('Ctrl Pts',(33.1111265816281,-66.2912693209092,-1.));
#11943=CARTESIAN_POINT('Ctrl Pts',(33.1111265816281,-66.2912693209092,0.01));
#11944=CARTESIAN_POINT('Ctrl Pts',(32.8762869746269,-66.4239980575512,-1.));
#11945=CARTESIAN_POINT('Ctrl Pts',(32.8762869746269,-66.4239980575512,0.01));
#11946=CARTESIAN_POINT('Ctrl Pts',(32.7191612198911,-66.6431512591118,-1.));
#11947=CARTESIAN_POINT('Ctrl Pts',(32.7191612198911,-66.6431512591118,0.01));
#11948=CARTESIAN_POINT('Ctrl Pts',(32.6414694841969,-66.7515128236485,-1.));
#11949=CARTESIAN_POINT('Ctrl Pts',(32.6414694841969,-66.7515128236485,0.01));
#11950=CARTESIAN_POINT('',(33.2298483904469,-66.2241690736485,0.01));
#11951=CARTESIAN_POINT('Ctrl Pts',(33.2298483904469,-66.2241690736485,0.01));
#11952=CARTESIAN_POINT('Ctrl Pts',(33.1111265816281,-66.2912693209092,0.01));
#11953=CARTESIAN_POINT('Ctrl Pts',(32.8762869746269,-66.4239980575512,0.01));
#11954=CARTESIAN_POINT('Ctrl Pts',(32.7191612198911,-66.6431512591118,0.01));
#11955=CARTESIAN_POINT('Ctrl Pts',(32.6414694841969,-66.7515128236485,0.01));
#11956=CARTESIAN_POINT('',(33.2298483904469,-66.2241690736485,0.));
#11957=CARTESIAN_POINT('Ctrl Pts',(34.3211569841969,-65.9043448548985,-1.));
#11958=CARTESIAN_POINT('Ctrl Pts',(34.3211569841969,-65.9043448548985,0.01));
#11959=CARTESIAN_POINT('Ctrl Pts',(34.1092083871482,-65.9465322531195,-1.));
#11960=CARTESIAN_POINT('Ctrl Pts',(34.1092083871482,-65.9465322531195,0.01));
#11961=CARTESIAN_POINT('Ctrl Pts',(33.7356903162516,-66.0208793156576,-1.));
#11962=CARTESIAN_POINT('Ctrl Pts',(33.7356903162516,-66.0208793156576,0.01));
#11963=CARTESIAN_POINT('Ctrl Pts',(33.3825871611494,-66.1627858111153,-1.));
#11964=CARTESIAN_POINT('Ctrl Pts',(33.3825871611494,-66.1627858111153,0.01));
#11965=CARTESIAN_POINT('Ctrl Pts',(33.2298483904469,-66.2241690736485,-1.));
#11966=CARTESIAN_POINT('Ctrl Pts',(33.2298483904469,-66.2241690736485,0.01));
#11967=CARTESIAN_POINT('',(34.3211569841969,-65.9043448548985,0.01));
#11968=CARTESIAN_POINT('Ctrl Pts',(34.3211569841969,-65.9043448548985,0.01));
#11969=CARTESIAN_POINT('Ctrl Pts',(34.1092083871482,-65.9465322531195,0.01));
#11970=CARTESIAN_POINT('Ctrl Pts',(33.7356903162516,-66.0208793156576,0.01));
#11971=CARTESIAN_POINT('Ctrl Pts',(33.3825871611494,-66.1627858111153,0.01));
#11972=CARTESIAN_POINT('Ctrl Pts',(33.2298483904469,-66.2241690736485,0.01));
#11973=CARTESIAN_POINT('',(34.3211569841969,-65.9043448548985,0.));
#11974=CARTESIAN_POINT('Ctrl Pts',(35.6541647966969,-65.5674307923985,-1.));
#11975=CARTESIAN_POINT('Ctrl Pts',(35.6541647966969,-65.5674307923985,0.01));
#11976=CARTESIAN_POINT('Ctrl Pts',(35.4820699751418,-65.6247345590446,-1.));
#11977=CARTESIAN_POINT('Ctrl Pts',(35.4820699751418,-65.6247345590446,0.01));
#11978=CARTESIAN_POINT('Ctrl Pts',(35.0463569631213,-65.7698173485201,-1.));
#11979=CARTESIAN_POINT('Ctrl Pts',(35.0463569631213,-65.7698173485201,0.01));
#11980=CARTESIAN_POINT('Ctrl Pts',(34.5945266057582,-65.8536336930438,-1.));
#11981=CARTESIAN_POINT('Ctrl Pts',(34.5945266057582,-65.8536336930438,0.01));
#11982=CARTESIAN_POINT('Ctrl Pts',(34.3211569841969,-65.9043448548985,-1.));
#11983=CARTESIAN_POINT('Ctrl Pts',(34.3211569841969,-65.9043448548985,0.01));
#11984=CARTESIAN_POINT('',(35.6541647966969,-65.5674307923985,0.01));
#11985=CARTESIAN_POINT('Ctrl Pts',(35.6541647966969,-65.5674307923985,0.01));
#11986=CARTESIAN_POINT('Ctrl Pts',(35.4820699751418,-65.6247345590446,0.01));
#11987=CARTESIAN_POINT('Ctrl Pts',(35.0463569631213,-65.7698173485201,0.01));
#11988=CARTESIAN_POINT('Ctrl Pts',(34.5945266057582,-65.8536336930438,0.01));
#11989=CARTESIAN_POINT('Ctrl Pts',(34.3211569841969,-65.9043448548985,0.01));
#11990=CARTESIAN_POINT('',(35.6541647966969,-65.5674307923985,0.));
#11991=CARTESIAN_POINT('Origin',(35.6541647966969,-65.4307120423985,0.));
#11992=CARTESIAN_POINT('',(35.6541647966969,-65.4307120423985,0.01));
#11993=CARTESIAN_POINT('',(35.6541647966969,-65.5674307923985,0.01));
#11994=CARTESIAN_POINT('',(35.6541647966969,-65.4307120423985,0.));
#11995=CARTESIAN_POINT('Ctrl Pts',(35.4588522966969,-64.8667471986485,-1.));
#11996=CARTESIAN_POINT('Ctrl Pts',(35.4588522966969,-64.8667471986485,0.01));
#11997=CARTESIAN_POINT('Ctrl Pts',(35.5156077161793,-64.9388374035193,-1.));
#11998=CARTESIAN_POINT('Ctrl Pts',(35.5156077161793,-64.9388374035193,0.01));
#11999=CARTESIAN_POINT('Ctrl Pts',(35.644662202035,-65.1027612086761,-1.));
#12000=CARTESIAN_POINT('Ctrl Pts',(35.644662202035,-65.1027612086761,0.01));
#12001=CARTESIAN_POINT('Ctrl Pts',(35.6507527450366,-65.3129562897336,-1.));
#12002=CARTESIAN_POINT('Ctrl Pts',(35.6507527450366,-65.3129562897336,0.01));
#12003=CARTESIAN_POINT('Ctrl Pts',(35.6541647966969,-65.4307120423985,-1.));
#12004=CARTESIAN_POINT('Ctrl Pts',(35.6541647966969,-65.4307120423985,0.01));
#12005=CARTESIAN_POINT('',(35.4588522966969,-64.8667471986485,0.01));
#12006=CARTESIAN_POINT('Ctrl Pts',(35.4588522966969,-64.8667471986485,0.01));
#12007=CARTESIAN_POINT('Ctrl Pts',(35.5156077161793,-64.9388374035193,0.01));
#12008=CARTESIAN_POINT('Ctrl Pts',(35.644662202035,-65.1027612086761,0.01));
#12009=CARTESIAN_POINT('Ctrl Pts',(35.6507527450366,-65.3129562897336,0.01));
#12010=CARTESIAN_POINT('Ctrl Pts',(35.6541647966969,-65.4307120423985,0.01));
#12011=CARTESIAN_POINT('',(35.4588522966969,-64.8667471986485,0.));
#12012=CARTESIAN_POINT('Ctrl Pts',(34.7215476091969,-64.6982901673985,-1.));
#12013=CARTESIAN_POINT('Ctrl Pts',(34.7215476091969,-64.6982901673985,0.01));
#12014=CARTESIAN_POINT('Ctrl Pts',(34.8771039193666,-64.6979211676563,-1.));
#12015=CARTESIAN_POINT('Ctrl Pts',(34.8771039193666,-64.6979211676563,0.01));
#12016=CARTESIAN_POINT('Ctrl Pts',(35.1377758800587,-64.6973028199585,-1.));
#12017=CARTESIAN_POINT('Ctrl Pts',(35.1377758800587,-64.6973028199585,0.01));
#12018=CARTESIAN_POINT('Ctrl Pts',(35.3665852122807,-64.8180543081642,-1.));
#12019=CARTESIAN_POINT('Ctrl Pts',(35.3665852122807,-64.8180543081642,0.01));
#12020=CARTESIAN_POINT('Ctrl Pts',(35.4588522966969,-64.8667471986485,-1.));
#12021=CARTESIAN_POINT('Ctrl Pts',(35.4588522966969,-64.8667471986485,0.01));
#12022=CARTESIAN_POINT('',(34.7215476091969,-64.6982901673985,0.01));
#12023=CARTESIAN_POINT('Ctrl Pts',(34.7215476091969,-64.6982901673985,0.01));
#12024=CARTESIAN_POINT('Ctrl Pts',(34.8771039193666,-64.6979211676563,0.01));
#12025=CARTESIAN_POINT('Ctrl Pts',(35.1377758800587,-64.6973028199585,0.01));
#12026=CARTESIAN_POINT('Ctrl Pts',(35.3665852122807,-64.8180543081642,0.01));
#12027=CARTESIAN_POINT('Ctrl Pts',(35.4588522966969,-64.8667471986485,0.01));
#12028=CARTESIAN_POINT('',(34.7215476091969,-64.6982901673985,0.));
#12029=CARTESIAN_POINT('Ctrl Pts',(34.1502585466969,-64.8423331361485,-1.));
#12030=CARTESIAN_POINT('Ctrl Pts',(34.1502585466969,-64.8423331361485,0.01));
#12031=CARTESIAN_POINT('Ctrl Pts',(34.230463140721,-64.8004304941704,-1.));
#12032=CARTESIAN_POINT('Ctrl Pts',(34.230463140721,-64.8004304941704,0.01));
#12033=CARTESIAN_POINT('Ctrl Pts',(34.4087684078307,-64.7072754590828,-1.));
#12034=CARTESIAN_POINT('Ctrl Pts',(34.4087684078307,-64.7072754590828,0.01));
#12035=CARTESIAN_POINT('Ctrl Pts',(34.6105375123824,-64.7014791841088,-1.));
#12036=CARTESIAN_POINT('Ctrl Pts',(34.6105375123824,-64.7014791841088,0.01));
#12037=CARTESIAN_POINT('Ctrl Pts',(34.7215476091969,-64.6982901673985,-1.));
#12038=CARTESIAN_POINT('Ctrl Pts',(34.7215476091969,-64.6982901673985,0.01));
#12039=CARTESIAN_POINT('',(34.1502585466969,-64.8423331361485,0.01));
#12040=CARTESIAN_POINT('Ctrl Pts',(34.1502585466969,-64.8423331361485,0.01));
#12041=CARTESIAN_POINT('Ctrl Pts',(34.230463140721,-64.8004304941704,0.01));
#12042=CARTESIAN_POINT('Ctrl Pts',(34.4087684078307,-64.7072754590828,0.01));
#12043=CARTESIAN_POINT('Ctrl Pts',(34.6105375123824,-64.7014791841088,0.01));
#12044=CARTESIAN_POINT('Ctrl Pts',(34.7215476091969,-64.6982901673985,0.01));
#12045=CARTESIAN_POINT('',(34.1502585466969,-64.8423331361485,0.));
#12046=CARTESIAN_POINT('Ctrl Pts',(33.8182272966969,-65.3477042298985,-1.));
#12047=CARTESIAN_POINT('Ctrl Pts',(33.8182272966969,-65.3477042298985,0.01));
#12048=CARTESIAN_POINT('Ctrl Pts',(33.8590962296799,-65.2399396975675,-1.));
#12049=CARTESIAN_POINT('Ctrl Pts',(33.8590962296799,-65.2399396975675,0.01));
#12050=CARTESIAN_POINT('Ctrl Pts',(33.9325986763132,-65.0461260545758,-1.));
#12051=CARTESIAN_POINT('Ctrl Pts',(33.9325986763132,-65.0461260545758,0.01));
#12052=CARTESIAN_POINT('Ctrl Pts',(34.0833348920533,-64.9049931334534,-1.));
#12053=CARTESIAN_POINT('Ctrl Pts',(34.0833348920533,-64.9049931334534,0.01));
#12054=CARTESIAN_POINT('Ctrl Pts',(34.1502585466969,-64.8423331361485,-1.));
#12055=CARTESIAN_POINT('Ctrl Pts',(34.1502585466969,-64.8423331361485,0.01));
#12056=CARTESIAN_POINT('Ctrl Pts',(33.8182272966969,-65.3477042298985,0.01));
#12057=CARTESIAN_POINT('Ctrl Pts',(33.8590962296799,-65.2399396975675,0.01));
#12058=CARTESIAN_POINT('Ctrl Pts',(33.9325986763132,-65.0461260545758,0.01));
#12059=CARTESIAN_POINT('Ctrl Pts',(34.0833348920533,-64.9049931334534,0.01));
#12060=CARTESIAN_POINT('Ctrl Pts',(34.1502585466969,-64.8423331361485,0.01));
#12061=CARTESIAN_POINT('Origin',(40.5174460466969,-66.3437979798985,0.01));
#12062=CARTESIAN_POINT('Origin',(40.5174460466969,-66.3437979798985,-1.));
#12063=CARTESIAN_POINT('',(18.7401022966969,-68.5142081361485,-1.));
#12064=CARTESIAN_POINT('',(17.9979147966969,-67.0518057923985,-1.));
#12065=CARTESIAN_POINT('Ctrl Pts',(18.7401022966969,-68.5142081361485,-1.));
#12066=CARTESIAN_POINT('Ctrl Pts',(18.5489721441738,-68.3107716643468,-1.));
#12067=CARTESIAN_POINT('Ctrl Pts',(18.1593971480069,-67.8961130577581,-1.));
#12068=CARTESIAN_POINT('Ctrl Pts',(18.0524118353806,-67.336742476364,-1.));
#12069=CARTESIAN_POINT('Ctrl Pts',(17.9979147966969,-67.0518057923985,-1.));
#12070=CARTESIAN_POINT('',(19.3260397966969,-66.8906729798985,-1.));
#12071=CARTESIAN_POINT('',(17.9979147966969,-67.0518057923985,-1.));
#12072=CARTESIAN_POINT('',(19.6678366716969,-67.6670401673985,-1.));
#12073=CARTESIAN_POINT('Ctrl Pts',(19.3260397966969,-66.8906729798985,-1.));
#12074=CARTESIAN_POINT('Ctrl Pts',(19.352170573515,-67.0459033098731,-1.));
#12075=CARTESIAN_POINT('Ctrl Pts',(19.4007510943985,-67.3344967313217,-1.));
#12076=CARTESIAN_POINT('Ctrl Pts',(19.5834219104933,-67.5619368704321,-1.));
#12077=CARTESIAN_POINT('Ctrl Pts',(19.6678366716969,-67.6670401673985,-1.));
#12078=CARTESIAN_POINT('',(20.3416647966969,-67.9355948548985,-1.));
#12079=CARTESIAN_POINT('Ctrl Pts',(19.6678366716969,-67.6670401673985,-1.));
#12080=CARTESIAN_POINT('Ctrl Pts',(19.7659000238455,-67.7453677497775,-1.));
#12081=CARTESIAN_POINT('Ctrl Pts',(19.9632597779902,-67.903007806561,-1.));
#12082=CARTESIAN_POINT('Ctrl Pts',(20.215005510931,-67.9246873561508,-1.));
#12083=CARTESIAN_POINT('Ctrl Pts',(20.3416647966969,-67.9355948548985,-1.));
#12084=CARTESIAN_POINT('',(21.0569968279469,-67.6133292298985,-1.));
#12085=CARTESIAN_POINT('Ctrl Pts',(20.3416647966969,-67.9355948548985,-1.));
#12086=CARTESIAN_POINT('Ctrl Pts',(20.4779599630391,-67.9218456878855,-1.));
#12087=CARTESIAN_POINT('Ctrl Pts',(20.7522064330707,-67.8941802862401,-1.));
#12088=CARTESIAN_POINT('Ctrl Pts',(20.9549918317878,-67.7073223852111,-1.));
#12089=CARTESIAN_POINT('Ctrl Pts',(21.0569968279469,-67.6133292298985,-1.));
#12090=CARTESIAN_POINT('',(21.3475241716969,-66.7441886048985,-1.));
#12091=CARTESIAN_POINT('Ctrl Pts',(21.0569968279469,-67.6133292298985,-1.));
#12092=CARTESIAN_POINT('Ctrl Pts',(21.1416416568231,-67.4913677305478,-1.));
#12093=CARTESIAN_POINT('Ctrl Pts',(21.3224457708064,-67.2308539918715,-1.));
#12094=CARTESIAN_POINT('Ctrl Pts',(21.3388171688612,-66.9131545977025,-1.));
#12095=CARTESIAN_POINT('Ctrl Pts',(21.3475241716969,-66.7441886048985,-1.));
#12096=CARTESIAN_POINT('',(21.0692038591969,-65.9238761048985,-1.));
#12097=CARTESIAN_POINT('Ctrl Pts',(21.3475241716969,-66.7441886048985,-1.));
#12098=CARTESIAN_POINT('Ctrl Pts',(21.3391709190952,-66.5843278489948,-1.));
#12099=CARTESIAN_POINT('Ctrl Pts',(21.3234614824676,-66.2836877829216,-1.));
#12100=CARTESIAN_POINT('Ctrl Pts',(21.1502927618048,-66.0386287472817,-1.));
#12101=CARTESIAN_POINT('Ctrl Pts',(21.0692038591969,-65.9238761048985,-1.));
#12102=CARTESIAN_POINT('',(20.3904929216969,-65.6211417298985,-1.));
#12103=CARTESIAN_POINT('Ctrl Pts',(21.0692038591969,-65.9238761048985,-1.));
#12104=CARTESIAN_POINT('Ctrl Pts',(20.9718583986039,-65.8355800466273,-1.));
#12105=CARTESIAN_POINT('Ctrl Pts',(20.7786356958494,-65.6603196603926,-1.));
#12106=CARTESIAN_POINT('Ctrl Pts',(20.5192167744858,-65.6341347172561,-1.));
#12107=CARTESIAN_POINT('Ctrl Pts',(20.3904929216969,-65.6211417298985,-1.));
#12108=CARTESIAN_POINT('',(19.7606101091969,-65.7236807923985,-1.));
#12109=CARTESIAN_POINT('Ctrl Pts',(20.3904929216969,-65.6211417298985,-1.));
#12110=CARTESIAN_POINT('Ctrl Pts',(20.2936033157448,-65.6267850987021,-1.));
#12111=CARTESIAN_POINT('Ctrl Pts',(20.0802384176191,-65.6392126114167,-1.));
#12112=CARTESIAN_POINT('Ctrl Pts',(19.8734793158774,-65.693852844354,-1.));
#12113=CARTESIAN_POINT('Ctrl Pts',(19.7606101091969,-65.7236807923985,-1.));
#12114=CARTESIAN_POINT('',(19.9119772966969,-64.6055167298985,-1.));
#12115=CARTESIAN_POINT('',(19.7606101091969,-65.7236807923985,-1.));
#12116=CARTESIAN_POINT('',(20.7615866716969,-64.3638175111485,-1.));
#12117=CARTESIAN_POINT('Ctrl Pts',(19.9119772966969,-64.6055167298985,-1.));
#12118=CARTESIAN_POINT('Ctrl Pts',(20.0804738990698,-64.6039681957302,-1.));
#12119=CARTESIAN_POINT('Ctrl Pts',(20.387370890271,-64.6011477205972,-1.));
#12120=CARTESIAN_POINT('Ctrl Pts',(20.6452787570813,-64.4375807865269,-1.));
#12121=CARTESIAN_POINT('Ctrl Pts',(20.7615866716969,-64.3638175111485,-1.));
#12122=CARTESIAN_POINT('',(21.0545554216969,-63.6826651673985,-1.));
#12123=CARTESIAN_POINT('Ctrl Pts',(20.7615866716969,-64.3638175111485,-1.));
#12124=CARTESIAN_POINT('Ctrl Pts',(20.8470209888316,-64.2696561887961,-1.));
#12125=CARTESIAN_POINT('Ctrl Pts',(21.0222731601971,-64.0765022343393,-1.));
#12126=CARTESIAN_POINT('Ctrl Pts',(21.04361671427,-63.8161151875944,-1.));
#12127=CARTESIAN_POINT('Ctrl Pts',(21.0545554216969,-63.6826651673985,-1.));
#12128=CARTESIAN_POINT('',(20.8397116716969,-63.1064932923985,-1.));
#12129=CARTESIAN_POINT('Ctrl Pts',(21.0545554216969,-63.6826651673985,-1.));
#12130=CARTESIAN_POINT('Ctrl Pts',(21.0474737623281,-63.5702706316924,-1.));
#12131=CARTESIAN_POINT('Ctrl Pts',(21.0339658165059,-63.3558831244743,-1.));
#12132=CARTESIAN_POINT('Ctrl Pts',(20.9023342378461,-63.1868901934349,-1.));
#12133=CARTESIAN_POINT('Ctrl Pts',(20.8397116716969,-63.1064932923985,-1.));
#12134=CARTESIAN_POINT('',(20.2684226091969,-62.8916495423985,-1.));
#12135=CARTESIAN_POINT('Ctrl Pts',(20.8397116716969,-63.1064932923985,-1.));
#12136=CARTESIAN_POINT('Ctrl Pts',(20.7597446766298,-63.0438648192037,-1.));
#12137=CARTESIAN_POINT('Ctrl Pts',(20.5923218909336,-62.9127428052107,-1.));
#12138=CARTESIAN_POINT('Ctrl Pts',(20.3795612861971,-62.8988872161284,-1.));
#12139=CARTESIAN_POINT('Ctrl Pts',(20.2684226091969,-62.8916495423985,-1.));
#12140=CARTESIAN_POINT('',(19.6678366716969,-63.1357901673985,-1.));
#12141=CARTESIAN_POINT('Ctrl Pts',(20.2684226091969,-62.8916495423985,-1.));
#12142=CARTESIAN_POINT('Ctrl Pts',(20.1556018308043,-62.9017298030323,-1.));
#12143=CARTESIAN_POINT('Ctrl Pts',(19.9304690374394,-62.9218448675327,-1.));
#12144=CARTESIAN_POINT('Ctrl Pts',(19.7552488038878,-63.0645825887719,-1.));
#12145=CARTESIAN_POINT('Ctrl Pts',(19.6678366716969,-63.1357901673985,-1.));
#12146=CARTESIAN_POINT('',(19.3651022966969,-63.8486807923985,-1.));
#12147=CARTESIAN_POINT('Ctrl Pts',(19.6678366716969,-63.1357901673985,-1.));
#12148=CARTESIAN_POINT('Ctrl Pts',(19.5924463270173,-63.2320647386943,-1.));
#12149=CARTESIAN_POINT('Ctrl Pts',(19.4282462418962,-63.4417506456755,-1.));
#12150=CARTESIAN_POINT('Ctrl Pts',(19.3872666429673,-63.7058430167195,-1.));
#12151=CARTESIAN_POINT('Ctrl Pts',(19.3651022966969,-63.8486807923985,-1.));
#12152=CARTESIAN_POINT('',(18.1004538591969,-63.6338370423985,-1.));
#12153=CARTESIAN_POINT('',(19.3651022966969,-63.8486807923985,-1.));
#12154=CARTESIAN_POINT('',(18.4984030779469,-62.5962393861485,-1.));
#12155=CARTESIAN_POINT('Ctrl Pts',(18.1004538591969,-63.6338370423985,-1.));
#12156=CARTESIAN_POINT('Ctrl Pts',(18.1454776725775,-63.4351561345778,-1.));
#12157=CARTESIAN_POINT('Ctrl Pts',(18.2282989158218,-63.069682875893,-1.));
#12158=CARTESIAN_POINT('Ctrl Pts',(18.4137624260415,-62.7445990607904,-1.));
#12159=CARTESIAN_POINT('Ctrl Pts',(18.4984030779469,-62.5962393861485,-1.));
#12160=CARTESIAN_POINT('',(19.2405905779469,-61.9858878236485,-1.));
#12161=CARTESIAN_POINT('Ctrl Pts',(18.4984030779469,-62.5962393861485,-1.));
#12162=CARTESIAN_POINT('Ctrl Pts',(18.5980397522163,-62.4727609814732,-1.));
#12163=CARTESIAN_POINT('Ctrl Pts',(18.8032594420859,-62.2184349504325,-1.));
#12164=CARTESIAN_POINT('Ctrl Pts',(19.0920244962255,-62.064886579074,-1.));
#12165=CARTESIAN_POINT('Ctrl Pts',(19.2405905779469,-61.9858878236485,-1.));
#12166=CARTESIAN_POINT('',(20.3074851091969,-61.7637198548985,-1.));
#12167=CARTESIAN_POINT('Ctrl Pts',(19.2405905779469,-61.9858878236485,-1.));
#12168=CARTESIAN_POINT('Ctrl Pts',(19.4068875206072,-61.9211054257949,-1.));
#12169=CARTESIAN_POINT('Ctrl Pts',(19.7499052994578,-61.7874799131136,-1.));
#12170=CARTESIAN_POINT('Ctrl Pts',(20.1178975600552,-61.7717987184545,-1.));
#12171=CARTESIAN_POINT('Ctrl Pts',(20.3074851091969,-61.7637198548985,-1.));
#12172=CARTESIAN_POINT('',(21.9285788591969,-62.4082511048985,-1.));
#12173=CARTESIAN_POINT('Ctrl Pts',(20.3074851091969,-61.7637198548985,-1.));
#12174=CARTESIAN_POINT('Ctrl Pts',(20.6236514697003,-61.7864073202025,-1.));
#12175=CARTESIAN_POINT('Ctrl Pts',(21.2335975224248,-61.8301758282958,-1.));
#12176=CARTESIAN_POINT('Ctrl Pts',(21.7026569969968,-62.2203326154775,-1.));
#12177=CARTESIAN_POINT('Ctrl Pts',(21.9285788591969,-62.4082511048985,-1.));
#12178=CARTESIAN_POINT('',(22.4315085466969,-63.5996573548985,-1.));
#12179=CARTESIAN_POINT('Ctrl Pts',(21.9285788591969,-62.4082511048985,-1.));
#12180=CARTESIAN_POINT('Ctrl Pts',(22.0752378465,-62.5867191133546,-1.));
#12181=CARTESIAN_POINT('Ctrl Pts',(22.3611535781133,-62.934647407049,-1.));
#12182=CARTESIAN_POINT('Ctrl Pts',(22.4084651832954,-63.3818466415632,-1.));
#12183=CARTESIAN_POINT('Ctrl Pts',(22.4315085466969,-63.5996573548985,-1.));
#12184=CARTESIAN_POINT('',(21.4012351091969,-65.1035636048985,-1.));
#12185=CARTESIAN_POINT('Ctrl Pts',(22.4315085466969,-63.5996573548985,-1.));
#12186=CARTESIAN_POINT('Ctrl Pts',(22.3780587915626,-63.9033131120953,-1.));
#12187=CARTESIAN_POINT('Ctrl Pts',(22.2633945174908,-64.554737368002,-1.));
#12188=CARTESIAN_POINT('Ctrl Pts',(21.7013092257131,-64.9125449294965,-1.));
#12189=CARTESIAN_POINT('Ctrl Pts',(21.4012351091969,-65.1035636048985,-1.));
#12190=CARTESIAN_POINT('',(22.3851218279469,-65.6943839173985,-1.));
#12191=CARTESIAN_POINT('Ctrl Pts',(21.4012351091969,-65.1035636048985,-1.));
#12192=CARTESIAN_POINT('Ctrl Pts',(21.5948755570153,-65.1597093328117,-1.));
#12193=CARTESIAN_POINT('Ctrl Pts',(21.9752518866828,-65.269998821143,-1.));
#12194=CARTESIAN_POINT('Ctrl Pts',(22.2501618969648,-65.5546445085415,-1.));
#12195=CARTESIAN_POINT('Ctrl Pts',(22.3851218279469,-65.6943839173985,-1.));
#12196=CARTESIAN_POINT('',(22.7537741716969,-66.8027823548985,-1.));
#12197=CARTESIAN_POINT('Ctrl Pts',(22.3851218279469,-65.6943839173985,-1.));
#12198=CARTESIAN_POINT('Ctrl Pts',(22.4926240628871,-65.8580660033893,-1.));
#12199=CARTESIAN_POINT('Ctrl Pts',(22.7135315439913,-66.1944180554024,-1.));
#12200=CARTESIAN_POINT('Ctrl Pts',(22.7401231057069,-66.5964135944103,-1.));
#12201=CARTESIAN_POINT('Ctrl Pts',(22.7537741716969,-66.8027823548985,-1.));
#12202=CARTESIAN_POINT('',(22.0652976091969,-68.4092276673985,-1.));
#12203=CARTESIAN_POINT('Ctrl Pts',(22.7537741716969,-66.8027823548985,-1.));
#12204=CARTESIAN_POINT('Ctrl Pts',(22.724607374863,-67.1057751343953,-1.));
#12205=CARTESIAN_POINT('Ctrl Pts',(22.6660270389602,-67.7143239201987,-1.));
#12206=CARTESIAN_POINT('Ctrl Pts',(22.2661022510866,-68.1769435621246,-1.));
#12207=CARTESIAN_POINT('Ctrl Pts',(22.0652976091969,-68.4092276673985,-1.));
#12208=CARTESIAN_POINT('',(20.3514304216969,-69.0732901673985,-1.));
#12209=CARTESIAN_POINT('Ctrl Pts',(22.0652976091969,-68.4092276673985,-1.));
#12210=CARTESIAN_POINT('Ctrl Pts',(21.818566804306,-68.6028921202214,-1.));
#12211=CARTESIAN_POINT('Ctrl Pts',(21.315339656219,-68.9978862123577,-1.));
#12212=CARTESIAN_POINT('Ctrl Pts',(20.6768635518616,-69.047832433167,-1.));
#12213=CARTESIAN_POINT('Ctrl Pts',(20.3514304216969,-69.0732901673985,-1.));
#12214=CARTESIAN_POINT('Ctrl Pts',(20.3514304216969,-69.0732901673985,-1.));
#12215=CARTESIAN_POINT('Ctrl Pts',(20.0456516456497,-69.0536355411333,-1.));
#12216=CARTESIAN_POINT('Ctrl Pts',(19.4558820805611,-69.0157267610203,-1.));
#12217=CARTESIAN_POINT('Ctrl Pts',(18.9727460240515,-68.6772124076551,-1.));
#12218=CARTESIAN_POINT('Ctrl Pts',(18.7401022966969,-68.5142081361485,-1.));
#12219=CARTESIAN_POINT('Origin',(19.3260397966969,-66.8906729798985,0.));
#12220=CARTESIAN_POINT('',(17.9979147966969,-67.0518057923985,0.01));
#12221=CARTESIAN_POINT('',(17.9979147966969,-67.0518057923985,0.));
#12222=CARTESIAN_POINT('',(19.3260397966969,-66.8906729798985,0.01));
#12223=CARTESIAN_POINT('',(17.9979147966969,-67.0518057923985,0.01));
#12224=CARTESIAN_POINT('',(19.3260397966969,-66.8906729798985,0.));
#12225=CARTESIAN_POINT('Ctrl Pts',(19.6678366716969,-67.6670401673985,-1.));
#12226=CARTESIAN_POINT('Ctrl Pts',(19.6678366716969,-67.6670401673985,0.01));
#12227=CARTESIAN_POINT('Ctrl Pts',(19.5834219104933,-67.5619368704321,-1.));
#12228=CARTESIAN_POINT('Ctrl Pts',(19.5834219104933,-67.5619368704321,0.01));
#12229=CARTESIAN_POINT('Ctrl Pts',(19.4007510943985,-67.3344967313217,-1.));
#12230=CARTESIAN_POINT('Ctrl Pts',(19.4007510943985,-67.3344967313217,0.01));
#12231=CARTESIAN_POINT('Ctrl Pts',(19.352170573515,-67.0459033098731,-1.));
#12232=CARTESIAN_POINT('Ctrl Pts',(19.352170573515,-67.0459033098731,0.01));
#12233=CARTESIAN_POINT('Ctrl Pts',(19.3260397966969,-66.8906729798985,-1.));
#12234=CARTESIAN_POINT('Ctrl Pts',(19.3260397966969,-66.8906729798985,0.01));
#12235=CARTESIAN_POINT('',(19.6678366716969,-67.6670401673985,0.01));
#12236=CARTESIAN_POINT('Ctrl Pts',(19.6678366716969,-67.6670401673985,0.01));
#12237=CARTESIAN_POINT('Ctrl Pts',(19.5834219104933,-67.5619368704321,0.01));
#12238=CARTESIAN_POINT('Ctrl Pts',(19.4007510943985,-67.3344967313217,0.01));
#12239=CARTESIAN_POINT('Ctrl Pts',(19.352170573515,-67.0459033098731,0.01));
#12240=CARTESIAN_POINT('Ctrl Pts',(19.3260397966969,-66.8906729798985,0.01));
#12241=CARTESIAN_POINT('',(19.6678366716969,-67.6670401673985,0.));
#12242=CARTESIAN_POINT('Ctrl Pts',(20.3416647966969,-67.9355948548985,-1.));
#12243=CARTESIAN_POINT('Ctrl Pts',(20.3416647966969,-67.9355948548985,0.01));
#12244=CARTESIAN_POINT('Ctrl Pts',(20.215005510931,-67.9246873561508,-1.));
#12245=CARTESIAN_POINT('Ctrl Pts',(20.215005510931,-67.9246873561508,0.01));
#12246=CARTESIAN_POINT('Ctrl Pts',(19.9632597779902,-67.903007806561,-1.));
#12247=CARTESIAN_POINT('Ctrl Pts',(19.9632597779902,-67.903007806561,0.01));
#12248=CARTESIAN_POINT('Ctrl Pts',(19.7659000238455,-67.7453677497775,-1.));
#12249=CARTESIAN_POINT('Ctrl Pts',(19.7659000238455,-67.7453677497775,0.01));
#12250=CARTESIAN_POINT('Ctrl Pts',(19.6678366716969,-67.6670401673985,-1.));
#12251=CARTESIAN_POINT('Ctrl Pts',(19.6678366716969,-67.6670401673985,0.01));
#12252=CARTESIAN_POINT('',(20.3416647966969,-67.9355948548985,0.01));
#12253=CARTESIAN_POINT('Ctrl Pts',(20.3416647966969,-67.9355948548985,0.01));
#12254=CARTESIAN_POINT('Ctrl Pts',(20.215005510931,-67.9246873561508,0.01));
#12255=CARTESIAN_POINT('Ctrl Pts',(19.9632597779902,-67.903007806561,0.01));
#12256=CARTESIAN_POINT('Ctrl Pts',(19.7659000238455,-67.7453677497775,0.01));
#12257=CARTESIAN_POINT('Ctrl Pts',(19.6678366716969,-67.6670401673985,0.01));
#12258=CARTESIAN_POINT('',(20.3416647966969,-67.9355948548985,0.));
#12259=CARTESIAN_POINT('Ctrl Pts',(21.0569968279469,-67.6133292298985,-1.));
#12260=CARTESIAN_POINT('Ctrl Pts',(21.0569968279469,-67.6133292298985,0.01));
#12261=CARTESIAN_POINT('Ctrl Pts',(20.9549918317878,-67.7073223852111,-1.));
#12262=CARTESIAN_POINT('Ctrl Pts',(20.9549918317878,-67.7073223852111,0.01));
#12263=CARTESIAN_POINT('Ctrl Pts',(20.7522064330707,-67.8941802862401,-1.));
#12264=CARTESIAN_POINT('Ctrl Pts',(20.7522064330707,-67.8941802862401,0.01));
#12265=CARTESIAN_POINT('Ctrl Pts',(20.4779599630391,-67.9218456878855,-1.));
#12266=CARTESIAN_POINT('Ctrl Pts',(20.4779599630391,-67.9218456878855,0.01));
#12267=CARTESIAN_POINT('Ctrl Pts',(20.3416647966969,-67.9355948548985,-1.));
#12268=CARTESIAN_POINT('Ctrl Pts',(20.3416647966969,-67.9355948548985,0.01));
#12269=CARTESIAN_POINT('',(21.0569968279469,-67.6133292298985,0.01));
#12270=CARTESIAN_POINT('Ctrl Pts',(21.0569968279469,-67.6133292298985,0.01));
#12271=CARTESIAN_POINT('Ctrl Pts',(20.9549918317878,-67.7073223852111,0.01));
#12272=CARTESIAN_POINT('Ctrl Pts',(20.7522064330707,-67.8941802862401,0.01));
#12273=CARTESIAN_POINT('Ctrl Pts',(20.4779599630391,-67.9218456878855,0.01));
#12274=CARTESIAN_POINT('Ctrl Pts',(20.3416647966969,-67.9355948548985,0.01));
#12275=CARTESIAN_POINT('',(21.0569968279469,-67.6133292298985,0.));
#12276=CARTESIAN_POINT('Ctrl Pts',(21.3475241716969,-66.7441886048985,-1.));
#12277=CARTESIAN_POINT('Ctrl Pts',(21.3475241716969,-66.7441886048985,0.01));
#12278=CARTESIAN_POINT('Ctrl Pts',(21.3388171688612,-66.9131545977025,-1.));
#12279=CARTESIAN_POINT('Ctrl Pts',(21.3388171688612,-66.9131545977025,0.01));
#12280=CARTESIAN_POINT('Ctrl Pts',(21.3224457708064,-67.2308539918715,-1.));
#12281=CARTESIAN_POINT('Ctrl Pts',(21.3224457708064,-67.2308539918715,0.01));
#12282=CARTESIAN_POINT('Ctrl Pts',(21.1416416568231,-67.4913677305478,-1.));
#12283=CARTESIAN_POINT('Ctrl Pts',(21.1416416568231,-67.4913677305478,0.01));
#12284=CARTESIAN_POINT('Ctrl Pts',(21.0569968279469,-67.6133292298985,-1.));
#12285=CARTESIAN_POINT('Ctrl Pts',(21.0569968279469,-67.6133292298985,0.01));
#12286=CARTESIAN_POINT('',(21.3475241716969,-66.7441886048985,0.01));
#12287=CARTESIAN_POINT('Ctrl Pts',(21.3475241716969,-66.7441886048985,0.01));
#12288=CARTESIAN_POINT('Ctrl Pts',(21.3388171688612,-66.9131545977025,0.01));
#12289=CARTESIAN_POINT('Ctrl Pts',(21.3224457708064,-67.2308539918715,0.01));
#12290=CARTESIAN_POINT('Ctrl Pts',(21.1416416568231,-67.4913677305478,0.01));
#12291=CARTESIAN_POINT('Ctrl Pts',(21.0569968279469,-67.6133292298985,0.01));
#12292=CARTESIAN_POINT('',(21.3475241716969,-66.7441886048985,0.));
#12293=CARTESIAN_POINT('Ctrl Pts',(21.0692038591969,-65.9238761048985,-1.));
#12294=CARTESIAN_POINT('Ctrl Pts',(21.0692038591969,-65.9238761048985,0.01));
#12295=CARTESIAN_POINT('Ctrl Pts',(21.1502927618048,-66.0386287472817,-1.));
#12296=CARTESIAN_POINT('Ctrl Pts',(21.1502927618048,-66.0386287472817,0.01));
#12297=CARTESIAN_POINT('Ctrl Pts',(21.3234614824676,-66.2836877829216,-1.));
#12298=CARTESIAN_POINT('Ctrl Pts',(21.3234614824676,-66.2836877829216,0.01));
#12299=CARTESIAN_POINT('Ctrl Pts',(21.3391709190952,-66.5843278489948,-1.));
#12300=CARTESIAN_POINT('Ctrl Pts',(21.3391709190952,-66.5843278489948,0.01));
#12301=CARTESIAN_POINT('Ctrl Pts',(21.3475241716969,-66.7441886048985,-1.));
#12302=CARTESIAN_POINT('Ctrl Pts',(21.3475241716969,-66.7441886048985,0.01));
#12303=CARTESIAN_POINT('',(21.0692038591969,-65.9238761048985,0.01));
#12304=CARTESIAN_POINT('Ctrl Pts',(21.0692038591969,-65.9238761048985,0.01));
#12305=CARTESIAN_POINT('Ctrl Pts',(21.1502927618048,-66.0386287472817,0.01));
#12306=CARTESIAN_POINT('Ctrl Pts',(21.3234614824676,-66.2836877829216,0.01));
#12307=CARTESIAN_POINT('Ctrl Pts',(21.3391709190952,-66.5843278489948,0.01));
#12308=CARTESIAN_POINT('Ctrl Pts',(21.3475241716969,-66.7441886048985,0.01));
#12309=CARTESIAN_POINT('',(21.0692038591969,-65.9238761048985,0.));
#12310=CARTESIAN_POINT('Ctrl Pts',(20.3904929216969,-65.6211417298985,-1.));
#12311=CARTESIAN_POINT('Ctrl Pts',(20.3904929216969,-65.6211417298985,0.01));
#12312=CARTESIAN_POINT('Ctrl Pts',(20.5192167744858,-65.6341347172561,-1.));
#12313=CARTESIAN_POINT('Ctrl Pts',(20.5192167744858,-65.6341347172561,0.01));
#12314=CARTESIAN_POINT('Ctrl Pts',(20.7786356958494,-65.6603196603926,-1.));
#12315=CARTESIAN_POINT('Ctrl Pts',(20.7786356958494,-65.6603196603926,0.01));
#12316=CARTESIAN_POINT('Ctrl Pts',(20.9718583986039,-65.8355800466273,-1.));
#12317=CARTESIAN_POINT('Ctrl Pts',(20.9718583986039,-65.8355800466273,0.01));
#12318=CARTESIAN_POINT('Ctrl Pts',(21.0692038591969,-65.9238761048985,-1.));
#12319=CARTESIAN_POINT('Ctrl Pts',(21.0692038591969,-65.9238761048985,0.01));
#12320=CARTESIAN_POINT('',(20.3904929216969,-65.6211417298985,0.01));
#12321=CARTESIAN_POINT('Ctrl Pts',(20.3904929216969,-65.6211417298985,0.01));
#12322=CARTESIAN_POINT('Ctrl Pts',(20.5192167744858,-65.6341347172561,0.01));
#12323=CARTESIAN_POINT('Ctrl Pts',(20.7786356958494,-65.6603196603926,0.01));
#12324=CARTESIAN_POINT('Ctrl Pts',(20.9718583986039,-65.8355800466273,0.01));
#12325=CARTESIAN_POINT('Ctrl Pts',(21.0692038591969,-65.9238761048985,0.01));
#12326=CARTESIAN_POINT('',(20.3904929216969,-65.6211417298985,0.));
#12327=CARTESIAN_POINT('Ctrl Pts',(19.7606101091969,-65.7236807923985,-1.));
#12328=CARTESIAN_POINT('Ctrl Pts',(19.7606101091969,-65.7236807923985,0.01));
#12329=CARTESIAN_POINT('Ctrl Pts',(19.8734793158774,-65.693852844354,-1.));
#12330=CARTESIAN_POINT('Ctrl Pts',(19.8734793158774,-65.693852844354,0.01));
#12331=CARTESIAN_POINT('Ctrl Pts',(20.0802384176191,-65.6392126114167,-1.));
#12332=CARTESIAN_POINT('Ctrl Pts',(20.0802384176191,-65.6392126114167,0.01));
#12333=CARTESIAN_POINT('Ctrl Pts',(20.2936033157448,-65.6267850987021,-1.));
#12334=CARTESIAN_POINT('Ctrl Pts',(20.2936033157448,-65.6267850987021,0.01));
#12335=CARTESIAN_POINT('Ctrl Pts',(20.3904929216969,-65.6211417298985,-1.));
#12336=CARTESIAN_POINT('Ctrl Pts',(20.3904929216969,-65.6211417298985,0.01));
#12337=CARTESIAN_POINT('',(19.7606101091969,-65.7236807923985,0.01));
#12338=CARTESIAN_POINT('Ctrl Pts',(19.7606101091969,-65.7236807923985,0.01));
#12339=CARTESIAN_POINT('Ctrl Pts',(19.8734793158774,-65.693852844354,0.01));
#12340=CARTESIAN_POINT('Ctrl Pts',(20.0802384176191,-65.6392126114167,0.01));
#12341=CARTESIAN_POINT('Ctrl Pts',(20.2936033157448,-65.6267850987021,0.01));
#12342=CARTESIAN_POINT('Ctrl Pts',(20.3904929216969,-65.6211417298985,0.01));
#12343=CARTESIAN_POINT('',(19.7606101091969,-65.7236807923985,0.));
#12344=CARTESIAN_POINT('Origin',(19.9119772966969,-64.6055167298985,0.));
#12345=CARTESIAN_POINT('',(19.9119772966969,-64.6055167298985,0.01));
#12346=CARTESIAN_POINT('',(19.7606101091969,-65.7236807923985,0.01));
#12347=CARTESIAN_POINT('',(19.9119772966969,-64.6055167298985,0.));
#12348=CARTESIAN_POINT('Ctrl Pts',(20.7615866716969,-64.3638175111485,-1.));
#12349=CARTESIAN_POINT('Ctrl Pts',(20.7615866716969,-64.3638175111485,0.01));
#12350=CARTESIAN_POINT('Ctrl Pts',(20.6452787570813,-64.4375807865269,-1.));
#12351=CARTESIAN_POINT('Ctrl Pts',(20.6452787570813,-64.4375807865269,0.01));
#12352=CARTESIAN_POINT('Ctrl Pts',(20.387370890271,-64.6011477205972,-1.));
#12353=CARTESIAN_POINT('Ctrl Pts',(20.387370890271,-64.6011477205972,0.01));
#12354=CARTESIAN_POINT('Ctrl Pts',(20.0804738990698,-64.6039681957302,-1.));
#12355=CARTESIAN_POINT('Ctrl Pts',(20.0804738990698,-64.6039681957302,0.01));
#12356=CARTESIAN_POINT('Ctrl Pts',(19.9119772966969,-64.6055167298985,-1.));
#12357=CARTESIAN_POINT('Ctrl Pts',(19.9119772966969,-64.6055167298985,0.01));
#12358=CARTESIAN_POINT('',(20.7615866716969,-64.3638175111485,0.01));
#12359=CARTESIAN_POINT('Ctrl Pts',(20.7615866716969,-64.3638175111485,0.01));
#12360=CARTESIAN_POINT('Ctrl Pts',(20.6452787570813,-64.4375807865269,0.01));
#12361=CARTESIAN_POINT('Ctrl Pts',(20.387370890271,-64.6011477205972,0.01));
#12362=CARTESIAN_POINT('Ctrl Pts',(20.0804738990698,-64.6039681957302,0.01));
#12363=CARTESIAN_POINT('Ctrl Pts',(19.9119772966969,-64.6055167298985,0.01));
#12364=CARTESIAN_POINT('',(20.7615866716969,-64.3638175111485,0.));
#12365=CARTESIAN_POINT('Ctrl Pts',(21.0545554216969,-63.6826651673985,-1.));
#12366=CARTESIAN_POINT('Ctrl Pts',(21.0545554216969,-63.6826651673985,0.01));
#12367=CARTESIAN_POINT('Ctrl Pts',(21.04361671427,-63.8161151875944,-1.));
#12368=CARTESIAN_POINT('Ctrl Pts',(21.04361671427,-63.8161151875944,0.01));
#12369=CARTESIAN_POINT('Ctrl Pts',(21.0222731601971,-64.0765022343393,-1.));
#12370=CARTESIAN_POINT('Ctrl Pts',(21.0222731601971,-64.0765022343393,0.01));
#12371=CARTESIAN_POINT('Ctrl Pts',(20.8470209888316,-64.2696561887961,-1.));
#12372=CARTESIAN_POINT('Ctrl Pts',(20.8470209888316,-64.2696561887961,0.01));
#12373=CARTESIAN_POINT('Ctrl Pts',(20.7615866716969,-64.3638175111485,-1.));
#12374=CARTESIAN_POINT('Ctrl Pts',(20.7615866716969,-64.3638175111485,0.01));
#12375=CARTESIAN_POINT('',(21.0545554216969,-63.6826651673985,0.01));
#12376=CARTESIAN_POINT('Ctrl Pts',(21.0545554216969,-63.6826651673985,0.01));
#12377=CARTESIAN_POINT('Ctrl Pts',(21.04361671427,-63.8161151875944,0.01));
#12378=CARTESIAN_POINT('Ctrl Pts',(21.0222731601971,-64.0765022343393,0.01));
#12379=CARTESIAN_POINT('Ctrl Pts',(20.8470209888316,-64.2696561887961,0.01));
#12380=CARTESIAN_POINT('Ctrl Pts',(20.7615866716969,-64.3638175111485,0.01));
#12381=CARTESIAN_POINT('',(21.0545554216969,-63.6826651673985,0.));
#12382=CARTESIAN_POINT('Ctrl Pts',(20.8397116716969,-63.1064932923985,-1.));
#12383=CARTESIAN_POINT('Ctrl Pts',(20.8397116716969,-63.1064932923985,0.01));
#12384=CARTESIAN_POINT('Ctrl Pts',(20.9023342378461,-63.1868901934349,-1.));
#12385=CARTESIAN_POINT('Ctrl Pts',(20.9023342378461,-63.1868901934349,0.01));
#12386=CARTESIAN_POINT('Ctrl Pts',(21.0339658165059,-63.3558831244743,-1.));
#12387=CARTESIAN_POINT('Ctrl Pts',(21.0339658165059,-63.3558831244743,0.01));
#12388=CARTESIAN_POINT('Ctrl Pts',(21.0474737623281,-63.5702706316924,-1.));
#12389=CARTESIAN_POINT('Ctrl Pts',(21.0474737623281,-63.5702706316924,0.01));
#12390=CARTESIAN_POINT('Ctrl Pts',(21.0545554216969,-63.6826651673985,-1.));
#12391=CARTESIAN_POINT('Ctrl Pts',(21.0545554216969,-63.6826651673985,0.01));
#12392=CARTESIAN_POINT('',(20.8397116716969,-63.1064932923985,0.01));
#12393=CARTESIAN_POINT('Ctrl Pts',(20.8397116716969,-63.1064932923985,0.01));
#12394=CARTESIAN_POINT('Ctrl Pts',(20.9023342378461,-63.1868901934349,0.01));
#12395=CARTESIAN_POINT('Ctrl Pts',(21.0339658165059,-63.3558831244743,0.01));
#12396=CARTESIAN_POINT('Ctrl Pts',(21.0474737623281,-63.5702706316924,0.01));
#12397=CARTESIAN_POINT('Ctrl Pts',(21.0545554216969,-63.6826651673985,0.01));
#12398=CARTESIAN_POINT('',(20.8397116716969,-63.1064932923985,0.));
#12399=CARTESIAN_POINT('Ctrl Pts',(20.2684226091969,-62.8916495423985,-1.));
#12400=CARTESIAN_POINT('Ctrl Pts',(20.2684226091969,-62.8916495423985,0.01));
#12401=CARTESIAN_POINT('Ctrl Pts',(20.3795612861971,-62.8988872161284,-1.));
#12402=CARTESIAN_POINT('Ctrl Pts',(20.3795612861971,-62.8988872161284,0.01));
#12403=CARTESIAN_POINT('Ctrl Pts',(20.5923218909336,-62.9127428052107,-1.));
#12404=CARTESIAN_POINT('Ctrl Pts',(20.5923218909336,-62.9127428052107,0.01));
#12405=CARTESIAN_POINT('Ctrl Pts',(20.7597446766298,-63.0438648192037,-1.));
#12406=CARTESIAN_POINT('Ctrl Pts',(20.7597446766298,-63.0438648192037,0.01));
#12407=CARTESIAN_POINT('Ctrl Pts',(20.8397116716969,-63.1064932923985,-1.));
#12408=CARTESIAN_POINT('Ctrl Pts',(20.8397116716969,-63.1064932923985,0.01));
#12409=CARTESIAN_POINT('',(20.2684226091969,-62.8916495423985,0.01));
#12410=CARTESIAN_POINT('Ctrl Pts',(20.2684226091969,-62.8916495423985,0.01));
#12411=CARTESIAN_POINT('Ctrl Pts',(20.3795612861971,-62.8988872161284,0.01));
#12412=CARTESIAN_POINT('Ctrl Pts',(20.5923218909336,-62.9127428052107,0.01));
#12413=CARTESIAN_POINT('Ctrl Pts',(20.7597446766298,-63.0438648192037,0.01));
#12414=CARTESIAN_POINT('Ctrl Pts',(20.8397116716969,-63.1064932923985,0.01));
#12415=CARTESIAN_POINT('',(20.2684226091969,-62.8916495423985,0.));
#12416=CARTESIAN_POINT('Ctrl Pts',(19.6678366716969,-63.1357901673985,-1.));
#12417=CARTESIAN_POINT('Ctrl Pts',(19.6678366716969,-63.1357901673985,0.01));
#12418=CARTESIAN_POINT('Ctrl Pts',(19.7552488038878,-63.0645825887719,-1.));
#12419=CARTESIAN_POINT('Ctrl Pts',(19.7552488038878,-63.0645825887719,0.01));
#12420=CARTESIAN_POINT('Ctrl Pts',(19.9304690374394,-62.9218448675327,-1.));
#12421=CARTESIAN_POINT('Ctrl Pts',(19.9304690374394,-62.9218448675327,0.01));
#12422=CARTESIAN_POINT('Ctrl Pts',(20.1556018308043,-62.9017298030323,-1.));
#12423=CARTESIAN_POINT('Ctrl Pts',(20.1556018308043,-62.9017298030323,0.01));
#12424=CARTESIAN_POINT('Ctrl Pts',(20.2684226091969,-62.8916495423985,-1.));
#12425=CARTESIAN_POINT('Ctrl Pts',(20.2684226091969,-62.8916495423985,0.01));
#12426=CARTESIAN_POINT('',(19.6678366716969,-63.1357901673985,0.01));
#12427=CARTESIAN_POINT('Ctrl Pts',(19.6678366716969,-63.1357901673985,0.01));
#12428=CARTESIAN_POINT('Ctrl Pts',(19.7552488038878,-63.0645825887719,0.01));
#12429=CARTESIAN_POINT('Ctrl Pts',(19.9304690374394,-62.9218448675327,0.01));
#12430=CARTESIAN_POINT('Ctrl Pts',(20.1556018308043,-62.9017298030323,0.01));
#12431=CARTESIAN_POINT('Ctrl Pts',(20.2684226091969,-62.8916495423985,0.01));
#12432=CARTESIAN_POINT('',(19.6678366716969,-63.1357901673985,0.));
#12433=CARTESIAN_POINT('Ctrl Pts',(19.3651022966969,-63.8486807923985,-1.));
#12434=CARTESIAN_POINT('Ctrl Pts',(19.3651022966969,-63.8486807923985,0.01));
#12435=CARTESIAN_POINT('Ctrl Pts',(19.3872666429673,-63.7058430167195,-1.));
#12436=CARTESIAN_POINT('Ctrl Pts',(19.3872666429673,-63.7058430167195,0.01));
#12437=CARTESIAN_POINT('Ctrl Pts',(19.4282462418962,-63.4417506456755,-1.));
#12438=CARTESIAN_POINT('Ctrl Pts',(19.4282462418962,-63.4417506456755,0.01));
#12439=CARTESIAN_POINT('Ctrl Pts',(19.5924463270173,-63.2320647386943,-1.));
#12440=CARTESIAN_POINT('Ctrl Pts',(19.5924463270173,-63.2320647386943,0.01));
#12441=CARTESIAN_POINT('Ctrl Pts',(19.6678366716969,-63.1357901673985,-1.));
#12442=CARTESIAN_POINT('Ctrl Pts',(19.6678366716969,-63.1357901673985,0.01));
#12443=CARTESIAN_POINT('',(19.3651022966969,-63.8486807923985,0.01));
#12444=CARTESIAN_POINT('Ctrl Pts',(19.3651022966969,-63.8486807923985,0.01));
#12445=CARTESIAN_POINT('Ctrl Pts',(19.3872666429673,-63.7058430167195,0.01));
#12446=CARTESIAN_POINT('Ctrl Pts',(19.4282462418962,-63.4417506456755,0.01));
#12447=CARTESIAN_POINT('Ctrl Pts',(19.5924463270173,-63.2320647386943,0.01));
#12448=CARTESIAN_POINT('Ctrl Pts',(19.6678366716969,-63.1357901673985,0.01));
#12449=CARTESIAN_POINT('',(19.3651022966969,-63.8486807923985,0.));
#12450=CARTESIAN_POINT('Origin',(18.1004538591969,-63.6338370423985,0.));
#12451=CARTESIAN_POINT('',(18.1004538591969,-63.6338370423985,0.01));
#12452=CARTESIAN_POINT('',(19.3651022966969,-63.8486807923985,0.01));
#12453=CARTESIAN_POINT('',(18.1004538591969,-63.6338370423985,0.));
#12454=CARTESIAN_POINT('Ctrl Pts',(18.4984030779469,-62.5962393861485,-1.));
#12455=CARTESIAN_POINT('Ctrl Pts',(18.4984030779469,-62.5962393861485,0.01));
#12456=CARTESIAN_POINT('Ctrl Pts',(18.4137624260415,-62.7445990607904,-1.));
#12457=CARTESIAN_POINT('Ctrl Pts',(18.4137624260415,-62.7445990607904,0.01));
#12458=CARTESIAN_POINT('Ctrl Pts',(18.2282989158218,-63.069682875893,-1.));
#12459=CARTESIAN_POINT('Ctrl Pts',(18.2282989158218,-63.069682875893,0.01));
#12460=CARTESIAN_POINT('Ctrl Pts',(18.1454776725775,-63.4351561345778,-1.));
#12461=CARTESIAN_POINT('Ctrl Pts',(18.1454776725775,-63.4351561345778,0.01));
#12462=CARTESIAN_POINT('Ctrl Pts',(18.1004538591969,-63.6338370423985,-1.));
#12463=CARTESIAN_POINT('Ctrl Pts',(18.1004538591969,-63.6338370423985,0.01));
#12464=CARTESIAN_POINT('',(18.4984030779469,-62.5962393861485,0.01));
#12465=CARTESIAN_POINT('Ctrl Pts',(18.4984030779469,-62.5962393861485,0.01));
#12466=CARTESIAN_POINT('Ctrl Pts',(18.4137624260415,-62.7445990607904,0.01));
#12467=CARTESIAN_POINT('Ctrl Pts',(18.2282989158218,-63.069682875893,0.01));
#12468=CARTESIAN_POINT('Ctrl Pts',(18.1454776725775,-63.4351561345778,0.01));
#12469=CARTESIAN_POINT('Ctrl Pts',(18.1004538591969,-63.6338370423985,0.01));
#12470=CARTESIAN_POINT('',(18.4984030779469,-62.5962393861485,0.));
#12471=CARTESIAN_POINT('Ctrl Pts',(19.2405905779469,-61.9858878236485,-1.));
#12472=CARTESIAN_POINT('Ctrl Pts',(19.2405905779469,-61.9858878236485,0.01));
#12473=CARTESIAN_POINT('Ctrl Pts',(19.0920244962255,-62.064886579074,-1.));
#12474=CARTESIAN_POINT('Ctrl Pts',(19.0920244962255,-62.064886579074,0.01));
#12475=CARTESIAN_POINT('Ctrl Pts',(18.8032594420859,-62.2184349504325,-1.));
#12476=CARTESIAN_POINT('Ctrl Pts',(18.8032594420859,-62.2184349504325,0.01));
#12477=CARTESIAN_POINT('Ctrl Pts',(18.5980397522163,-62.4727609814732,-1.));
#12478=CARTESIAN_POINT('Ctrl Pts',(18.5980397522163,-62.4727609814732,0.01));
#12479=CARTESIAN_POINT('Ctrl Pts',(18.4984030779469,-62.5962393861485,-1.));
#12480=CARTESIAN_POINT('Ctrl Pts',(18.4984030779469,-62.5962393861485,0.01));
#12481=CARTESIAN_POINT('',(19.2405905779469,-61.9858878236485,0.01));
#12482=CARTESIAN_POINT('Ctrl Pts',(19.2405905779469,-61.9858878236485,0.01));
#12483=CARTESIAN_POINT('Ctrl Pts',(19.0920244962255,-62.064886579074,0.01));
#12484=CARTESIAN_POINT('Ctrl Pts',(18.8032594420859,-62.2184349504325,0.01));
#12485=CARTESIAN_POINT('Ctrl Pts',(18.5980397522163,-62.4727609814732,0.01));
#12486=CARTESIAN_POINT('Ctrl Pts',(18.4984030779469,-62.5962393861485,0.01));
#12487=CARTESIAN_POINT('',(19.2405905779469,-61.9858878236485,0.));
#12488=CARTESIAN_POINT('Ctrl Pts',(20.3074851091969,-61.7637198548985,-1.));
#12489=CARTESIAN_POINT('Ctrl Pts',(20.3074851091969,-61.7637198548985,0.01));
#12490=CARTESIAN_POINT('Ctrl Pts',(20.1178975600552,-61.7717987184545,-1.));
#12491=CARTESIAN_POINT('Ctrl Pts',(20.1178975600552,-61.7717987184545,0.01));
#12492=CARTESIAN_POINT('Ctrl Pts',(19.7499052994578,-61.7874799131136,-1.));
#12493=CARTESIAN_POINT('Ctrl Pts',(19.7499052994578,-61.7874799131136,0.01));
#12494=CARTESIAN_POINT('Ctrl Pts',(19.4068875206072,-61.9211054257949,-1.));
#12495=CARTESIAN_POINT('Ctrl Pts',(19.4068875206072,-61.9211054257949,0.01));
#12496=CARTESIAN_POINT('Ctrl Pts',(19.2405905779469,-61.9858878236485,-1.));
#12497=CARTESIAN_POINT('Ctrl Pts',(19.2405905779469,-61.9858878236485,0.01));
#12498=CARTESIAN_POINT('',(20.3074851091969,-61.7637198548985,0.01));
#12499=CARTESIAN_POINT('Ctrl Pts',(20.3074851091969,-61.7637198548985,0.01));
#12500=CARTESIAN_POINT('Ctrl Pts',(20.1178975600552,-61.7717987184545,0.01));
#12501=CARTESIAN_POINT('Ctrl Pts',(19.7499052994578,-61.7874799131136,0.01));
#12502=CARTESIAN_POINT('Ctrl Pts',(19.4068875206072,-61.9211054257949,0.01));
#12503=CARTESIAN_POINT('Ctrl Pts',(19.2405905779469,-61.9858878236485,0.01));
#12504=CARTESIAN_POINT('',(20.3074851091969,-61.7637198548985,0.));
#12505=CARTESIAN_POINT('Ctrl Pts',(21.9285788591969,-62.4082511048985,-1.));
#12506=CARTESIAN_POINT('Ctrl Pts',(21.9285788591969,-62.4082511048985,0.01));
#12507=CARTESIAN_POINT('Ctrl Pts',(21.7026569969968,-62.2203326154775,-1.));
#12508=CARTESIAN_POINT('Ctrl Pts',(21.7026569969968,-62.2203326154775,0.01));
#12509=CARTESIAN_POINT('Ctrl Pts',(21.2335975224248,-61.8301758282958,-1.));
#12510=CARTESIAN_POINT('Ctrl Pts',(21.2335975224248,-61.8301758282958,0.01));
#12511=CARTESIAN_POINT('Ctrl Pts',(20.6236514697003,-61.7864073202025,-1.));
#12512=CARTESIAN_POINT('Ctrl Pts',(20.6236514697003,-61.7864073202025,0.01));
#12513=CARTESIAN_POINT('Ctrl Pts',(20.3074851091969,-61.7637198548985,-1.));
#12514=CARTESIAN_POINT('Ctrl Pts',(20.3074851091969,-61.7637198548985,0.01));
#12515=CARTESIAN_POINT('',(21.9285788591969,-62.4082511048985,0.01));
#12516=CARTESIAN_POINT('Ctrl Pts',(21.9285788591969,-62.4082511048985,0.01));
#12517=CARTESIAN_POINT('Ctrl Pts',(21.7026569969968,-62.2203326154775,0.01));
#12518=CARTESIAN_POINT('Ctrl Pts',(21.2335975224248,-61.8301758282958,0.01));
#12519=CARTESIAN_POINT('Ctrl Pts',(20.6236514697003,-61.7864073202025,0.01));
#12520=CARTESIAN_POINT('Ctrl Pts',(20.3074851091969,-61.7637198548985,0.01));
#12521=CARTESIAN_POINT('',(21.9285788591969,-62.4082511048985,0.));
#12522=CARTESIAN_POINT('Ctrl Pts',(22.4315085466969,-63.5996573548985,-1.));
#12523=CARTESIAN_POINT('Ctrl Pts',(22.4315085466969,-63.5996573548985,0.01));
#12524=CARTESIAN_POINT('Ctrl Pts',(22.4084651832954,-63.3818466415632,-1.));
#12525=CARTESIAN_POINT('Ctrl Pts',(22.4084651832954,-63.3818466415632,0.01));
#12526=CARTESIAN_POINT('Ctrl Pts',(22.3611535781133,-62.934647407049,-1.));
#12527=CARTESIAN_POINT('Ctrl Pts',(22.3611535781133,-62.934647407049,0.01));
#12528=CARTESIAN_POINT('Ctrl Pts',(22.0752378465,-62.5867191133546,-1.));
#12529=CARTESIAN_POINT('Ctrl Pts',(22.0752378465,-62.5867191133546,0.01));
#12530=CARTESIAN_POINT('Ctrl Pts',(21.9285788591969,-62.4082511048985,-1.));
#12531=CARTESIAN_POINT('Ctrl Pts',(21.9285788591969,-62.4082511048985,0.01));
#12532=CARTESIAN_POINT('',(22.4315085466969,-63.5996573548985,0.01));
#12533=CARTESIAN_POINT('Ctrl Pts',(22.4315085466969,-63.5996573548985,0.01));
#12534=CARTESIAN_POINT('Ctrl Pts',(22.4084651832954,-63.3818466415632,0.01));
#12535=CARTESIAN_POINT('Ctrl Pts',(22.3611535781133,-62.934647407049,0.01));
#12536=CARTESIAN_POINT('Ctrl Pts',(22.0752378465,-62.5867191133546,0.01));
#12537=CARTESIAN_POINT('Ctrl Pts',(21.9285788591969,-62.4082511048985,0.01));
#12538=CARTESIAN_POINT('',(22.4315085466969,-63.5996573548985,0.));
#12539=CARTESIAN_POINT('Ctrl Pts',(21.4012351091969,-65.1035636048985,-1.));
#12540=CARTESIAN_POINT('Ctrl Pts',(21.4012351091969,-65.1035636048985,0.01));
#12541=CARTESIAN_POINT('Ctrl Pts',(21.7013092257131,-64.9125449294965,-1.));
#12542=CARTESIAN_POINT('Ctrl Pts',(21.7013092257131,-64.9125449294965,0.01));
#12543=CARTESIAN_POINT('Ctrl Pts',(22.2633945174908,-64.554737368002,-1.));
#12544=CARTESIAN_POINT('Ctrl Pts',(22.2633945174908,-64.554737368002,0.01));
#12545=CARTESIAN_POINT('Ctrl Pts',(22.3780587915626,-63.9033131120953,-1.));
#12546=CARTESIAN_POINT('Ctrl Pts',(22.3780587915626,-63.9033131120953,0.01));
#12547=CARTESIAN_POINT('Ctrl Pts',(22.4315085466969,-63.5996573548985,-1.));
#12548=CARTESIAN_POINT('Ctrl Pts',(22.4315085466969,-63.5996573548985,0.01));
#12549=CARTESIAN_POINT('',(21.4012351091969,-65.1035636048985,0.01));
#12550=CARTESIAN_POINT('Ctrl Pts',(21.4012351091969,-65.1035636048985,0.01));
#12551=CARTESIAN_POINT('Ctrl Pts',(21.7013092257131,-64.9125449294965,0.01));
#12552=CARTESIAN_POINT('Ctrl Pts',(22.2633945174908,-64.554737368002,0.01));
#12553=CARTESIAN_POINT('Ctrl Pts',(22.3780587915626,-63.9033131120953,0.01));
#12554=CARTESIAN_POINT('Ctrl Pts',(22.4315085466969,-63.5996573548985,0.01));
#12555=CARTESIAN_POINT('',(21.4012351091969,-65.1035636048985,0.));
#12556=CARTESIAN_POINT('Ctrl Pts',(22.3851218279469,-65.6943839173985,-1.));
#12557=CARTESIAN_POINT('Ctrl Pts',(22.3851218279469,-65.6943839173985,0.01));
#12558=CARTESIAN_POINT('Ctrl Pts',(22.2501618969648,-65.5546445085415,-1.));
#12559=CARTESIAN_POINT('Ctrl Pts',(22.2501618969648,-65.5546445085415,0.01));
#12560=CARTESIAN_POINT('Ctrl Pts',(21.9752518866828,-65.269998821143,-1.));
#12561=CARTESIAN_POINT('Ctrl Pts',(21.9752518866828,-65.269998821143,0.01));
#12562=CARTESIAN_POINT('Ctrl Pts',(21.5948755570153,-65.1597093328117,-1.));
#12563=CARTESIAN_POINT('Ctrl Pts',(21.5948755570153,-65.1597093328117,0.01));
#12564=CARTESIAN_POINT('Ctrl Pts',(21.4012351091969,-65.1035636048985,-1.));
#12565=CARTESIAN_POINT('Ctrl Pts',(21.4012351091969,-65.1035636048985,0.01));
#12566=CARTESIAN_POINT('',(22.3851218279469,-65.6943839173985,0.01));
#12567=CARTESIAN_POINT('Ctrl Pts',(22.3851218279469,-65.6943839173985,0.01));
#12568=CARTESIAN_POINT('Ctrl Pts',(22.2501618969648,-65.5546445085415,0.01));
#12569=CARTESIAN_POINT('Ctrl Pts',(21.9752518866828,-65.269998821143,0.01));
#12570=CARTESIAN_POINT('Ctrl Pts',(21.5948755570153,-65.1597093328117,0.01));
#12571=CARTESIAN_POINT('Ctrl Pts',(21.4012351091969,-65.1035636048985,0.01));
#12572=CARTESIAN_POINT('',(22.3851218279469,-65.6943839173985,0.));
#12573=CARTESIAN_POINT('Ctrl Pts',(22.7537741716969,-66.8027823548985,-1.));
#12574=CARTESIAN_POINT('Ctrl Pts',(22.7537741716969,-66.8027823548985,0.01));
#12575=CARTESIAN_POINT('Ctrl Pts',(22.7401231057069,-66.5964135944103,-1.));
#12576=CARTESIAN_POINT('Ctrl Pts',(22.7401231057069,-66.5964135944103,0.01));
#12577=CARTESIAN_POINT('Ctrl Pts',(22.7135315439913,-66.1944180554024,-1.));
#12578=CARTESIAN_POINT('Ctrl Pts',(22.7135315439913,-66.1944180554024,0.01));
#12579=CARTESIAN_POINT('Ctrl Pts',(22.4926240628871,-65.8580660033893,-1.));
#12580=CARTESIAN_POINT('Ctrl Pts',(22.4926240628871,-65.8580660033893,0.01));
#12581=CARTESIAN_POINT('Ctrl Pts',(22.3851218279469,-65.6943839173985,-1.));
#12582=CARTESIAN_POINT('Ctrl Pts',(22.3851218279469,-65.6943839173985,0.01));
#12583=CARTESIAN_POINT('',(22.7537741716969,-66.8027823548985,0.01));
#12584=CARTESIAN_POINT('Ctrl Pts',(22.7537741716969,-66.8027823548985,0.01));
#12585=CARTESIAN_POINT('Ctrl Pts',(22.7401231057069,-66.5964135944103,0.01));
#12586=CARTESIAN_POINT('Ctrl Pts',(22.7135315439913,-66.1944180554024,0.01));
#12587=CARTESIAN_POINT('Ctrl Pts',(22.4926240628871,-65.8580660033893,0.01));
#12588=CARTESIAN_POINT('Ctrl Pts',(22.3851218279469,-65.6943839173985,0.01));
#12589=CARTESIAN_POINT('',(22.7537741716969,-66.8027823548985,0.));
#12590=CARTESIAN_POINT('Ctrl Pts',(22.0652976091969,-68.4092276673985,-1.));
#12591=CARTESIAN_POINT('Ctrl Pts',(22.0652976091969,-68.4092276673985,0.01));
#12592=CARTESIAN_POINT('Ctrl Pts',(22.2661022510866,-68.1769435621246,-1.));
#12593=CARTESIAN_POINT('Ctrl Pts',(22.2661022510866,-68.1769435621246,0.01));
#12594=CARTESIAN_POINT('Ctrl Pts',(22.6660270389602,-67.7143239201987,-1.));
#12595=CARTESIAN_POINT('Ctrl Pts',(22.6660270389602,-67.7143239201987,0.01));
#12596=CARTESIAN_POINT('Ctrl Pts',(22.724607374863,-67.1057751343953,-1.));
#12597=CARTESIAN_POINT('Ctrl Pts',(22.724607374863,-67.1057751343953,0.01));
#12598=CARTESIAN_POINT('Ctrl Pts',(22.7537741716969,-66.8027823548985,-1.));
#12599=CARTESIAN_POINT('Ctrl Pts',(22.7537741716969,-66.8027823548985,0.01));
#12600=CARTESIAN_POINT('',(22.0652976091969,-68.4092276673985,0.01));
#12601=CARTESIAN_POINT('Ctrl Pts',(22.0652976091969,-68.4092276673985,0.01));
#12602=CARTESIAN_POINT('Ctrl Pts',(22.2661022510866,-68.1769435621246,0.01));
#12603=CARTESIAN_POINT('Ctrl Pts',(22.6660270389602,-67.7143239201987,0.01));
#12604=CARTESIAN_POINT('Ctrl Pts',(22.724607374863,-67.1057751343953,0.01));
#12605=CARTESIAN_POINT('Ctrl Pts',(22.7537741716969,-66.8027823548985,0.01));
#12606=CARTESIAN_POINT('',(22.0652976091969,-68.4092276673985,0.));
#12607=CARTESIAN_POINT('Ctrl Pts',(20.3514304216969,-69.0732901673985,-1.));
#12608=CARTESIAN_POINT('Ctrl Pts',(20.3514304216969,-69.0732901673985,0.01));
#12609=CARTESIAN_POINT('Ctrl Pts',(20.6768635518616,-69.047832433167,-1.));
#12610=CARTESIAN_POINT('Ctrl Pts',(20.6768635518616,-69.047832433167,0.01));
#12611=CARTESIAN_POINT('Ctrl Pts',(21.315339656219,-68.9978862123577,-1.));
#12612=CARTESIAN_POINT('Ctrl Pts',(21.315339656219,-68.9978862123577,0.01));
#12613=CARTESIAN_POINT('Ctrl Pts',(21.818566804306,-68.6028921202214,-1.));
#12614=CARTESIAN_POINT('Ctrl Pts',(21.818566804306,-68.6028921202214,0.01));
#12615=CARTESIAN_POINT('Ctrl Pts',(22.0652976091969,-68.4092276673985,-1.));
#12616=CARTESIAN_POINT('Ctrl Pts',(22.0652976091969,-68.4092276673985,0.01));
#12617=CARTESIAN_POINT('',(20.3514304216969,-69.0732901673985,0.01));
#12618=CARTESIAN_POINT('Ctrl Pts',(20.3514304216969,-69.0732901673985,0.01));
#12619=CARTESIAN_POINT('Ctrl Pts',(20.6768635518616,-69.047832433167,0.01));
#12620=CARTESIAN_POINT('Ctrl Pts',(21.315339656219,-68.9978862123577,0.01));
#12621=CARTESIAN_POINT('Ctrl Pts',(21.818566804306,-68.6028921202214,0.01));
#12622=CARTESIAN_POINT('Ctrl Pts',(22.0652976091969,-68.4092276673985,0.01));
#12623=CARTESIAN_POINT('',(20.3514304216969,-69.0732901673985,0.));
#12624=CARTESIAN_POINT('Ctrl Pts',(18.7401022966969,-68.5142081361485,-1.));
#12625=CARTESIAN_POINT('Ctrl Pts',(18.7401022966969,-68.5142081361485,0.01));
#12626=CARTESIAN_POINT('Ctrl Pts',(18.9727460240515,-68.6772124076551,-1.));
#12627=CARTESIAN_POINT('Ctrl Pts',(18.9727460240515,-68.6772124076551,0.01));
#12628=CARTESIAN_POINT('Ctrl Pts',(19.4558820805611,-69.0157267610203,-1.));
#12629=CARTESIAN_POINT('Ctrl Pts',(19.4558820805611,-69.0157267610203,0.01));
#12630=CARTESIAN_POINT('Ctrl Pts',(20.0456516456497,-69.0536355411333,-1.));
#12631=CARTESIAN_POINT('Ctrl Pts',(20.0456516456497,-69.0536355411333,0.01));
#12632=CARTESIAN_POINT('Ctrl Pts',(20.3514304216969,-69.0732901673985,-1.));
#12633=CARTESIAN_POINT('Ctrl Pts',(20.3514304216969,-69.0732901673985,0.01));
#12634=CARTESIAN_POINT('',(18.7401022966969,-68.5142081361485,0.01));
#12635=CARTESIAN_POINT('Ctrl Pts',(18.7401022966969,-68.5142081361485,0.01));
#12636=CARTESIAN_POINT('Ctrl Pts',(18.9727460240515,-68.6772124076551,0.01));
#12637=CARTESIAN_POINT('Ctrl Pts',(19.4558820805611,-69.0157267610203,0.01));
#12638=CARTESIAN_POINT('Ctrl Pts',(20.0456516456497,-69.0536355411333,0.01));
#12639=CARTESIAN_POINT('Ctrl Pts',(20.3514304216969,-69.0732901673985,0.01));
#12640=CARTESIAN_POINT('',(18.7401022966969,-68.5142081361485,0.));
#12641=CARTESIAN_POINT('Ctrl Pts',(17.9979147966969,-67.0518057923985,-1.));
#12642=CARTESIAN_POINT('Ctrl Pts',(17.9979147966969,-67.0518057923985,0.01));
#12643=CARTESIAN_POINT('Ctrl Pts',(18.0524118353806,-67.336742476364,-1.));
#12644=CARTESIAN_POINT('Ctrl Pts',(18.0524118353806,-67.336742476364,0.01));
#12645=CARTESIAN_POINT('Ctrl Pts',(18.1593971480069,-67.8961130577581,-1.));
#12646=CARTESIAN_POINT('Ctrl Pts',(18.1593971480069,-67.8961130577581,0.01));
#12647=CARTESIAN_POINT('Ctrl Pts',(18.5489721441738,-68.3107716643468,-1.));
#12648=CARTESIAN_POINT('Ctrl Pts',(18.5489721441738,-68.3107716643468,0.01));
#12649=CARTESIAN_POINT('Ctrl Pts',(18.7401022966969,-68.5142081361485,-1.));
#12650=CARTESIAN_POINT('Ctrl Pts',(18.7401022966969,-68.5142081361485,0.01));
#12651=CARTESIAN_POINT('Ctrl Pts',(17.9979147966969,-67.0518057923985,0.01));
#12652=CARTESIAN_POINT('Ctrl Pts',(18.0524118353806,-67.336742476364,0.01));
#12653=CARTESIAN_POINT('Ctrl Pts',(18.1593971480069,-67.8961130577581,0.01));
#12654=CARTESIAN_POINT('Ctrl Pts',(18.5489721441738,-68.3107716643468,0.01));
#12655=CARTESIAN_POINT('Ctrl Pts',(18.7401022966969,-68.5142081361485,0.01));
#12656=CARTESIAN_POINT('Origin',(40.5174460466969,-66.3437979798985,0.01));
#12657=CARTESIAN_POINT('Origin',(40.5174460466969,-66.3437979798985,-1.));
#12658=CARTESIAN_POINT('',(55.1170554216969,-68.9512198548985,-1.));
#12659=CARTESIAN_POINT('',(53.8426413591969,-68.9512198548985,-1.));
#12660=CARTESIAN_POINT('',(55.1170554216969,-68.9512198548985,-1.));
#12661=CARTESIAN_POINT('',(53.8426413591969,-61.7930167298985,-1.));
#12662=CARTESIAN_POINT('',(53.8426413591969,-68.9512198548985,-1.));
#12663=CARTESIAN_POINT('',(55.2147116716969,-61.7930167298985,-1.));
#12664=CARTESIAN_POINT('',(53.8426413591969,-61.7930167298985,-1.));
#12665=CARTESIAN_POINT('',(55.2147116716969,-64.3711417298985,-1.));
#12666=CARTESIAN_POINT('',(55.2147116716969,-61.7930167298985,-1.));
#12667=CARTESIAN_POINT('',(56.7186179216969,-63.6484854798985,-1.));
#12668=CARTESIAN_POINT('Ctrl Pts',(55.2147116716969,-64.3711417298985,-1.));
#12669=CARTESIAN_POINT('Ctrl Pts',(55.4316293860415,-64.1604191852308,-1.));
#12670=CARTESIAN_POINT('Ctrl Pts',(55.8532341037334,-63.7508554978003,-1.));
#12671=CARTESIAN_POINT('Ctrl Pts',(56.4357899447434,-63.681942432135,-1.));
#12672=CARTESIAN_POINT('Ctrl Pts',(56.7186179216969,-63.6484854798985,-1.));
#12673=CARTESIAN_POINT('',(58.2860007341969,-64.3345206361485,-1.));
#12674=CARTESIAN_POINT('Ctrl Pts',(56.7186179216969,-63.6484854798985,-1.));
#12675=CARTESIAN_POINT('Ctrl Pts',(57.0200222021707,-63.6762781611927,-1.));
#12676=CARTESIAN_POINT('Ctrl Pts',(57.6187255910232,-63.7314849832392,-1.));
#12677=CARTESIAN_POINT('Ctrl Pts',(58.0645947607517,-64.1344297184507,-1.));
#12678=CARTESIAN_POINT('Ctrl Pts',(58.2860007341969,-64.3345206361485,-1.));
#12679=CARTESIAN_POINT('',(58.9061179216969,-66.3047354798985,-1.));
#12680=CARTESIAN_POINT('Ctrl Pts',(58.2860007341969,-64.3345206361485,-1.));
#12681=CARTESIAN_POINT('Ctrl Pts',(58.4664851427925,-64.6045566034481,-1.));
#12682=CARTESIAN_POINT('Ctrl Pts',(58.8631055028402,-65.1979694273568,-1.));
#12683=CARTESIAN_POINT('Ctrl Pts',(58.8909462622633,-65.914348748156,-1.));
#12684=CARTESIAN_POINT('Ctrl Pts',(58.9061179216969,-66.3047354798985,-1.));
#12685=CARTESIAN_POINT('',(58.2737937029469,-68.3506339173985,-1.));
#12686=CARTESIAN_POINT('Ctrl Pts',(58.9061179216969,-66.3047354798985,-1.));
#12687=CARTESIAN_POINT('Ctrl Pts',(58.8905985266481,-66.7087474343687,-1.));
#12688=CARTESIAN_POINT('Ctrl Pts',(58.8621103638858,-67.4503715943727,-1.));
#12689=CARTESIAN_POINT('Ctrl Pts',(58.4578339111851,-68.0690092815531,-1.));
#12690=CARTESIAN_POINT('Ctrl Pts',(58.2737937029469,-68.3506339173985,-1.));
#12691=CARTESIAN_POINT('',(56.7381491716969,-69.0684073548985,-1.));
#12692=CARTESIAN_POINT('Ctrl Pts',(58.2737937029469,-68.3506339173985,-1.));
#12693=CARTESIAN_POINT('Ctrl Pts',(58.0542726225641,-68.559968148324,-1.));
#12694=CARTESIAN_POINT('Ctrl Pts',(57.6223143792614,-68.9718814210542,-1.));
#12695=CARTESIAN_POINT('Ctrl Pts',(57.0296309954867,-69.0365857507466,-1.));
#12696=CARTESIAN_POINT('Ctrl Pts',(56.7381491716969,-69.0684073548985,-1.));
#12697=CARTESIAN_POINT('',(55.8616843279469,-68.8462393861485,-1.));
#12698=CARTESIAN_POINT('Ctrl Pts',(56.7381491716969,-69.0684073548985,-1.));
#12699=CARTESIAN_POINT('Ctrl Pts',(56.5889444397578,-69.0583169455416,-1.));
#12700=CARTESIAN_POINT('Ctrl Pts',(56.2834150346224,-69.0376546198345,-1.));
#12701=CARTESIAN_POINT('Ctrl Pts',(56.0044283633271,-68.9110280829569,-1.));
#12702=CARTESIAN_POINT('Ctrl Pts',(55.8616843279469,-68.8462393861485,-1.));
#12703=CARTESIAN_POINT('',(55.1170554216969,-68.1895011048985,-1.));
#12704=CARTESIAN_POINT('Ctrl Pts',(55.8616843279469,-68.8462393861485,-1.));
#12705=CARTESIAN_POINT('Ctrl Pts',(55.7213837776098,-68.7615864148483,-1.));
#12706=CARTESIAN_POINT('Ctrl Pts',(55.4335267089122,-68.5879024477044,-1.));
#12707=CARTESIAN_POINT('Ctrl Pts',(55.224303800458,-68.3245146111416,-1.));
#12708=CARTESIAN_POINT('Ctrl Pts',(55.1170554216969,-68.1895011048985,-1.));
#12709=CARTESIAN_POINT('',(55.1170554216969,-68.1895011048985,-1.));
#12710=CARTESIAN_POINT('',(55.5320944841969,-65.0815909486485,-1.));
#12711=CARTESIAN_POINT('',(55.2049460466969,-66.2461417298985,-1.));
#12712=CARTESIAN_POINT('Ctrl Pts',(55.5320944841969,-65.0815909486485,-1.));
#12713=CARTESIAN_POINT('Ctrl Pts',(55.4370164487338,-65.2384845973634,-1.));
#12714=CARTESIAN_POINT('Ctrl Pts',(55.2213875943405,-65.5943059768146,-1.));
#12715=CARTESIAN_POINT('Ctrl Pts',(55.2108418285962,-66.0123996566035,-1.));
#12716=CARTESIAN_POINT('Ctrl Pts',(55.2049460466969,-66.2461417298985,-1.));
#12717=CARTESIAN_POINT('',(55.4588522966969,-67.4375479798985,-1.));
#12718=CARTESIAN_POINT('Ctrl Pts',(55.2049460466969,-66.2461417298985,-1.));
#12719=CARTESIAN_POINT('Ctrl Pts',(55.2078905002922,-66.4839726713002,-1.));
#12720=CARTESIAN_POINT('Ctrl Pts',(55.2130379026043,-66.8997413353309,-1.));
#12721=CARTESIAN_POINT('Ctrl Pts',(55.3851801003772,-67.2763637789208,-1.));
#12722=CARTESIAN_POINT('Ctrl Pts',(55.4588522966969,-67.4375479798985,-1.));
#12723=CARTESIAN_POINT('',(56.4061179216969,-67.9844229798985,-1.));
#12724=CARTESIAN_POINT('Ctrl Pts',(55.4588522966969,-67.4375479798985,-1.));
#12725=CARTESIAN_POINT('Ctrl Pts',(55.584312903196,-67.5970108671237,-1.));
#12726=CARTESIAN_POINT('Ctrl Pts',(55.8279226783615,-67.9066436609395,-1.));
#12727=CARTESIAN_POINT('Ctrl Pts',(56.2172814368174,-67.9590205343443,-1.));
#12728=CARTESIAN_POINT('Ctrl Pts',(56.4061179216969,-67.9844229798985,-1.));
#12729=CARTESIAN_POINT('',(57.1800437029469,-67.5962393861485,-1.));
#12730=CARTESIAN_POINT('Ctrl Pts',(56.4061179216969,-67.9844229798985,-1.));
#12731=CARTESIAN_POINT('Ctrl Pts',(56.5533657304764,-67.9664188055039,-1.));
#12732=CARTESIAN_POINT('Ctrl Pts',(56.856830591652,-67.9293137760402,-1.));
#12733=CARTESIAN_POINT('Ctrl Pts',(57.0702038374844,-67.7094304817329,-1.));
#12734=CARTESIAN_POINT('Ctrl Pts',(57.1800437029469,-67.5962393861485,-1.));
#12735=CARTESIAN_POINT('',(57.4998679216969,-66.3730948548985,-1.));
#12736=CARTESIAN_POINT('Ctrl Pts',(57.1800437029469,-67.5962393861485,-1.));
#12737=CARTESIAN_POINT('Ctrl Pts',(57.2728971742166,-67.4333046852981,-1.));
#12738=CARTESIAN_POINT('Ctrl Pts',(57.4876136608045,-67.0565307636403,-1.));
#12739=CARTESIAN_POINT('Ctrl Pts',(57.4954311061024,-66.6205417735145,-1.));
#12740=CARTESIAN_POINT('Ctrl Pts',(57.4998679216969,-66.3730948548985,-1.));
#12741=CARTESIAN_POINT('',(57.1776022966969,-65.0913565736485,-1.));
#12742=CARTESIAN_POINT('Ctrl Pts',(57.4998679216969,-66.3730948548985,-1.));
#12743=CARTESIAN_POINT('Ctrl Pts',(57.4964638835425,-66.1116519602732,-1.));
#12744=CARTESIAN_POINT('Ctrl Pts',(57.4905337000818,-65.6561916336501,-1.));
#12745=CARTESIAN_POINT('Ctrl Pts',(57.2710837846621,-65.2600888302796,-1.));
#12746=CARTESIAN_POINT('Ctrl Pts',(57.1776022966969,-65.0913565736485,-1.));
#12747=CARTESIAN_POINT('',(56.3524069841969,-64.6982901673985,-1.));
#12748=CARTESIAN_POINT('Ctrl Pts',(57.1776022966969,-65.0913565736485,-1.));
#12749=CARTESIAN_POINT('Ctrl Pts',(57.0629115849119,-64.9767125149644,-1.));
#12750=CARTESIAN_POINT('Ctrl Pts',(56.834232361886,-64.7481263125041,-1.));
#12751=CARTESIAN_POINT('Ctrl Pts',(56.5126863218427,-64.7148681740752,-1.));
#12752=CARTESIAN_POINT('Ctrl Pts',(56.3524069841969,-64.6982901673985,-1.));
#12753=CARTESIAN_POINT('Ctrl Pts',(56.3524069841969,-64.6982901673985,-1.));
#12754=CARTESIAN_POINT('Ctrl Pts',(56.1946020503095,-64.7146544812738,-1.));
#12755=CARTESIAN_POINT('Ctrl Pts',(55.8770179375472,-64.7475878375068,-1.));
#12756=CARTESIAN_POINT('Ctrl Pts',(55.6475444719033,-64.9697961295352,-1.));
#12757=CARTESIAN_POINT('Ctrl Pts',(55.5320944841969,-65.0815909486485,-1.));
#12758=CARTESIAN_POINT('Ctrl Pts',(55.4588522966969,-67.4375479798985,-1.));
#12759=CARTESIAN_POINT('Ctrl Pts',(55.4588522966969,-67.4375479798985,0.01));
#12760=CARTESIAN_POINT('Ctrl Pts',(55.3851801003772,-67.2763637789208,-1.));
#12761=CARTESIAN_POINT('Ctrl Pts',(55.3851801003772,-67.2763637789208,0.01));
#12762=CARTESIAN_POINT('Ctrl Pts',(55.2130379026043,-66.8997413353309,-1.));
#12763=CARTESIAN_POINT('Ctrl Pts',(55.2130379026043,-66.8997413353309,0.01));
#12764=CARTESIAN_POINT('Ctrl Pts',(55.2078905002922,-66.4839726713002,-1.));
#12765=CARTESIAN_POINT('Ctrl Pts',(55.2078905002922,-66.4839726713002,0.01));
#12766=CARTESIAN_POINT('Ctrl Pts',(55.2049460466969,-66.2461417298985,-1.));
#12767=CARTESIAN_POINT('Ctrl Pts',(55.2049460466969,-66.2461417298985,0.01));
#12768=CARTESIAN_POINT('',(55.2049460466969,-66.2461417298985,0.01));
#12769=CARTESIAN_POINT('',(55.2049460466969,-66.2461417298985,0.));
#12770=CARTESIAN_POINT('',(55.4588522966969,-67.4375479798985,0.01));
#12771=CARTESIAN_POINT('Ctrl Pts',(55.4588522966969,-67.4375479798985,0.01));
#12772=CARTESIAN_POINT('Ctrl Pts',(55.3851801003772,-67.2763637789208,0.01));
#12773=CARTESIAN_POINT('Ctrl Pts',(55.2130379026043,-66.8997413353309,0.01));
#12774=CARTESIAN_POINT('Ctrl Pts',(55.2078905002922,-66.4839726713002,0.01));
#12775=CARTESIAN_POINT('Ctrl Pts',(55.2049460466969,-66.2461417298985,0.01));
#12776=CARTESIAN_POINT('',(55.4588522966969,-67.4375479798985,0.));
#12777=CARTESIAN_POINT('Ctrl Pts',(56.4061179216969,-67.9844229798985,-1.));
#12778=CARTESIAN_POINT('Ctrl Pts',(56.4061179216969,-67.9844229798985,0.01));
#12779=CARTESIAN_POINT('Ctrl Pts',(56.2172814368174,-67.9590205343443,-1.));
#12780=CARTESIAN_POINT('Ctrl Pts',(56.2172814368174,-67.9590205343443,0.01));
#12781=CARTESIAN_POINT('Ctrl Pts',(55.8279226783615,-67.9066436609395,-1.));
#12782=CARTESIAN_POINT('Ctrl Pts',(55.8279226783615,-67.9066436609395,0.01));
#12783=CARTESIAN_POINT('Ctrl Pts',(55.584312903196,-67.5970108671237,-1.));
#12784=CARTESIAN_POINT('Ctrl Pts',(55.584312903196,-67.5970108671237,0.01));
#12785=CARTESIAN_POINT('Ctrl Pts',(55.4588522966969,-67.4375479798985,-1.));
#12786=CARTESIAN_POINT('Ctrl Pts',(55.4588522966969,-67.4375479798985,0.01));
#12787=CARTESIAN_POINT('',(56.4061179216969,-67.9844229798985,0.01));
#12788=CARTESIAN_POINT('Ctrl Pts',(56.4061179216969,-67.9844229798985,0.01));
#12789=CARTESIAN_POINT('Ctrl Pts',(56.2172814368174,-67.9590205343443,0.01));
#12790=CARTESIAN_POINT('Ctrl Pts',(55.8279226783615,-67.9066436609395,0.01));
#12791=CARTESIAN_POINT('Ctrl Pts',(55.584312903196,-67.5970108671237,0.01));
#12792=CARTESIAN_POINT('Ctrl Pts',(55.4588522966969,-67.4375479798985,0.01));
#12793=CARTESIAN_POINT('',(56.4061179216969,-67.9844229798985,0.));
#12794=CARTESIAN_POINT('Ctrl Pts',(57.1800437029469,-67.5962393861485,-1.));
#12795=CARTESIAN_POINT('Ctrl Pts',(57.1800437029469,-67.5962393861485,0.01));
#12796=CARTESIAN_POINT('Ctrl Pts',(57.0702038374844,-67.7094304817329,-1.));
#12797=CARTESIAN_POINT('Ctrl Pts',(57.0702038374844,-67.7094304817329,0.01));
#12798=CARTESIAN_POINT('Ctrl Pts',(56.856830591652,-67.9293137760402,-1.));
#12799=CARTESIAN_POINT('Ctrl Pts',(56.856830591652,-67.9293137760402,0.01));
#12800=CARTESIAN_POINT('Ctrl Pts',(56.5533657304764,-67.9664188055039,-1.));
#12801=CARTESIAN_POINT('Ctrl Pts',(56.5533657304764,-67.9664188055039,0.01));
#12802=CARTESIAN_POINT('Ctrl Pts',(56.4061179216969,-67.9844229798985,-1.));
#12803=CARTESIAN_POINT('Ctrl Pts',(56.4061179216969,-67.9844229798985,0.01));
#12804=CARTESIAN_POINT('',(57.1800437029469,-67.5962393861485,0.01));
#12805=CARTESIAN_POINT('Ctrl Pts',(57.1800437029469,-67.5962393861485,0.01));
#12806=CARTESIAN_POINT('Ctrl Pts',(57.0702038374844,-67.7094304817329,0.01));
#12807=CARTESIAN_POINT('Ctrl Pts',(56.856830591652,-67.9293137760402,0.01));
#12808=CARTESIAN_POINT('Ctrl Pts',(56.5533657304764,-67.9664188055039,0.01));
#12809=CARTESIAN_POINT('Ctrl Pts',(56.4061179216969,-67.9844229798985,0.01));
#12810=CARTESIAN_POINT('',(57.1800437029469,-67.5962393861485,0.));
#12811=CARTESIAN_POINT('Ctrl Pts',(57.4998679216969,-66.3730948548985,-1.));
#12812=CARTESIAN_POINT('Ctrl Pts',(57.4998679216969,-66.3730948548985,0.01));
#12813=CARTESIAN_POINT('Ctrl Pts',(57.4954311061024,-66.6205417735145,-1.));
#12814=CARTESIAN_POINT('Ctrl Pts',(57.4954311061024,-66.6205417735145,0.01));
#12815=CARTESIAN_POINT('Ctrl Pts',(57.4876136608045,-67.0565307636403,-1.));
#12816=CARTESIAN_POINT('Ctrl Pts',(57.4876136608045,-67.0565307636403,0.01));
#12817=CARTESIAN_POINT('Ctrl Pts',(57.2728971742166,-67.4333046852981,-1.));
#12818=CARTESIAN_POINT('Ctrl Pts',(57.2728971742166,-67.4333046852981,0.01));
#12819=CARTESIAN_POINT('Ctrl Pts',(57.1800437029469,-67.5962393861485,-1.));
#12820=CARTESIAN_POINT('Ctrl Pts',(57.1800437029469,-67.5962393861485,0.01));
#12821=CARTESIAN_POINT('',(57.4998679216969,-66.3730948548985,0.01));
#12822=CARTESIAN_POINT('Ctrl Pts',(57.4998679216969,-66.3730948548985,0.01));
#12823=CARTESIAN_POINT('Ctrl Pts',(57.4954311061024,-66.6205417735145,0.01));
#12824=CARTESIAN_POINT('Ctrl Pts',(57.4876136608045,-67.0565307636403,0.01));
#12825=CARTESIAN_POINT('Ctrl Pts',(57.2728971742166,-67.4333046852981,0.01));
#12826=CARTESIAN_POINT('Ctrl Pts',(57.1800437029469,-67.5962393861485,0.01));
#12827=CARTESIAN_POINT('',(57.4998679216969,-66.3730948548985,0.));
#12828=CARTESIAN_POINT('Ctrl Pts',(57.1776022966969,-65.0913565736485,-1.));
#12829=CARTESIAN_POINT('Ctrl Pts',(57.1776022966969,-65.0913565736485,0.01));
#12830=CARTESIAN_POINT('Ctrl Pts',(57.2710837846621,-65.2600888302796,-1.));
#12831=CARTESIAN_POINT('Ctrl Pts',(57.2710837846621,-65.2600888302796,0.01));
#12832=CARTESIAN_POINT('Ctrl Pts',(57.4905337000818,-65.6561916336501,-1.));
#12833=CARTESIAN_POINT('Ctrl Pts',(57.4905337000818,-65.6561916336501,0.01));
#12834=CARTESIAN_POINT('Ctrl Pts',(57.4964638835425,-66.1116519602732,-1.));
#12835=CARTESIAN_POINT('Ctrl Pts',(57.4964638835425,-66.1116519602732,0.01));
#12836=CARTESIAN_POINT('Ctrl Pts',(57.4998679216969,-66.3730948548985,-1.));
#12837=CARTESIAN_POINT('Ctrl Pts',(57.4998679216969,-66.3730948548985,0.01));
#12838=CARTESIAN_POINT('',(57.1776022966969,-65.0913565736485,0.01));
#12839=CARTESIAN_POINT('Ctrl Pts',(57.1776022966969,-65.0913565736485,0.01));
#12840=CARTESIAN_POINT('Ctrl Pts',(57.2710837846621,-65.2600888302796,0.01));
#12841=CARTESIAN_POINT('Ctrl Pts',(57.4905337000818,-65.6561916336501,0.01));
#12842=CARTESIAN_POINT('Ctrl Pts',(57.4964638835425,-66.1116519602732,0.01));
#12843=CARTESIAN_POINT('Ctrl Pts',(57.4998679216969,-66.3730948548985,0.01));
#12844=CARTESIAN_POINT('',(57.1776022966969,-65.0913565736485,0.));
#12845=CARTESIAN_POINT('Ctrl Pts',(56.3524069841969,-64.6982901673985,-1.));
#12846=CARTESIAN_POINT('Ctrl Pts',(56.3524069841969,-64.6982901673985,0.01));
#12847=CARTESIAN_POINT('Ctrl Pts',(56.5126863218427,-64.7148681740752,-1.));
#12848=CARTESIAN_POINT('Ctrl Pts',(56.5126863218427,-64.7148681740752,0.01));
#12849=CARTESIAN_POINT('Ctrl Pts',(56.834232361886,-64.7481263125041,-1.));
#12850=CARTESIAN_POINT('Ctrl Pts',(56.834232361886,-64.7481263125041,0.01));
#12851=CARTESIAN_POINT('Ctrl Pts',(57.0629115849119,-64.9767125149644,-1.));
#12852=CARTESIAN_POINT('Ctrl Pts',(57.0629115849119,-64.9767125149644,0.01));
#12853=CARTESIAN_POINT('Ctrl Pts',(57.1776022966969,-65.0913565736485,-1.));
#12854=CARTESIAN_POINT('Ctrl Pts',(57.1776022966969,-65.0913565736485,0.01));
#12855=CARTESIAN_POINT('',(56.3524069841969,-64.6982901673985,0.01));
#12856=CARTESIAN_POINT('Ctrl Pts',(56.3524069841969,-64.6982901673985,0.01));
#12857=CARTESIAN_POINT('Ctrl Pts',(56.5126863218427,-64.7148681740752,0.01));
#12858=CARTESIAN_POINT('Ctrl Pts',(56.834232361886,-64.7481263125041,0.01));
#12859=CARTESIAN_POINT('Ctrl Pts',(57.0629115849119,-64.9767125149644,0.01));
#12860=CARTESIAN_POINT('Ctrl Pts',(57.1776022966969,-65.0913565736485,0.01));
#12861=CARTESIAN_POINT('',(56.3524069841969,-64.6982901673985,0.));
#12862=CARTESIAN_POINT('Ctrl Pts',(55.5320944841969,-65.0815909486485,-1.));
#12863=CARTESIAN_POINT('Ctrl Pts',(55.5320944841969,-65.0815909486485,0.01));
#12864=CARTESIAN_POINT('Ctrl Pts',(55.6475444719033,-64.9697961295352,-1.));
#12865=CARTESIAN_POINT('Ctrl Pts',(55.6475444719033,-64.9697961295352,0.01));
#12866=CARTESIAN_POINT('Ctrl Pts',(55.8770179375472,-64.7475878375068,-1.));
#12867=CARTESIAN_POINT('Ctrl Pts',(55.8770179375472,-64.7475878375068,0.01));
#12868=CARTESIAN_POINT('Ctrl Pts',(56.1946020503095,-64.7146544812738,-1.));
#12869=CARTESIAN_POINT('Ctrl Pts',(56.1946020503095,-64.7146544812738,0.01));
#12870=CARTESIAN_POINT('Ctrl Pts',(56.3524069841969,-64.6982901673985,-1.));
#12871=CARTESIAN_POINT('Ctrl Pts',(56.3524069841969,-64.6982901673985,0.01));
#12872=CARTESIAN_POINT('',(55.5320944841969,-65.0815909486485,0.01));
#12873=CARTESIAN_POINT('Ctrl Pts',(55.5320944841969,-65.0815909486485,0.01));
#12874=CARTESIAN_POINT('Ctrl Pts',(55.6475444719033,-64.9697961295352,0.01));
#12875=CARTESIAN_POINT('Ctrl Pts',(55.8770179375472,-64.7475878375068,0.01));
#12876=CARTESIAN_POINT('Ctrl Pts',(56.1946020503095,-64.7146544812738,0.01));
#12877=CARTESIAN_POINT('Ctrl Pts',(56.3524069841969,-64.6982901673985,0.01));
#12878=CARTESIAN_POINT('',(55.5320944841969,-65.0815909486485,0.));
#12879=CARTESIAN_POINT('Ctrl Pts',(55.2049460466969,-66.2461417298985,-1.));
#12880=CARTESIAN_POINT('Ctrl Pts',(55.2049460466969,-66.2461417298985,0.01));
#12881=CARTESIAN_POINT('Ctrl Pts',(55.2108418285962,-66.0123996566035,-1.));
#12882=CARTESIAN_POINT('Ctrl Pts',(55.2108418285962,-66.0123996566035,0.01));
#12883=CARTESIAN_POINT('Ctrl Pts',(55.2213875943405,-65.5943059768146,-1.));
#12884=CARTESIAN_POINT('Ctrl Pts',(55.2213875943405,-65.5943059768146,0.01));
#12885=CARTESIAN_POINT('Ctrl Pts',(55.4370164487338,-65.2384845973634,-1.));
#12886=CARTESIAN_POINT('Ctrl Pts',(55.4370164487338,-65.2384845973634,0.01));
#12887=CARTESIAN_POINT('Ctrl Pts',(55.5320944841969,-65.0815909486485,-1.));
#12888=CARTESIAN_POINT('Ctrl Pts',(55.5320944841969,-65.0815909486485,0.01));
#12889=CARTESIAN_POINT('Ctrl Pts',(55.2049460466969,-66.2461417298985,0.01));
#12890=CARTESIAN_POINT('Ctrl Pts',(55.2108418285962,-66.0123996566035,0.01));
#12891=CARTESIAN_POINT('Ctrl Pts',(55.2213875943405,-65.5943059768146,0.01));
#12892=CARTESIAN_POINT('Ctrl Pts',(55.4370164487338,-65.2384845973634,0.01));
#12893=CARTESIAN_POINT('Ctrl Pts',(55.5320944841969,-65.0815909486485,0.01));
#12894=CARTESIAN_POINT('Origin',(53.8426413591969,-61.7930167298985,0.));
#12895=CARTESIAN_POINT('',(53.8426413591969,-68.9512198548985,0.01));
#12896=CARTESIAN_POINT('',(53.8426413591969,-68.9512198548985,0.));
#12897=CARTESIAN_POINT('',(53.8426413591969,-61.7930167298985,0.01));
#12898=CARTESIAN_POINT('',(53.8426413591969,-68.9512198548985,0.01));
#12899=CARTESIAN_POINT('',(53.8426413591969,-61.7930167298985,0.));
#12900=CARTESIAN_POINT('Origin',(55.2147116716969,-61.7930167298985,0.));
#12901=CARTESIAN_POINT('',(55.2147116716969,-61.7930167298985,0.01));
#12902=CARTESIAN_POINT('',(53.8426413591969,-61.7930167298985,0.01));
#12903=CARTESIAN_POINT('',(55.2147116716969,-61.7930167298985,0.));
#12904=CARTESIAN_POINT('Origin',(55.2147116716969,-64.3711417298985,0.));
#12905=CARTESIAN_POINT('',(55.2147116716969,-64.3711417298985,0.01));
#12906=CARTESIAN_POINT('',(55.2147116716969,-61.7930167298985,0.01));
#12907=CARTESIAN_POINT('',(55.2147116716969,-64.3711417298985,0.));
#12908=CARTESIAN_POINT('Ctrl Pts',(56.7186179216969,-63.6484854798985,-1.));
#12909=CARTESIAN_POINT('Ctrl Pts',(56.7186179216969,-63.6484854798985,0.01));
#12910=CARTESIAN_POINT('Ctrl Pts',(56.4357899447434,-63.681942432135,-1.));
#12911=CARTESIAN_POINT('Ctrl Pts',(56.4357899447434,-63.681942432135,0.01));
#12912=CARTESIAN_POINT('Ctrl Pts',(55.8532341037334,-63.7508554978003,-1.));
#12913=CARTESIAN_POINT('Ctrl Pts',(55.8532341037334,-63.7508554978003,0.01));
#12914=CARTESIAN_POINT('Ctrl Pts',(55.4316293860415,-64.1604191852308,-1.));
#12915=CARTESIAN_POINT('Ctrl Pts',(55.4316293860415,-64.1604191852308,0.01));
#12916=CARTESIAN_POINT('Ctrl Pts',(55.2147116716969,-64.3711417298985,-1.));
#12917=CARTESIAN_POINT('Ctrl Pts',(55.2147116716969,-64.3711417298985,0.01));
#12918=CARTESIAN_POINT('',(56.7186179216969,-63.6484854798985,0.01));
#12919=CARTESIAN_POINT('Ctrl Pts',(56.7186179216969,-63.6484854798985,0.01));
#12920=CARTESIAN_POINT('Ctrl Pts',(56.4357899447434,-63.681942432135,0.01));
#12921=CARTESIAN_POINT('Ctrl Pts',(55.8532341037334,-63.7508554978003,0.01));
#12922=CARTESIAN_POINT('Ctrl Pts',(55.4316293860415,-64.1604191852308,0.01));
#12923=CARTESIAN_POINT('Ctrl Pts',(55.2147116716969,-64.3711417298985,0.01));
#12924=CARTESIAN_POINT('',(56.7186179216969,-63.6484854798985,0.));
#12925=CARTESIAN_POINT('Ctrl Pts',(58.2860007341969,-64.3345206361485,-1.));
#12926=CARTESIAN_POINT('Ctrl Pts',(58.2860007341969,-64.3345206361485,0.01));
#12927=CARTESIAN_POINT('Ctrl Pts',(58.0645947607517,-64.1344297184507,-1.));
#12928=CARTESIAN_POINT('Ctrl Pts',(58.0645947607517,-64.1344297184507,0.01));
#12929=CARTESIAN_POINT('Ctrl Pts',(57.6187255910232,-63.7314849832392,-1.));
#12930=CARTESIAN_POINT('Ctrl Pts',(57.6187255910232,-63.7314849832392,0.01));
#12931=CARTESIAN_POINT('Ctrl Pts',(57.0200222021707,-63.6762781611927,-1.));
#12932=CARTESIAN_POINT('Ctrl Pts',(57.0200222021707,-63.6762781611927,0.01));
#12933=CARTESIAN_POINT('Ctrl Pts',(56.7186179216969,-63.6484854798985,-1.));
#12934=CARTESIAN_POINT('Ctrl Pts',(56.7186179216969,-63.6484854798985,0.01));
#12935=CARTESIAN_POINT('',(58.2860007341969,-64.3345206361485,0.01));
#12936=CARTESIAN_POINT('Ctrl Pts',(58.2860007341969,-64.3345206361485,0.01));
#12937=CARTESIAN_POINT('Ctrl Pts',(58.0645947607517,-64.1344297184507,0.01));
#12938=CARTESIAN_POINT('Ctrl Pts',(57.6187255910232,-63.7314849832392,0.01));
#12939=CARTESIAN_POINT('Ctrl Pts',(57.0200222021707,-63.6762781611927,0.01));
#12940=CARTESIAN_POINT('Ctrl Pts',(56.7186179216969,-63.6484854798985,0.01));
#12941=CARTESIAN_POINT('',(58.2860007341969,-64.3345206361485,0.));
#12942=CARTESIAN_POINT('Ctrl Pts',(58.9061179216969,-66.3047354798985,-1.));
#12943=CARTESIAN_POINT('Ctrl Pts',(58.9061179216969,-66.3047354798985,0.01));
#12944=CARTESIAN_POINT('Ctrl Pts',(58.8909462622633,-65.914348748156,-1.));
#12945=CARTESIAN_POINT('Ctrl Pts',(58.8909462622633,-65.914348748156,0.01));
#12946=CARTESIAN_POINT('Ctrl Pts',(58.8631055028402,-65.1979694273568,-1.));
#12947=CARTESIAN_POINT('Ctrl Pts',(58.8631055028402,-65.1979694273568,0.01));
#12948=CARTESIAN_POINT('Ctrl Pts',(58.4664851427925,-64.6045566034481,-1.));
#12949=CARTESIAN_POINT('Ctrl Pts',(58.4664851427925,-64.6045566034481,0.01));
#12950=CARTESIAN_POINT('Ctrl Pts',(58.2860007341969,-64.3345206361485,-1.));
#12951=CARTESIAN_POINT('Ctrl Pts',(58.2860007341969,-64.3345206361485,0.01));
#12952=CARTESIAN_POINT('',(58.9061179216969,-66.3047354798985,0.01));
#12953=CARTESIAN_POINT('Ctrl Pts',(58.9061179216969,-66.3047354798985,0.01));
#12954=CARTESIAN_POINT('Ctrl Pts',(58.8909462622633,-65.914348748156,0.01));
#12955=CARTESIAN_POINT('Ctrl Pts',(58.8631055028402,-65.1979694273568,0.01));
#12956=CARTESIAN_POINT('Ctrl Pts',(58.4664851427925,-64.6045566034481,0.01));
#12957=CARTESIAN_POINT('Ctrl Pts',(58.2860007341969,-64.3345206361485,0.01));
#12958=CARTESIAN_POINT('',(58.9061179216969,-66.3047354798985,0.));
#12959=CARTESIAN_POINT('Ctrl Pts',(58.2737937029469,-68.3506339173985,-1.));
#12960=CARTESIAN_POINT('Ctrl Pts',(58.2737937029469,-68.3506339173985,0.01));
#12961=CARTESIAN_POINT('Ctrl Pts',(58.4578339111851,-68.0690092815531,-1.));
#12962=CARTESIAN_POINT('Ctrl Pts',(58.4578339111851,-68.0690092815531,0.01));
#12963=CARTESIAN_POINT('Ctrl Pts',(58.8621103638858,-67.4503715943727,-1.));
#12964=CARTESIAN_POINT('Ctrl Pts',(58.8621103638858,-67.4503715943727,0.01));
#12965=CARTESIAN_POINT('Ctrl Pts',(58.8905985266481,-66.7087474343687,-1.));
#12966=CARTESIAN_POINT('Ctrl Pts',(58.8905985266481,-66.7087474343687,0.01));
#12967=CARTESIAN_POINT('Ctrl Pts',(58.9061179216969,-66.3047354798985,-1.));
#12968=CARTESIAN_POINT('Ctrl Pts',(58.9061179216969,-66.3047354798985,0.01));
#12969=CARTESIAN_POINT('',(58.2737937029469,-68.3506339173985,0.01));
#12970=CARTESIAN_POINT('Ctrl Pts',(58.2737937029469,-68.3506339173985,0.01));
#12971=CARTESIAN_POINT('Ctrl Pts',(58.4578339111851,-68.0690092815531,0.01));
#12972=CARTESIAN_POINT('Ctrl Pts',(58.8621103638858,-67.4503715943727,0.01));
#12973=CARTESIAN_POINT('Ctrl Pts',(58.8905985266481,-66.7087474343687,0.01));
#12974=CARTESIAN_POINT('Ctrl Pts',(58.9061179216969,-66.3047354798985,0.01));
#12975=CARTESIAN_POINT('',(58.2737937029469,-68.3506339173985,0.));
#12976=CARTESIAN_POINT('Ctrl Pts',(56.7381491716969,-69.0684073548985,-1.));
#12977=CARTESIAN_POINT('Ctrl Pts',(56.7381491716969,-69.0684073548985,0.01));
#12978=CARTESIAN_POINT('Ctrl Pts',(57.0296309954867,-69.0365857507466,-1.));
#12979=CARTESIAN_POINT('Ctrl Pts',(57.0296309954867,-69.0365857507466,0.01));
#12980=CARTESIAN_POINT('Ctrl Pts',(57.6223143792614,-68.9718814210542,-1.));
#12981=CARTESIAN_POINT('Ctrl Pts',(57.6223143792614,-68.9718814210542,0.01));
#12982=CARTESIAN_POINT('Ctrl Pts',(58.0542726225641,-68.559968148324,-1.));
#12983=CARTESIAN_POINT('Ctrl Pts',(58.0542726225641,-68.559968148324,0.01));
#12984=CARTESIAN_POINT('Ctrl Pts',(58.2737937029469,-68.3506339173985,-1.));
#12985=CARTESIAN_POINT('Ctrl Pts',(58.2737937029469,-68.3506339173985,0.01));
#12986=CARTESIAN_POINT('',(56.7381491716969,-69.0684073548985,0.01));
#12987=CARTESIAN_POINT('Ctrl Pts',(56.7381491716969,-69.0684073548985,0.01));
#12988=CARTESIAN_POINT('Ctrl Pts',(57.0296309954867,-69.0365857507466,0.01));
#12989=CARTESIAN_POINT('Ctrl Pts',(57.6223143792614,-68.9718814210542,0.01));
#12990=CARTESIAN_POINT('Ctrl Pts',(58.0542726225641,-68.559968148324,0.01));
#12991=CARTESIAN_POINT('Ctrl Pts',(58.2737937029469,-68.3506339173985,0.01));
#12992=CARTESIAN_POINT('',(56.7381491716969,-69.0684073548985,0.));
#12993=CARTESIAN_POINT('Ctrl Pts',(55.8616843279469,-68.8462393861485,-1.));
#12994=CARTESIAN_POINT('Ctrl Pts',(55.8616843279469,-68.8462393861485,0.01));
#12995=CARTESIAN_POINT('Ctrl Pts',(56.0044283633271,-68.9110280829569,-1.));
#12996=CARTESIAN_POINT('Ctrl Pts',(56.0044283633271,-68.9110280829569,0.01));
#12997=CARTESIAN_POINT('Ctrl Pts',(56.2834150346224,-69.0376546198345,-1.));
#12998=CARTESIAN_POINT('Ctrl Pts',(56.2834150346224,-69.0376546198345,0.01));
#12999=CARTESIAN_POINT('Ctrl Pts',(56.5889444397578,-69.0583169455416,-1.));
#13000=CARTESIAN_POINT('Ctrl Pts',(56.5889444397578,-69.0583169455416,0.01));
#13001=CARTESIAN_POINT('Ctrl Pts',(56.7381491716969,-69.0684073548985,-1.));
#13002=CARTESIAN_POINT('Ctrl Pts',(56.7381491716969,-69.0684073548985,0.01));
#13003=CARTESIAN_POINT('',(55.8616843279469,-68.8462393861485,0.01));
#13004=CARTESIAN_POINT('Ctrl Pts',(55.8616843279469,-68.8462393861485,0.01));
#13005=CARTESIAN_POINT('Ctrl Pts',(56.0044283633271,-68.9110280829569,0.01));
#13006=CARTESIAN_POINT('Ctrl Pts',(56.2834150346224,-69.0376546198345,0.01));
#13007=CARTESIAN_POINT('Ctrl Pts',(56.5889444397578,-69.0583169455416,0.01));
#13008=CARTESIAN_POINT('Ctrl Pts',(56.7381491716969,-69.0684073548985,0.01));
#13009=CARTESIAN_POINT('',(55.8616843279469,-68.8462393861485,0.));
#13010=CARTESIAN_POINT('Ctrl Pts',(55.1170554216969,-68.1895011048985,-1.));
#13011=CARTESIAN_POINT('Ctrl Pts',(55.1170554216969,-68.1895011048985,0.01));
#13012=CARTESIAN_POINT('Ctrl Pts',(55.224303800458,-68.3245146111416,-1.));
#13013=CARTESIAN_POINT('Ctrl Pts',(55.224303800458,-68.3245146111416,0.01));
#13014=CARTESIAN_POINT('Ctrl Pts',(55.4335267089122,-68.5879024477044,-1.));
#13015=CARTESIAN_POINT('Ctrl Pts',(55.4335267089122,-68.5879024477044,0.01));
#13016=CARTESIAN_POINT('Ctrl Pts',(55.7213837776098,-68.7615864148483,-1.));
#13017=CARTESIAN_POINT('Ctrl Pts',(55.7213837776098,-68.7615864148483,0.01));
#13018=CARTESIAN_POINT('Ctrl Pts',(55.8616843279469,-68.8462393861485,-1.));
#13019=CARTESIAN_POINT('Ctrl Pts',(55.8616843279469,-68.8462393861485,0.01));
#13020=CARTESIAN_POINT('',(55.1170554216969,-68.1895011048985,0.01));
#13021=CARTESIAN_POINT('Ctrl Pts',(55.1170554216969,-68.1895011048985,0.01));
#13022=CARTESIAN_POINT('Ctrl Pts',(55.224303800458,-68.3245146111416,0.01));
#13023=CARTESIAN_POINT('Ctrl Pts',(55.4335267089122,-68.5879024477044,0.01));
#13024=CARTESIAN_POINT('Ctrl Pts',(55.7213837776098,-68.7615864148483,0.01));
#13025=CARTESIAN_POINT('Ctrl Pts',(55.8616843279469,-68.8462393861485,0.01));
#13026=CARTESIAN_POINT('',(55.1170554216969,-68.1895011048985,0.));
#13027=CARTESIAN_POINT('Origin',(55.1170554216969,-68.9512198548985,0.));
#13028=CARTESIAN_POINT('',(55.1170554216969,-68.9512198548985,0.01));
#13029=CARTESIAN_POINT('',(55.1170554216969,-68.1895011048985,0.01));
#13030=CARTESIAN_POINT('',(55.1170554216969,-68.9512198548985,0.));
#13031=CARTESIAN_POINT('Origin',(53.8426413591969,-68.9512198548985,0.));
#13032=CARTESIAN_POINT('',(55.1170554216969,-68.9512198548985,0.01));
#13033=CARTESIAN_POINT('Origin',(40.5174460466969,-66.3437979798985,0.01));
#13034=CARTESIAN_POINT('Origin',(40.5174460466969,-66.3437979798985,-1.));
#13035=CARTESIAN_POINT('',(72.9930319841969,-67.3496573548985,-1.));
#13036=CARTESIAN_POINT('',(72.9930319841969,-68.9512198548985,-1.));
#13037=CARTESIAN_POINT('',(72.9930319841969,-67.3496573548985,-1.));
#13038=CARTESIAN_POINT('',(71.6209616716969,-68.9512198548985,-1.));
#13039=CARTESIAN_POINT('',(72.9930319841969,-68.9512198548985,-1.));
#13040=CARTESIAN_POINT('',(71.6209616716969,-63.7656729798985,-1.));
#13041=CARTESIAN_POINT('',(71.6209616716969,-68.9512198548985,-1.));
#13042=CARTESIAN_POINT('',(72.8953757341969,-63.7656729798985,-1.));
#13043=CARTESIAN_POINT('',(71.6209616716969,-63.7656729798985,-1.));
#13044=CARTESIAN_POINT('',(72.8953757341969,-64.5029776673985,-1.));
#13045=CARTESIAN_POINT('',(72.8953757341969,-63.7656729798985,-1.));
#13046=CARTESIAN_POINT('',(73.4837546404469,-63.8145011048985,-1.));
#13047=CARTESIAN_POINT('Ctrl Pts',(72.8953757341969,-64.5029776673985,-1.));
#13048=CARTESIAN_POINT('Ctrl Pts',(72.9909278970507,-64.351438387952,-1.));
#13049=CARTESIAN_POINT('Ctrl Pts',(73.1540596730063,-64.0927224045057,-1.));
#13050=CARTESIAN_POINT('Ctrl Pts',(73.3871809150132,-63.8959972454269,-1.));
#13051=CARTESIAN_POINT('Ctrl Pts',(73.4837546404469,-63.8145011048985,-1.));
#13052=CARTESIAN_POINT('',(74.0770163591969,-63.6484854798985,-1.));
#13053=CARTESIAN_POINT('Ctrl Pts',(73.4837546404469,-63.8145011048985,-1.));
#13054=CARTESIAN_POINT('Ctrl Pts',(73.5747769420973,-63.7660845966493,-1.));
#13055=CARTESIAN_POINT('Ctrl Pts',(73.760278115118,-63.6674129644124,-1.));
#13056=CARTESIAN_POINT('Ctrl Pts',(73.9701334851496,-63.6548725328709,-1.));
#13057=CARTESIAN_POINT('Ctrl Pts',(74.0770163591969,-63.6484854798985,-1.));
#13058=CARTESIAN_POINT('',(74.9803366716969,-63.9072745423985,-1.));
#13059=CARTESIAN_POINT('Ctrl Pts',(74.0770163591969,-63.6484854798985,-1.));
#13060=CARTESIAN_POINT('Ctrl Pts',(74.2332369739957,-63.6601081282265,-1.));
#13061=CARTESIAN_POINT('Ctrl Pts',(74.5520746771856,-63.6838293157451,-1.));
#13062=CARTESIAN_POINT('Ctrl Pts',(74.8356860838664,-63.8318032566025,-1.));
#13063=CARTESIAN_POINT('Ctrl Pts',(74.9803366716969,-63.9072745423985,-1.));
#13064=CARTESIAN_POINT('',(74.5555319841969,-65.1035636048985,-1.));
#13065=CARTESIAN_POINT('',(74.9803366716969,-63.9072745423985,-1.));
#13066=CARTESIAN_POINT('',(73.9110007341969,-64.8789542298985,-1.));
#13067=CARTESIAN_POINT('Ctrl Pts',(74.5555319841969,-65.1035636048985,-1.));
#13068=CARTESIAN_POINT('Ctrl Pts',(74.4471213956002,-65.0382044858951,-1.));
#13069=CARTESIAN_POINT('Ctrl Pts',(74.24749456673,-64.9178524627828,-1.));
#13070=CARTESIAN_POINT('Ctrl Pts',(74.0165342866012,-64.8911537661207,-1.));
#13071=CARTESIAN_POINT('Ctrl Pts',(73.9110007341969,-64.8789542298985,-1.));
#13072=CARTESIAN_POINT('',(73.4227194841969,-65.0376456361485,-1.));
#13073=CARTESIAN_POINT('Ctrl Pts',(73.9110007341969,-64.8789542298985,-1.));
#13074=CARTESIAN_POINT('Ctrl Pts',(73.8198052665844,-64.8846590588669,-1.));
#13075=CARTESIAN_POINT('Ctrl Pts',(73.6431813893064,-64.895707952392,-1.));
#13076=CARTESIAN_POINT('Ctrl Pts',(73.4945895303049,-64.9913742956601,-1.));
#13077=CARTESIAN_POINT('Ctrl Pts',(73.4227194841969,-65.0376456361485,-1.));
#13078=CARTESIAN_POINT('',(73.1077780779469,-65.6113761048985,-1.));
#13079=CARTESIAN_POINT('Ctrl Pts',(73.4227194841969,-65.0376456361485,-1.));
#13080=CARTESIAN_POINT('Ctrl Pts',(73.357676508204,-65.1087718955496,-1.));
#13081=CARTESIAN_POINT('Ctrl Pts',(73.2069299492075,-65.2736173488109,-1.));
#13082=CARTESIAN_POINT('Ctrl Pts',(73.1437166083984,-65.4889522596739,-1.));
#13083=CARTESIAN_POINT('Ctrl Pts',(73.1077780779469,-65.6113761048985,-1.));
#13084=CARTESIAN_POINT('Ctrl Pts',(73.1077780779469,-65.6113761048985,-1.));
#13085=CARTESIAN_POINT('Ctrl Pts',(73.0748137665553,-65.8250643900889,-1.));
#13086=CARTESIAN_POINT('Ctrl Pts',(72.986051662831,-66.400457017268,-1.));
#13087=CARTESIAN_POINT('Ctrl Pts',(72.9903376925392,-66.9832813075584,-1.));
#13088=CARTESIAN_POINT('Ctrl Pts',(72.9930319841969,-67.3496573548985,-1.));
#13089=CARTESIAN_POINT('Origin',(71.6209616716969,-68.9512198548985,0.));
#13090=CARTESIAN_POINT('',(72.9930319841969,-68.9512198548985,0.01));
#13091=CARTESIAN_POINT('',(72.9930319841969,-68.9512198548985,0.));
#13092=CARTESIAN_POINT('',(71.6209616716969,-68.9512198548985,0.01));
#13093=CARTESIAN_POINT('',(72.9930319841969,-68.9512198548985,0.01));
#13094=CARTESIAN_POINT('',(71.6209616716969,-68.9512198548985,0.));
#13095=CARTESIAN_POINT('Origin',(71.6209616716969,-63.7656729798985,0.));
#13096=CARTESIAN_POINT('',(71.6209616716969,-63.7656729798985,0.01));
#13097=CARTESIAN_POINT('',(71.6209616716969,-68.9512198548985,0.01));
#13098=CARTESIAN_POINT('',(71.6209616716969,-63.7656729798985,0.));
#13099=CARTESIAN_POINT('Origin',(72.8953757341969,-63.7656729798985,0.));
#13100=CARTESIAN_POINT('',(72.8953757341969,-63.7656729798985,0.01));
#13101=CARTESIAN_POINT('',(71.6209616716969,-63.7656729798985,0.01));
#13102=CARTESIAN_POINT('',(72.8953757341969,-63.7656729798985,0.));
#13103=CARTESIAN_POINT('Origin',(72.8953757341969,-64.5029776673985,0.));
#13104=CARTESIAN_POINT('',(72.8953757341969,-64.5029776673985,0.01));
#13105=CARTESIAN_POINT('',(72.8953757341969,-63.7656729798985,0.01));
#13106=CARTESIAN_POINT('',(72.8953757341969,-64.5029776673985,0.));
#13107=CARTESIAN_POINT('Ctrl Pts',(73.4837546404469,-63.8145011048985,-1.));
#13108=CARTESIAN_POINT('Ctrl Pts',(73.4837546404469,-63.8145011048985,0.01));
#13109=CARTESIAN_POINT('Ctrl Pts',(73.3871809150132,-63.8959972454269,-1.));
#13110=CARTESIAN_POINT('Ctrl Pts',(73.3871809150132,-63.8959972454269,0.01));
#13111=CARTESIAN_POINT('Ctrl Pts',(73.1540596730063,-64.0927224045057,-1.));
#13112=CARTESIAN_POINT('Ctrl Pts',(73.1540596730063,-64.0927224045057,0.01));
#13113=CARTESIAN_POINT('Ctrl Pts',(72.9909278970507,-64.351438387952,-1.));
#13114=CARTESIAN_POINT('Ctrl Pts',(72.9909278970507,-64.351438387952,0.01));
#13115=CARTESIAN_POINT('Ctrl Pts',(72.8953757341969,-64.5029776673985,-1.));
#13116=CARTESIAN_POINT('Ctrl Pts',(72.8953757341969,-64.5029776673985,0.01));
#13117=CARTESIAN_POINT('',(73.4837546404469,-63.8145011048985,0.01));
#13118=CARTESIAN_POINT('Ctrl Pts',(73.4837546404469,-63.8145011048985,0.01));
#13119=CARTESIAN_POINT('Ctrl Pts',(73.3871809150132,-63.8959972454269,0.01));
#13120=CARTESIAN_POINT('Ctrl Pts',(73.1540596730063,-64.0927224045057,0.01));
#13121=CARTESIAN_POINT('Ctrl Pts',(72.9909278970507,-64.351438387952,0.01));
#13122=CARTESIAN_POINT('Ctrl Pts',(72.8953757341969,-64.5029776673985,0.01));
#13123=CARTESIAN_POINT('',(73.4837546404469,-63.8145011048985,0.));
#13124=CARTESIAN_POINT('Ctrl Pts',(74.0770163591969,-63.6484854798985,-1.));
#13125=CARTESIAN_POINT('Ctrl Pts',(74.0770163591969,-63.6484854798985,0.01));
#13126=CARTESIAN_POINT('Ctrl Pts',(73.9701334851496,-63.6548725328709,-1.));
#13127=CARTESIAN_POINT('Ctrl Pts',(73.9701334851496,-63.6548725328709,0.01));
#13128=CARTESIAN_POINT('Ctrl Pts',(73.760278115118,-63.6674129644124,-1.));
#13129=CARTESIAN_POINT('Ctrl Pts',(73.760278115118,-63.6674129644124,0.01));
#13130=CARTESIAN_POINT('Ctrl Pts',(73.5747769420973,-63.7660845966493,-1.));
#13131=CARTESIAN_POINT('Ctrl Pts',(73.5747769420973,-63.7660845966493,0.01));
#13132=CARTESIAN_POINT('Ctrl Pts',(73.4837546404469,-63.8145011048985,-1.));
#13133=CARTESIAN_POINT('Ctrl Pts',(73.4837546404469,-63.8145011048985,0.01));
#13134=CARTESIAN_POINT('',(74.0770163591969,-63.6484854798985,0.01));
#13135=CARTESIAN_POINT('Ctrl Pts',(74.0770163591969,-63.6484854798985,0.01));
#13136=CARTESIAN_POINT('Ctrl Pts',(73.9701334851496,-63.6548725328709,0.01));
#13137=CARTESIAN_POINT('Ctrl Pts',(73.760278115118,-63.6674129644124,0.01));
#13138=CARTESIAN_POINT('Ctrl Pts',(73.5747769420973,-63.7660845966493,0.01));
#13139=CARTESIAN_POINT('Ctrl Pts',(73.4837546404469,-63.8145011048985,0.01));
#13140=CARTESIAN_POINT('',(74.0770163591969,-63.6484854798985,0.));
#13141=CARTESIAN_POINT('Ctrl Pts',(74.9803366716969,-63.9072745423985,-1.));
#13142=CARTESIAN_POINT('Ctrl Pts',(74.9803366716969,-63.9072745423985,0.01));
#13143=CARTESIAN_POINT('Ctrl Pts',(74.8356860838664,-63.8318032566025,-1.));
#13144=CARTESIAN_POINT('Ctrl Pts',(74.8356860838664,-63.8318032566025,0.01));
#13145=CARTESIAN_POINT('Ctrl Pts',(74.5520746771856,-63.6838293157451,-1.));
#13146=CARTESIAN_POINT('Ctrl Pts',(74.5520746771856,-63.6838293157451,0.01));
#13147=CARTESIAN_POINT('Ctrl Pts',(74.2332369739957,-63.6601081282265,-1.));
#13148=CARTESIAN_POINT('Ctrl Pts',(74.2332369739957,-63.6601081282265,0.01));
#13149=CARTESIAN_POINT('Ctrl Pts',(74.0770163591969,-63.6484854798985,-1.));
#13150=CARTESIAN_POINT('Ctrl Pts',(74.0770163591969,-63.6484854798985,0.01));
#13151=CARTESIAN_POINT('',(74.9803366716969,-63.9072745423985,0.01));
#13152=CARTESIAN_POINT('Ctrl Pts',(74.9803366716969,-63.9072745423985,0.01));
#13153=CARTESIAN_POINT('Ctrl Pts',(74.8356860838664,-63.8318032566025,0.01));
#13154=CARTESIAN_POINT('Ctrl Pts',(74.5520746771856,-63.6838293157451,0.01));
#13155=CARTESIAN_POINT('Ctrl Pts',(74.2332369739957,-63.6601081282265,0.01));
#13156=CARTESIAN_POINT('Ctrl Pts',(74.0770163591969,-63.6484854798985,0.01));
#13157=CARTESIAN_POINT('',(74.9803366716969,-63.9072745423985,0.));
#13158=CARTESIAN_POINT('Origin',(74.5555319841969,-65.1035636048985,0.));
#13159=CARTESIAN_POINT('',(74.5555319841969,-65.1035636048985,0.01));
#13160=CARTESIAN_POINT('',(74.9803366716969,-63.9072745423985,0.01));
#13161=CARTESIAN_POINT('',(74.5555319841969,-65.1035636048985,0.));
#13162=CARTESIAN_POINT('Ctrl Pts',(73.9110007341969,-64.8789542298985,-1.));
#13163=CARTESIAN_POINT('Ctrl Pts',(73.9110007341969,-64.8789542298985,0.01));
#13164=CARTESIAN_POINT('Ctrl Pts',(74.0165342866012,-64.8911537661207,-1.));
#13165=CARTESIAN_POINT('Ctrl Pts',(74.0165342866012,-64.8911537661207,0.01));
#13166=CARTESIAN_POINT('Ctrl Pts',(74.24749456673,-64.9178524627828,-1.));
#13167=CARTESIAN_POINT('Ctrl Pts',(74.24749456673,-64.9178524627828,0.01));
#13168=CARTESIAN_POINT('Ctrl Pts',(74.4471213956002,-65.0382044858951,-1.));
#13169=CARTESIAN_POINT('Ctrl Pts',(74.4471213956002,-65.0382044858951,0.01));
#13170=CARTESIAN_POINT('Ctrl Pts',(74.5555319841969,-65.1035636048985,-1.));
#13171=CARTESIAN_POINT('Ctrl Pts',(74.5555319841969,-65.1035636048985,0.01));
#13172=CARTESIAN_POINT('',(73.9110007341969,-64.8789542298985,0.01));
#13173=CARTESIAN_POINT('Ctrl Pts',(73.9110007341969,-64.8789542298985,0.01));
#13174=CARTESIAN_POINT('Ctrl Pts',(74.0165342866012,-64.8911537661207,0.01));
#13175=CARTESIAN_POINT('Ctrl Pts',(74.24749456673,-64.9178524627828,0.01));
#13176=CARTESIAN_POINT('Ctrl Pts',(74.4471213956002,-65.0382044858951,0.01));
#13177=CARTESIAN_POINT('Ctrl Pts',(74.5555319841969,-65.1035636048985,0.01));
#13178=CARTESIAN_POINT('',(73.9110007341969,-64.8789542298985,0.));
#13179=CARTESIAN_POINT('Ctrl Pts',(73.4227194841969,-65.0376456361485,-1.));
#13180=CARTESIAN_POINT('Ctrl Pts',(73.4227194841969,-65.0376456361485,0.01));
#13181=CARTESIAN_POINT('Ctrl Pts',(73.4945895303049,-64.9913742956601,-1.));
#13182=CARTESIAN_POINT('Ctrl Pts',(73.4945895303049,-64.9913742956601,0.01));
#13183=CARTESIAN_POINT('Ctrl Pts',(73.6431813893064,-64.895707952392,-1.));
#13184=CARTESIAN_POINT('Ctrl Pts',(73.6431813893064,-64.895707952392,0.01));
#13185=CARTESIAN_POINT('Ctrl Pts',(73.8198052665844,-64.8846590588669,-1.));
#13186=CARTESIAN_POINT('Ctrl Pts',(73.8198052665844,-64.8846590588669,0.01));
#13187=CARTESIAN_POINT('Ctrl Pts',(73.9110007341969,-64.8789542298985,-1.));
#13188=CARTESIAN_POINT('Ctrl Pts',(73.9110007341969,-64.8789542298985,0.01));
#13189=CARTESIAN_POINT('',(73.4227194841969,-65.0376456361485,0.01));
#13190=CARTESIAN_POINT('Ctrl Pts',(73.4227194841969,-65.0376456361485,0.01));
#13191=CARTESIAN_POINT('Ctrl Pts',(73.4945895303049,-64.9913742956601,0.01));
#13192=CARTESIAN_POINT('Ctrl Pts',(73.6431813893064,-64.895707952392,0.01));
#13193=CARTESIAN_POINT('Ctrl Pts',(73.8198052665844,-64.8846590588669,0.01));
#13194=CARTESIAN_POINT('Ctrl Pts',(73.9110007341969,-64.8789542298985,0.01));
#13195=CARTESIAN_POINT('',(73.4227194841969,-65.0376456361485,0.));
#13196=CARTESIAN_POINT('Ctrl Pts',(73.1077780779469,-65.6113761048985,-1.));
#13197=CARTESIAN_POINT('Ctrl Pts',(73.1077780779469,-65.6113761048985,0.01));
#13198=CARTESIAN_POINT('Ctrl Pts',(73.1437166083984,-65.4889522596739,-1.));
#13199=CARTESIAN_POINT('Ctrl Pts',(73.1437166083984,-65.4889522596739,0.01));
#13200=CARTESIAN_POINT('Ctrl Pts',(73.2069299492075,-65.2736173488109,-1.));
#13201=CARTESIAN_POINT('Ctrl Pts',(73.2069299492075,-65.2736173488109,0.01));
#13202=CARTESIAN_POINT('Ctrl Pts',(73.357676508204,-65.1087718955496,-1.));
#13203=CARTESIAN_POINT('Ctrl Pts',(73.357676508204,-65.1087718955496,0.01));
#13204=CARTESIAN_POINT('Ctrl Pts',(73.4227194841969,-65.0376456361485,-1.));
#13205=CARTESIAN_POINT('Ctrl Pts',(73.4227194841969,-65.0376456361485,0.01));
#13206=CARTESIAN_POINT('',(73.1077780779469,-65.6113761048985,0.01));
#13207=CARTESIAN_POINT('Ctrl Pts',(73.1077780779469,-65.6113761048985,0.01));
#13208=CARTESIAN_POINT('Ctrl Pts',(73.1437166083984,-65.4889522596739,0.01));
#13209=CARTESIAN_POINT('Ctrl Pts',(73.2069299492075,-65.2736173488109,0.01));
#13210=CARTESIAN_POINT('Ctrl Pts',(73.357676508204,-65.1087718955496,0.01));
#13211=CARTESIAN_POINT('Ctrl Pts',(73.4227194841969,-65.0376456361485,0.01));
#13212=CARTESIAN_POINT('',(73.1077780779469,-65.6113761048985,0.));
#13213=CARTESIAN_POINT('Ctrl Pts',(72.9930319841969,-67.3496573548985,-1.));
#13214=CARTESIAN_POINT('Ctrl Pts',(72.9930319841969,-67.3496573548985,0.01));
#13215=CARTESIAN_POINT('Ctrl Pts',(72.9903376925392,-66.9832813075584,-1.));
#13216=CARTESIAN_POINT('Ctrl Pts',(72.9903376925392,-66.9832813075584,0.01));
#13217=CARTESIAN_POINT('Ctrl Pts',(72.986051662831,-66.400457017268,-1.));
#13218=CARTESIAN_POINT('Ctrl Pts',(72.986051662831,-66.400457017268,0.01));
#13219=CARTESIAN_POINT('Ctrl Pts',(73.0748137665553,-65.8250643900889,-1.));
#13220=CARTESIAN_POINT('Ctrl Pts',(73.0748137665553,-65.8250643900889,0.01));
#13221=CARTESIAN_POINT('Ctrl Pts',(73.1077780779469,-65.6113761048985,-1.));
#13222=CARTESIAN_POINT('Ctrl Pts',(73.1077780779469,-65.6113761048985,0.01));
#13223=CARTESIAN_POINT('',(72.9930319841969,-67.3496573548985,0.01));
#13224=CARTESIAN_POINT('Ctrl Pts',(72.9930319841969,-67.3496573548985,0.01));
#13225=CARTESIAN_POINT('Ctrl Pts',(72.9903376925392,-66.9832813075584,0.01));
#13226=CARTESIAN_POINT('Ctrl Pts',(72.986051662831,-66.400457017268,0.01));
#13227=CARTESIAN_POINT('Ctrl Pts',(73.0748137665553,-65.8250643900889,0.01));
#13228=CARTESIAN_POINT('Ctrl Pts',(73.1077780779469,-65.6113761048985,0.01));
#13229=CARTESIAN_POINT('',(72.9930319841969,-67.3496573548985,0.));
#13230=CARTESIAN_POINT('Origin',(72.9930319841969,-68.9512198548985,0.));
#13231=CARTESIAN_POINT('',(72.9930319841969,-67.3496573548985,0.01));
#13232=CARTESIAN_POINT('Origin',(40.5174460466969,-66.3437979798985,0.01));
#13233=CARTESIAN_POINT('Origin',(40.5174460466969,-66.3437979798985,-1.));
#13234=CARTESIAN_POINT('',(60.0291647966969,-67.8013175111485,-1.));
#13235=CARTESIAN_POINT('',(59.6922507341969,-66.2852042298985,-1.));
#13236=CARTESIAN_POINT('Ctrl Pts',(60.0291647966969,-67.8013175111485,-1.));
#13237=CARTESIAN_POINT('Ctrl Pts',(59.9309956840025,-67.5744242921593,-1.));
#13238=CARTESIAN_POINT('Ctrl Pts',(59.7219722578505,-67.0913192023596,-1.));
#13239=CARTESIAN_POINT('Ctrl Pts',(59.7025507916612,-66.5645650942998,-1.));
#13240=CARTESIAN_POINT('Ctrl Pts',(59.6922507341969,-66.2852042298985,-1.));
#13241=CARTESIAN_POINT('',(60.0291647966969,-64.9619620423985,-1.));
#13242=CARTESIAN_POINT('Ctrl Pts',(59.6922507341969,-66.2852042298985,-1.));
#13243=CARTESIAN_POINT('Ctrl Pts',(59.7070921841767,-66.0576574794869,-1.));
#13244=CARTESIAN_POINT('Ctrl Pts',(59.7372155782514,-65.5958103929554,-1.));
#13245=CARTESIAN_POINT('Ctrl Pts',(59.9309042878075,-65.1752945589779,-1.));
#13246=CARTESIAN_POINT('Ctrl Pts',(60.0291647966969,-64.9619620423985,-1.));
#13247=CARTESIAN_POINT('',(60.9837546404469,-63.9853995423985,-1.));
#13248=CARTESIAN_POINT('Ctrl Pts',(60.0291647966969,-64.9619620423985,-1.));
#13249=CARTESIAN_POINT('Ctrl Pts',(60.1524127281904,-64.761773741721,-1.));
#13250=CARTESIAN_POINT('Ctrl Pts',(60.3971363370388,-64.3642757651029,-1.));
#13251=CARTESIAN_POINT('Ctrl Pts',(60.7891615365277,-64.1110804148651,-1.));
#13252=CARTESIAN_POINT('Ctrl Pts',(60.9837546404469,-63.9853995423985,-1.));
#13253=CARTESIAN_POINT('',(62.3631491716969,-63.6484854798985,-1.));
#13254=CARTESIAN_POINT('Ctrl Pts',(60.9837546404469,-63.9853995423985,-1.));
#13255=CARTESIAN_POINT('Ctrl Pts',(61.1981849122196,-63.8871448252654,-1.));
#13256=CARTESIAN_POINT('Ctrl Pts',(61.6361493369504,-63.6864638751807,-1.));
#13257=CARTESIAN_POINT('Ctrl Pts',(62.1174807791381,-63.6613191710151,-1.));
#13258=CARTESIAN_POINT('Ctrl Pts',(62.3631491716969,-63.6484854798985,-1.));
#13259=CARTESIAN_POINT('',(64.2918601091969,-64.4126456361485,-1.));
#13260=CARTESIAN_POINT('Ctrl Pts',(62.3631491716969,-63.6484854798985,-1.));
#13261=CARTESIAN_POINT('Ctrl Pts',(62.7342162543112,-63.6768538339978,-1.));
#13262=CARTESIAN_POINT('Ctrl Pts',(63.4574021411756,-63.7321419322406,-1.));
#13263=CARTESIAN_POINT('Ctrl Pts',(64.0186088676422,-64.1898081906432,-1.));
#13264=CARTESIAN_POINT('Ctrl Pts',(64.2918601091969,-64.4126456361485,-1.));
#13265=CARTESIAN_POINT('',(65.0438132341969,-66.3437979798985,-1.));
#13266=CARTESIAN_POINT('Ctrl Pts',(64.2918601091969,-64.4126456361485,-1.));
#13267=CARTESIAN_POINT('Ctrl Pts',(64.5111452537087,-64.6885733231254,-1.));
#13268=CARTESIAN_POINT('Ctrl Pts',(64.9603835802243,-65.25385234653,-1.));
#13269=CARTESIAN_POINT('Ctrl Pts',(65.0155665406446,-65.9747761893426,-1.));
#13270=CARTESIAN_POINT('Ctrl Pts',(65.0438132341969,-66.3437979798985,-1.));
#13271=CARTESIAN_POINT('',(64.2845358904469,-68.2944815736485,-1.));
#13272=CARTESIAN_POINT('Ctrl Pts',(65.0438132341969,-66.3437979798985,-1.));
#13273=CARTESIAN_POINT('Ctrl Pts',(65.0151804166991,-66.7161514613965,-1.));
#13274=CARTESIAN_POINT('Ctrl Pts',(64.9591984027096,-67.4441656643944,-1.));
#13275=CARTESIAN_POINT('Ctrl Pts',(64.5059592623972,-68.015408981904,-1.));
#13276=CARTESIAN_POINT('Ctrl Pts',(64.2845358904469,-68.2944815736485,-1.));
#13277=CARTESIAN_POINT('',(62.3729147966969,-69.0684073548985,-1.));
#13278=CARTESIAN_POINT('Ctrl Pts',(64.2845358904469,-68.2944815736485,-1.));
#13279=CARTESIAN_POINT('Ctrl Pts',(64.0118708505716,-68.5201912456454,-1.));
#13280=CARTESIAN_POINT('Ctrl Pts',(63.4570168931883,-68.9794943700372,-1.));
#13281=CARTESIAN_POINT('Ctrl Pts',(62.7383938017201,-69.0384324758295,-1.));
#13282=CARTESIAN_POINT('Ctrl Pts',(62.3729147966969,-69.0684073548985,-1.));
#13283=CARTESIAN_POINT('',(61.0130515154469,-68.7461417298985,-1.));
#13284=CARTESIAN_POINT('Ctrl Pts',(62.3729147966969,-69.0684073548985,-1.));
#13285=CARTESIAN_POINT('Ctrl Pts',(62.1376469444511,-69.0547878525681,-1.));
#13286=CARTESIAN_POINT('Ctrl Pts',(61.6654161061224,-69.0274507177166,-1.));
#13287=CARTESIAN_POINT('Ctrl Pts',(61.2310261453719,-68.8401355232322,-1.));
#13288=CARTESIAN_POINT('Ctrl Pts',(61.0130515154469,-68.7461417298985,-1.));
#13289=CARTESIAN_POINT('Ctrl Pts',(61.0130515154469,-68.7461417298985,-1.));
#13290=CARTESIAN_POINT('Ctrl Pts',(60.8106315380898,-68.6267938288544,-1.));
#13291=CARTESIAN_POINT('Ctrl Pts',(60.4080436824489,-68.3894258764224,-1.));
#13292=CARTESIAN_POINT('Ctrl Pts',(60.1549858854383,-67.9966211757214,-1.));
#13293=CARTESIAN_POINT('Ctrl Pts',(60.0291647966969,-67.8013175111485,-1.));
#13294=CARTESIAN_POINT('',(61.4647116716969,-65.1768057923985,-1.));
#13295=CARTESIAN_POINT('',(61.0985007341969,-66.3584464173985,-1.));
#13296=CARTESIAN_POINT('Ctrl Pts',(61.4647116716969,-65.1768057923985,-1.));
#13297=CARTESIAN_POINT('Ctrl Pts',(61.3581391451705,-65.3386951783083,-1.));
#13298=CARTESIAN_POINT('Ctrl Pts',(61.123269133045,-65.6954753286057,-1.));
#13299=CARTESIAN_POINT('Ctrl Pts',(61.1072507553701,-66.1242362409648,-1.));
#13300=CARTESIAN_POINT('Ctrl Pts',(61.0985007341969,-66.3584464173985,-1.));
#13301=CARTESIAN_POINT('',(61.4647116716969,-67.5400870423985,-1.));
#13302=CARTESIAN_POINT('Ctrl Pts',(61.0985007341969,-66.3584464173985,-1.));
#13303=CARTESIAN_POINT('Ctrl Pts',(61.1072507553701,-66.5926565938321,-1.));
#13304=CARTESIAN_POINT('Ctrl Pts',(61.123269133045,-67.0214175061913,-1.));
#13305=CARTESIAN_POINT('Ctrl Pts',(61.3581391451705,-67.3781976564886,-1.));
#13306=CARTESIAN_POINT('Ctrl Pts',(61.4647116716969,-67.5400870423985,-1.));
#13307=CARTESIAN_POINT('',(62.3680319841969,-67.9502432923985,-1.));
#13308=CARTESIAN_POINT('Ctrl Pts',(61.4647116716969,-67.5400870423985,-1.));
#13309=CARTESIAN_POINT('Ctrl Pts',(61.5932954064598,-67.6597144033361,-1.));
#13310=CARTESIAN_POINT('Ctrl Pts',(61.8487509720739,-67.897376462286,-1.));
#13311=CARTESIAN_POINT('Ctrl Pts',(62.1957133553375,-67.932699920959,-1.));
#13312=CARTESIAN_POINT('Ctrl Pts',(62.3680319841969,-67.9502432923985,-1.));
#13313=CARTESIAN_POINT('',(63.2689108904469,-67.5400870423985,-1.));
#13314=CARTESIAN_POINT('Ctrl Pts',(62.3680319841969,-67.9502432923985,-1.));
#13315=CARTESIAN_POINT('Ctrl Pts',(62.5401967706662,-67.9327561667545,-1.));
#13316=CARTESIAN_POINT('Ctrl Pts',(62.886557028476,-67.8975756546961,-1.));
#13317=CARTESIAN_POINT('Ctrl Pts',(63.1409624163928,-67.65971476683,-1.));
#13318=CARTESIAN_POINT('Ctrl Pts',(63.2689108904469,-67.5400870423985,-1.));
#13319=CARTESIAN_POINT('',(63.6326804216969,-66.3486807923985,-1.));
#13320=CARTESIAN_POINT('Ctrl Pts',(63.2689108904469,-67.5400870423985,-1.));
#13321=CARTESIAN_POINT('Ctrl Pts',(63.3747526350759,-67.377285415211,-1.));
#13322=CARTESIAN_POINT('Ctrl Pts',(63.6090582368253,-67.0168857132066,-1.));
#13323=CARTESIAN_POINT('Ctrl Pts',(63.6243153377351,-66.5853054017061,-1.));
#13324=CARTESIAN_POINT('Ctrl Pts',(63.6326804216969,-66.3486807923985,-1.));
#13325=CARTESIAN_POINT('',(63.2689108904469,-65.1768057923985,-1.));
#13326=CARTESIAN_POINT('Ctrl Pts',(63.6326804216969,-66.3486807923985,-1.));
#13327=CARTESIAN_POINT('Ctrl Pts',(63.6237738512166,-66.1170329546759,-1.));
#13328=CARTESIAN_POINT('Ctrl Pts',(63.6074285888062,-65.6919148126513,-1.));
#13329=CARTESIAN_POINT('Ctrl Pts',(63.3747860041871,-65.3379117740715,-1.));
#13330=CARTESIAN_POINT('Ctrl Pts',(63.2689108904469,-65.1768057923985,-1.));
#13331=CARTESIAN_POINT('',(62.3680319841969,-64.7666495423985,-1.));
#13332=CARTESIAN_POINT('Ctrl Pts',(63.2689108904469,-65.1768057923985,-1.));
#13333=CARTESIAN_POINT('Ctrl Pts',(63.1409624163928,-65.0571780679669,-1.));
#13334=CARTESIAN_POINT('Ctrl Pts',(62.886557028476,-64.8193171801009,-1.));
#13335=CARTESIAN_POINT('Ctrl Pts',(62.5401967706662,-64.7841366680425,-1.));
#13336=CARTESIAN_POINT('Ctrl Pts',(62.3680319841969,-64.7666495423985,-1.));
#13337=CARTESIAN_POINT('Ctrl Pts',(62.3680319841969,-64.7666495423985,-1.));
#13338=CARTESIAN_POINT('Ctrl Pts',(62.1957133553375,-64.7841929138379,-1.));
#13339=CARTESIAN_POINT('Ctrl Pts',(61.8487509720739,-64.8195163725109,-1.));
#13340=CARTESIAN_POINT('Ctrl Pts',(61.5932954064598,-65.0571784314609,-1.));
#13341=CARTESIAN_POINT('Ctrl Pts',(61.4647116716969,-65.1768057923985,-1.));
#13342=CARTESIAN_POINT('Ctrl Pts',(61.4647116716969,-67.5400870423985,-1.));
#13343=CARTESIAN_POINT('Ctrl Pts',(61.4647116716969,-67.5400870423985,0.01));
#13344=CARTESIAN_POINT('Ctrl Pts',(61.3581391451705,-67.3781976564886,-1.));
#13345=CARTESIAN_POINT('Ctrl Pts',(61.3581391451705,-67.3781976564886,0.01));
#13346=CARTESIAN_POINT('Ctrl Pts',(61.123269133045,-67.0214175061913,-1.));
#13347=CARTESIAN_POINT('Ctrl Pts',(61.123269133045,-67.0214175061913,0.01));
#13348=CARTESIAN_POINT('Ctrl Pts',(61.1072507553701,-66.5926565938321,-1.));
#13349=CARTESIAN_POINT('Ctrl Pts',(61.1072507553701,-66.5926565938321,0.01));
#13350=CARTESIAN_POINT('Ctrl Pts',(61.0985007341969,-66.3584464173985,-1.));
#13351=CARTESIAN_POINT('Ctrl Pts',(61.0985007341969,-66.3584464173985,0.01));
#13352=CARTESIAN_POINT('',(61.0985007341969,-66.3584464173985,0.01));
#13353=CARTESIAN_POINT('',(61.0985007341969,-66.3584464173985,0.));
#13354=CARTESIAN_POINT('',(61.4647116716969,-67.5400870423985,0.01));
#13355=CARTESIAN_POINT('Ctrl Pts',(61.4647116716969,-67.5400870423985,0.01));
#13356=CARTESIAN_POINT('Ctrl Pts',(61.3581391451705,-67.3781976564886,0.01));
#13357=CARTESIAN_POINT('Ctrl Pts',(61.123269133045,-67.0214175061913,0.01));
#13358=CARTESIAN_POINT('Ctrl Pts',(61.1072507553701,-66.5926565938321,0.01));
#13359=CARTESIAN_POINT('Ctrl Pts',(61.0985007341969,-66.3584464173985,0.01));
#13360=CARTESIAN_POINT('',(61.4647116716969,-67.5400870423985,0.));
#13361=CARTESIAN_POINT('Ctrl Pts',(62.3680319841969,-67.9502432923985,-1.));
#13362=CARTESIAN_POINT('Ctrl Pts',(62.3680319841969,-67.9502432923985,0.01));
#13363=CARTESIAN_POINT('Ctrl Pts',(62.1957133553375,-67.932699920959,-1.));
#13364=CARTESIAN_POINT('Ctrl Pts',(62.1957133553375,-67.932699920959,0.01));
#13365=CARTESIAN_POINT('Ctrl Pts',(61.8487509720739,-67.897376462286,-1.));
#13366=CARTESIAN_POINT('Ctrl Pts',(61.8487509720739,-67.897376462286,0.01));
#13367=CARTESIAN_POINT('Ctrl Pts',(61.5932954064598,-67.6597144033361,-1.));
#13368=CARTESIAN_POINT('Ctrl Pts',(61.5932954064598,-67.6597144033361,0.01));
#13369=CARTESIAN_POINT('Ctrl Pts',(61.4647116716969,-67.5400870423985,-1.));
#13370=CARTESIAN_POINT('Ctrl Pts',(61.4647116716969,-67.5400870423985,0.01));
#13371=CARTESIAN_POINT('',(62.3680319841969,-67.9502432923985,0.01));
#13372=CARTESIAN_POINT('Ctrl Pts',(62.3680319841969,-67.9502432923985,0.01));
#13373=CARTESIAN_POINT('Ctrl Pts',(62.1957133553375,-67.932699920959,0.01));
#13374=CARTESIAN_POINT('Ctrl Pts',(61.8487509720739,-67.897376462286,0.01));
#13375=CARTESIAN_POINT('Ctrl Pts',(61.5932954064598,-67.6597144033361,0.01));
#13376=CARTESIAN_POINT('Ctrl Pts',(61.4647116716969,-67.5400870423985,0.01));
#13377=CARTESIAN_POINT('',(62.3680319841969,-67.9502432923985,0.));
#13378=CARTESIAN_POINT('Ctrl Pts',(63.2689108904469,-67.5400870423985,-1.));
#13379=CARTESIAN_POINT('Ctrl Pts',(63.2689108904469,-67.5400870423985,0.01));
#13380=CARTESIAN_POINT('Ctrl Pts',(63.1409624163928,-67.65971476683,-1.));
#13381=CARTESIAN_POINT('Ctrl Pts',(63.1409624163928,-67.65971476683,0.01));
#13382=CARTESIAN_POINT('Ctrl Pts',(62.886557028476,-67.8975756546961,-1.));
#13383=CARTESIAN_POINT('Ctrl Pts',(62.886557028476,-67.8975756546961,0.01));
#13384=CARTESIAN_POINT('Ctrl Pts',(62.5401967706662,-67.9327561667545,-1.));
#13385=CARTESIAN_POINT('Ctrl Pts',(62.5401967706662,-67.9327561667545,0.01));
#13386=CARTESIAN_POINT('Ctrl Pts',(62.3680319841969,-67.9502432923985,-1.));
#13387=CARTESIAN_POINT('Ctrl Pts',(62.3680319841969,-67.9502432923985,0.01));
#13388=CARTESIAN_POINT('',(63.2689108904469,-67.5400870423985,0.01));
#13389=CARTESIAN_POINT('Ctrl Pts',(63.2689108904469,-67.5400870423985,0.01));
#13390=CARTESIAN_POINT('Ctrl Pts',(63.1409624163928,-67.65971476683,0.01));
#13391=CARTESIAN_POINT('Ctrl Pts',(62.886557028476,-67.8975756546961,0.01));
#13392=CARTESIAN_POINT('Ctrl Pts',(62.5401967706662,-67.9327561667545,0.01));
#13393=CARTESIAN_POINT('Ctrl Pts',(62.3680319841969,-67.9502432923985,0.01));
#13394=CARTESIAN_POINT('',(63.2689108904469,-67.5400870423985,0.));
#13395=CARTESIAN_POINT('Ctrl Pts',(63.6326804216969,-66.3486807923985,-1.));
#13396=CARTESIAN_POINT('Ctrl Pts',(63.6326804216969,-66.3486807923985,0.01));
#13397=CARTESIAN_POINT('Ctrl Pts',(63.6243153377351,-66.5853054017061,-1.));
#13398=CARTESIAN_POINT('Ctrl Pts',(63.6243153377351,-66.5853054017061,0.01));
#13399=CARTESIAN_POINT('Ctrl Pts',(63.6090582368253,-67.0168857132066,-1.));
#13400=CARTESIAN_POINT('Ctrl Pts',(63.6090582368253,-67.0168857132066,0.01));
#13401=CARTESIAN_POINT('Ctrl Pts',(63.3747526350759,-67.377285415211,-1.));
#13402=CARTESIAN_POINT('Ctrl Pts',(63.3747526350759,-67.377285415211,0.01));
#13403=CARTESIAN_POINT('Ctrl Pts',(63.2689108904469,-67.5400870423985,-1.));
#13404=CARTESIAN_POINT('Ctrl Pts',(63.2689108904469,-67.5400870423985,0.01));
#13405=CARTESIAN_POINT('',(63.6326804216969,-66.3486807923985,0.01));
#13406=CARTESIAN_POINT('Ctrl Pts',(63.6326804216969,-66.3486807923985,0.01));
#13407=CARTESIAN_POINT('Ctrl Pts',(63.6243153377351,-66.5853054017061,0.01));
#13408=CARTESIAN_POINT('Ctrl Pts',(63.6090582368253,-67.0168857132066,0.01));
#13409=CARTESIAN_POINT('Ctrl Pts',(63.3747526350759,-67.377285415211,0.01));
#13410=CARTESIAN_POINT('Ctrl Pts',(63.2689108904469,-67.5400870423985,0.01));
#13411=CARTESIAN_POINT('',(63.6326804216969,-66.3486807923985,0.));
#13412=CARTESIAN_POINT('Ctrl Pts',(63.2689108904469,-65.1768057923985,-1.));
#13413=CARTESIAN_POINT('Ctrl Pts',(63.2689108904469,-65.1768057923985,0.01));
#13414=CARTESIAN_POINT('Ctrl Pts',(63.3747860041871,-65.3379117740715,-1.));
#13415=CARTESIAN_POINT('Ctrl Pts',(63.3747860041871,-65.3379117740715,0.01));
#13416=CARTESIAN_POINT('Ctrl Pts',(63.6074285888062,-65.6919148126513,-1.));
#13417=CARTESIAN_POINT('Ctrl Pts',(63.6074285888062,-65.6919148126513,0.01));
#13418=CARTESIAN_POINT('Ctrl Pts',(63.6237738512166,-66.1170329546759,-1.));
#13419=CARTESIAN_POINT('Ctrl Pts',(63.6237738512166,-66.1170329546759,0.01));
#13420=CARTESIAN_POINT('Ctrl Pts',(63.6326804216969,-66.3486807923985,-1.));
#13421=CARTESIAN_POINT('Ctrl Pts',(63.6326804216969,-66.3486807923985,0.01));
#13422=CARTESIAN_POINT('',(63.2689108904469,-65.1768057923985,0.01));
#13423=CARTESIAN_POINT('Ctrl Pts',(63.2689108904469,-65.1768057923985,0.01));
#13424=CARTESIAN_POINT('Ctrl Pts',(63.3747860041871,-65.3379117740715,0.01));
#13425=CARTESIAN_POINT('Ctrl Pts',(63.6074285888062,-65.6919148126513,0.01));
#13426=CARTESIAN_POINT('Ctrl Pts',(63.6237738512166,-66.1170329546759,0.01));
#13427=CARTESIAN_POINT('Ctrl Pts',(63.6326804216969,-66.3486807923985,0.01));
#13428=CARTESIAN_POINT('',(63.2689108904469,-65.1768057923985,0.));
#13429=CARTESIAN_POINT('Ctrl Pts',(62.3680319841969,-64.7666495423985,-1.));
#13430=CARTESIAN_POINT('Ctrl Pts',(62.3680319841969,-64.7666495423985,0.01));
#13431=CARTESIAN_POINT('Ctrl Pts',(62.5401967706662,-64.7841366680425,-1.));
#13432=CARTESIAN_POINT('Ctrl Pts',(62.5401967706662,-64.7841366680425,0.01));
#13433=CARTESIAN_POINT('Ctrl Pts',(62.886557028476,-64.8193171801009,-1.));
#13434=CARTESIAN_POINT('Ctrl Pts',(62.886557028476,-64.8193171801009,0.01));
#13435=CARTESIAN_POINT('Ctrl Pts',(63.1409624163928,-65.0571780679669,-1.));
#13436=CARTESIAN_POINT('Ctrl Pts',(63.1409624163928,-65.0571780679669,0.01));
#13437=CARTESIAN_POINT('Ctrl Pts',(63.2689108904469,-65.1768057923985,-1.));
#13438=CARTESIAN_POINT('Ctrl Pts',(63.2689108904469,-65.1768057923985,0.01));
#13439=CARTESIAN_POINT('',(62.3680319841969,-64.7666495423985,0.01));
#13440=CARTESIAN_POINT('Ctrl Pts',(62.3680319841969,-64.7666495423985,0.01));
#13441=CARTESIAN_POINT('Ctrl Pts',(62.5401967706662,-64.7841366680425,0.01));
#13442=CARTESIAN_POINT('Ctrl Pts',(62.886557028476,-64.8193171801009,0.01));
#13443=CARTESIAN_POINT('Ctrl Pts',(63.1409624163928,-65.0571780679669,0.01));
#13444=CARTESIAN_POINT('Ctrl Pts',(63.2689108904469,-65.1768057923985,0.01));
#13445=CARTESIAN_POINT('',(62.3680319841969,-64.7666495423985,0.));
#13446=CARTESIAN_POINT('Ctrl Pts',(61.4647116716969,-65.1768057923985,-1.));
#13447=CARTESIAN_POINT('Ctrl Pts',(61.4647116716969,-65.1768057923985,0.01));
#13448=CARTESIAN_POINT('Ctrl Pts',(61.5932954064598,-65.0571784314609,-1.));
#13449=CARTESIAN_POINT('Ctrl Pts',(61.5932954064598,-65.0571784314609,0.01));
#13450=CARTESIAN_POINT('Ctrl Pts',(61.8487509720739,-64.8195163725109,-1.));
#13451=CARTESIAN_POINT('Ctrl Pts',(61.8487509720739,-64.8195163725109,0.01));
#13452=CARTESIAN_POINT('Ctrl Pts',(62.1957133553375,-64.7841929138379,-1.));
#13453=CARTESIAN_POINT('Ctrl Pts',(62.1957133553375,-64.7841929138379,0.01));
#13454=CARTESIAN_POINT('Ctrl Pts',(62.3680319841969,-64.7666495423985,-1.));
#13455=CARTESIAN_POINT('Ctrl Pts',(62.3680319841969,-64.7666495423985,0.01));
#13456=CARTESIAN_POINT('',(61.4647116716969,-65.1768057923985,0.01));
#13457=CARTESIAN_POINT('Ctrl Pts',(61.4647116716969,-65.1768057923985,0.01));
#13458=CARTESIAN_POINT('Ctrl Pts',(61.5932954064598,-65.0571784314609,0.01));
#13459=CARTESIAN_POINT('Ctrl Pts',(61.8487509720739,-64.8195163725109,0.01));
#13460=CARTESIAN_POINT('Ctrl Pts',(62.1957133553375,-64.7841929138379,0.01));
#13461=CARTESIAN_POINT('Ctrl Pts',(62.3680319841969,-64.7666495423985,0.01));
#13462=CARTESIAN_POINT('',(61.4647116716969,-65.1768057923985,0.));
#13463=CARTESIAN_POINT('Ctrl Pts',(61.0985007341969,-66.3584464173985,-1.));
#13464=CARTESIAN_POINT('Ctrl Pts',(61.0985007341969,-66.3584464173985,0.01));
#13465=CARTESIAN_POINT('Ctrl Pts',(61.1072507553701,-66.1242362409648,-1.));
#13466=CARTESIAN_POINT('Ctrl Pts',(61.1072507553701,-66.1242362409648,0.01));
#13467=CARTESIAN_POINT('Ctrl Pts',(61.123269133045,-65.6954753286057,-1.));
#13468=CARTESIAN_POINT('Ctrl Pts',(61.123269133045,-65.6954753286057,0.01));
#13469=CARTESIAN_POINT('Ctrl Pts',(61.3581391451705,-65.3386951783083,-1.));
#13470=CARTESIAN_POINT('Ctrl Pts',(61.3581391451705,-65.3386951783083,0.01));
#13471=CARTESIAN_POINT('Ctrl Pts',(61.4647116716969,-65.1768057923985,-1.));
#13472=CARTESIAN_POINT('Ctrl Pts',(61.4647116716969,-65.1768057923985,0.01));
#13473=CARTESIAN_POINT('Ctrl Pts',(61.0985007341969,-66.3584464173985,0.01));
#13474=CARTESIAN_POINT('Ctrl Pts',(61.1072507553701,-66.1242362409648,0.01));
#13475=CARTESIAN_POINT('Ctrl Pts',(61.123269133045,-65.6954753286057,0.01));
#13476=CARTESIAN_POINT('Ctrl Pts',(61.3581391451705,-65.3386951783083,0.01));
#13477=CARTESIAN_POINT('Ctrl Pts',(61.4647116716969,-65.1768057923985,0.01));
#13478=CARTESIAN_POINT('Ctrl Pts',(60.0291647966969,-64.9619620423985,-1.));
#13479=CARTESIAN_POINT('Ctrl Pts',(60.0291647966969,-64.9619620423985,0.01));
#13480=CARTESIAN_POINT('Ctrl Pts',(59.9309042878075,-65.1752945589779,-1.));
#13481=CARTESIAN_POINT('Ctrl Pts',(59.9309042878075,-65.1752945589779,0.01));
#13482=CARTESIAN_POINT('Ctrl Pts',(59.7372155782514,-65.5958103929554,-1.));
#13483=CARTESIAN_POINT('Ctrl Pts',(59.7372155782514,-65.5958103929554,0.01));
#13484=CARTESIAN_POINT('Ctrl Pts',(59.7070921841767,-66.0576574794869,-1.));
#13485=CARTESIAN_POINT('Ctrl Pts',(59.7070921841767,-66.0576574794869,0.01));
#13486=CARTESIAN_POINT('Ctrl Pts',(59.6922507341969,-66.2852042298985,-1.));
#13487=CARTESIAN_POINT('Ctrl Pts',(59.6922507341969,-66.2852042298985,0.01));
#13488=CARTESIAN_POINT('',(59.6922507341969,-66.2852042298985,0.01));
#13489=CARTESIAN_POINT('',(59.6922507341969,-66.2852042298985,0.));
#13490=CARTESIAN_POINT('',(60.0291647966969,-64.9619620423985,0.01));
#13491=CARTESIAN_POINT('Ctrl Pts',(60.0291647966969,-64.9619620423985,0.01));
#13492=CARTESIAN_POINT('Ctrl Pts',(59.9309042878075,-65.1752945589779,0.01));
#13493=CARTESIAN_POINT('Ctrl Pts',(59.7372155782514,-65.5958103929554,0.01));
#13494=CARTESIAN_POINT('Ctrl Pts',(59.7070921841767,-66.0576574794869,0.01));
#13495=CARTESIAN_POINT('Ctrl Pts',(59.6922507341969,-66.2852042298985,0.01));
#13496=CARTESIAN_POINT('',(60.0291647966969,-64.9619620423985,0.));
#13497=CARTESIAN_POINT('Ctrl Pts',(60.9837546404469,-63.9853995423985,-1.));
#13498=CARTESIAN_POINT('Ctrl Pts',(60.9837546404469,-63.9853995423985,0.01));
#13499=CARTESIAN_POINT('Ctrl Pts',(60.7891615365277,-64.1110804148651,-1.));
#13500=CARTESIAN_POINT('Ctrl Pts',(60.7891615365277,-64.1110804148651,0.01));
#13501=CARTESIAN_POINT('Ctrl Pts',(60.3971363370388,-64.3642757651029,-1.));
#13502=CARTESIAN_POINT('Ctrl Pts',(60.3971363370388,-64.3642757651029,0.01));
#13503=CARTESIAN_POINT('Ctrl Pts',(60.1524127281904,-64.761773741721,-1.));
#13504=CARTESIAN_POINT('Ctrl Pts',(60.1524127281904,-64.761773741721,0.01));
#13505=CARTESIAN_POINT('Ctrl Pts',(60.0291647966969,-64.9619620423985,-1.));
#13506=CARTESIAN_POINT('Ctrl Pts',(60.0291647966969,-64.9619620423985,0.01));
#13507=CARTESIAN_POINT('',(60.9837546404469,-63.9853995423985,0.01));
#13508=CARTESIAN_POINT('Ctrl Pts',(60.9837546404469,-63.9853995423985,0.01));
#13509=CARTESIAN_POINT('Ctrl Pts',(60.7891615365277,-64.1110804148651,0.01));
#13510=CARTESIAN_POINT('Ctrl Pts',(60.3971363370388,-64.3642757651029,0.01));
#13511=CARTESIAN_POINT('Ctrl Pts',(60.1524127281904,-64.761773741721,0.01));
#13512=CARTESIAN_POINT('Ctrl Pts',(60.0291647966969,-64.9619620423985,0.01));
#13513=CARTESIAN_POINT('',(60.9837546404469,-63.9853995423985,0.));
#13514=CARTESIAN_POINT('Ctrl Pts',(62.3631491716969,-63.6484854798985,-1.));
#13515=CARTESIAN_POINT('Ctrl Pts',(62.3631491716969,-63.6484854798985,0.01));
#13516=CARTESIAN_POINT('Ctrl Pts',(62.1174807791381,-63.6613191710151,-1.));
#13517=CARTESIAN_POINT('Ctrl Pts',(62.1174807791381,-63.6613191710151,0.01));
#13518=CARTESIAN_POINT('Ctrl Pts',(61.6361493369504,-63.6864638751807,-1.));
#13519=CARTESIAN_POINT('Ctrl Pts',(61.6361493369504,-63.6864638751807,0.01));
#13520=CARTESIAN_POINT('Ctrl Pts',(61.1981849122196,-63.8871448252654,-1.));
#13521=CARTESIAN_POINT('Ctrl Pts',(61.1981849122196,-63.8871448252654,0.01));
#13522=CARTESIAN_POINT('Ctrl Pts',(60.9837546404469,-63.9853995423985,-1.));
#13523=CARTESIAN_POINT('Ctrl Pts',(60.9837546404469,-63.9853995423985,0.01));
#13524=CARTESIAN_POINT('',(62.3631491716969,-63.6484854798985,0.01));
#13525=CARTESIAN_POINT('Ctrl Pts',(62.3631491716969,-63.6484854798985,0.01));
#13526=CARTESIAN_POINT('Ctrl Pts',(62.1174807791381,-63.6613191710151,0.01));
#13527=CARTESIAN_POINT('Ctrl Pts',(61.6361493369504,-63.6864638751807,0.01));
#13528=CARTESIAN_POINT('Ctrl Pts',(61.1981849122196,-63.8871448252654,0.01));
#13529=CARTESIAN_POINT('Ctrl Pts',(60.9837546404469,-63.9853995423985,0.01));
#13530=CARTESIAN_POINT('',(62.3631491716969,-63.6484854798985,0.));
#13531=CARTESIAN_POINT('Ctrl Pts',(64.2918601091969,-64.4126456361485,-1.));
#13532=CARTESIAN_POINT('Ctrl Pts',(64.2918601091969,-64.4126456361485,0.01));
#13533=CARTESIAN_POINT('Ctrl Pts',(64.0186088676422,-64.1898081906432,-1.));
#13534=CARTESIAN_POINT('Ctrl Pts',(64.0186088676422,-64.1898081906432,0.01));
#13535=CARTESIAN_POINT('Ctrl Pts',(63.4574021411756,-63.7321419322406,-1.));
#13536=CARTESIAN_POINT('Ctrl Pts',(63.4574021411756,-63.7321419322406,0.01));
#13537=CARTESIAN_POINT('Ctrl Pts',(62.7342162543112,-63.6768538339978,-1.));
#13538=CARTESIAN_POINT('Ctrl Pts',(62.7342162543112,-63.6768538339978,0.01));
#13539=CARTESIAN_POINT('Ctrl Pts',(62.3631491716969,-63.6484854798985,-1.));
#13540=CARTESIAN_POINT('Ctrl Pts',(62.3631491716969,-63.6484854798985,0.01));
#13541=CARTESIAN_POINT('',(64.2918601091969,-64.4126456361485,0.01));
#13542=CARTESIAN_POINT('Ctrl Pts',(64.2918601091969,-64.4126456361485,0.01));
#13543=CARTESIAN_POINT('Ctrl Pts',(64.0186088676422,-64.1898081906432,0.01));
#13544=CARTESIAN_POINT('Ctrl Pts',(63.4574021411756,-63.7321419322406,0.01));
#13545=CARTESIAN_POINT('Ctrl Pts',(62.7342162543112,-63.6768538339978,0.01));
#13546=CARTESIAN_POINT('Ctrl Pts',(62.3631491716969,-63.6484854798985,0.01));
#13547=CARTESIAN_POINT('',(64.2918601091969,-64.4126456361485,0.));
#13548=CARTESIAN_POINT('Ctrl Pts',(65.0438132341969,-66.3437979798985,-1.));
#13549=CARTESIAN_POINT('Ctrl Pts',(65.0438132341969,-66.3437979798985,0.01));
#13550=CARTESIAN_POINT('Ctrl Pts',(65.0155665406446,-65.9747761893426,-1.));
#13551=CARTESIAN_POINT('Ctrl Pts',(65.0155665406446,-65.9747761893426,0.01));
#13552=CARTESIAN_POINT('Ctrl Pts',(64.9603835802243,-65.25385234653,-1.));
#13553=CARTESIAN_POINT('Ctrl Pts',(64.9603835802243,-65.25385234653,0.01));
#13554=CARTESIAN_POINT('Ctrl Pts',(64.5111452537087,-64.6885733231254,-1.));
#13555=CARTESIAN_POINT('Ctrl Pts',(64.5111452537087,-64.6885733231254,0.01));
#13556=CARTESIAN_POINT('Ctrl Pts',(64.2918601091969,-64.4126456361485,-1.));
#13557=CARTESIAN_POINT('Ctrl Pts',(64.2918601091969,-64.4126456361485,0.01));
#13558=CARTESIAN_POINT('',(65.0438132341969,-66.3437979798985,0.01));
#13559=CARTESIAN_POINT('Ctrl Pts',(65.0438132341969,-66.3437979798985,0.01));
#13560=CARTESIAN_POINT('Ctrl Pts',(65.0155665406446,-65.9747761893426,0.01));
#13561=CARTESIAN_POINT('Ctrl Pts',(64.9603835802243,-65.25385234653,0.01));
#13562=CARTESIAN_POINT('Ctrl Pts',(64.5111452537087,-64.6885733231254,0.01));
#13563=CARTESIAN_POINT('Ctrl Pts',(64.2918601091969,-64.4126456361485,0.01));
#13564=CARTESIAN_POINT('',(65.0438132341969,-66.3437979798985,0.));
#13565=CARTESIAN_POINT('Ctrl Pts',(64.2845358904469,-68.2944815736485,-1.));
#13566=CARTESIAN_POINT('Ctrl Pts',(64.2845358904469,-68.2944815736485,0.01));
#13567=CARTESIAN_POINT('Ctrl Pts',(64.5059592623972,-68.015408981904,-1.));
#13568=CARTESIAN_POINT('Ctrl Pts',(64.5059592623972,-68.015408981904,0.01));
#13569=CARTESIAN_POINT('Ctrl Pts',(64.9591984027096,-67.4441656643944,-1.));
#13570=CARTESIAN_POINT('Ctrl Pts',(64.9591984027096,-67.4441656643944,0.01));
#13571=CARTESIAN_POINT('Ctrl Pts',(65.0151804166991,-66.7161514613965,-1.));
#13572=CARTESIAN_POINT('Ctrl Pts',(65.0151804166991,-66.7161514613965,0.01));
#13573=CARTESIAN_POINT('Ctrl Pts',(65.0438132341969,-66.3437979798985,-1.));
#13574=CARTESIAN_POINT('Ctrl Pts',(65.0438132341969,-66.3437979798985,0.01));
#13575=CARTESIAN_POINT('',(64.2845358904469,-68.2944815736485,0.01));
#13576=CARTESIAN_POINT('Ctrl Pts',(64.2845358904469,-68.2944815736485,0.01));
#13577=CARTESIAN_POINT('Ctrl Pts',(64.5059592623972,-68.015408981904,0.01));
#13578=CARTESIAN_POINT('Ctrl Pts',(64.9591984027096,-67.4441656643944,0.01));
#13579=CARTESIAN_POINT('Ctrl Pts',(65.0151804166991,-66.7161514613965,0.01));
#13580=CARTESIAN_POINT('Ctrl Pts',(65.0438132341969,-66.3437979798985,0.01));
#13581=CARTESIAN_POINT('',(64.2845358904469,-68.2944815736485,0.));
#13582=CARTESIAN_POINT('Ctrl Pts',(62.3729147966969,-69.0684073548985,-1.));
#13583=CARTESIAN_POINT('Ctrl Pts',(62.3729147966969,-69.0684073548985,0.01));
#13584=CARTESIAN_POINT('Ctrl Pts',(62.7383938017201,-69.0384324758295,-1.));
#13585=CARTESIAN_POINT('Ctrl Pts',(62.7383938017201,-69.0384324758295,0.01));
#13586=CARTESIAN_POINT('Ctrl Pts',(63.4570168931883,-68.9794943700372,-1.));
#13587=CARTESIAN_POINT('Ctrl Pts',(63.4570168931883,-68.9794943700372,0.01));
#13588=CARTESIAN_POINT('Ctrl Pts',(64.0118708505716,-68.5201912456454,-1.));
#13589=CARTESIAN_POINT('Ctrl Pts',(64.0118708505716,-68.5201912456454,0.01));
#13590=CARTESIAN_POINT('Ctrl Pts',(64.2845358904469,-68.2944815736485,-1.));
#13591=CARTESIAN_POINT('Ctrl Pts',(64.2845358904469,-68.2944815736485,0.01));
#13592=CARTESIAN_POINT('',(62.3729147966969,-69.0684073548985,0.01));
#13593=CARTESIAN_POINT('Ctrl Pts',(62.3729147966969,-69.0684073548985,0.01));
#13594=CARTESIAN_POINT('Ctrl Pts',(62.7383938017201,-69.0384324758295,0.01));
#13595=CARTESIAN_POINT('Ctrl Pts',(63.4570168931883,-68.9794943700372,0.01));
#13596=CARTESIAN_POINT('Ctrl Pts',(64.0118708505716,-68.5201912456454,0.01));
#13597=CARTESIAN_POINT('Ctrl Pts',(64.2845358904469,-68.2944815736485,0.01));
#13598=CARTESIAN_POINT('',(62.3729147966969,-69.0684073548985,0.));
#13599=CARTESIAN_POINT('Ctrl Pts',(61.0130515154469,-68.7461417298985,-1.));
#13600=CARTESIAN_POINT('Ctrl Pts',(61.0130515154469,-68.7461417298985,0.01));
#13601=CARTESIAN_POINT('Ctrl Pts',(61.2310261453719,-68.8401355232322,-1.));
#13602=CARTESIAN_POINT('Ctrl Pts',(61.2310261453719,-68.8401355232322,0.01));
#13603=CARTESIAN_POINT('Ctrl Pts',(61.6654161061224,-69.0274507177166,-1.));
#13604=CARTESIAN_POINT('Ctrl Pts',(61.6654161061224,-69.0274507177166,0.01));
#13605=CARTESIAN_POINT('Ctrl Pts',(62.1376469444511,-69.0547878525681,-1.));
#13606=CARTESIAN_POINT('Ctrl Pts',(62.1376469444511,-69.0547878525681,0.01));
#13607=CARTESIAN_POINT('Ctrl Pts',(62.3729147966969,-69.0684073548985,-1.));
#13608=CARTESIAN_POINT('Ctrl Pts',(62.3729147966969,-69.0684073548985,0.01));
#13609=CARTESIAN_POINT('',(61.0130515154469,-68.7461417298985,0.01));
#13610=CARTESIAN_POINT('Ctrl Pts',(61.0130515154469,-68.7461417298985,0.01));
#13611=CARTESIAN_POINT('Ctrl Pts',(61.2310261453719,-68.8401355232322,0.01));
#13612=CARTESIAN_POINT('Ctrl Pts',(61.6654161061224,-69.0274507177166,0.01));
#13613=CARTESIAN_POINT('Ctrl Pts',(62.1376469444511,-69.0547878525681,0.01));
#13614=CARTESIAN_POINT('Ctrl Pts',(62.3729147966969,-69.0684073548985,0.01));
#13615=CARTESIAN_POINT('',(61.0130515154469,-68.7461417298985,0.));
#13616=CARTESIAN_POINT('Ctrl Pts',(60.0291647966969,-67.8013175111485,-1.));
#13617=CARTESIAN_POINT('Ctrl Pts',(60.0291647966969,-67.8013175111485,0.01));
#13618=CARTESIAN_POINT('Ctrl Pts',(60.1549858854383,-67.9966211757214,-1.));
#13619=CARTESIAN_POINT('Ctrl Pts',(60.1549858854383,-67.9966211757214,0.01));
#13620=CARTESIAN_POINT('Ctrl Pts',(60.4080436824489,-68.3894258764224,-1.));
#13621=CARTESIAN_POINT('Ctrl Pts',(60.4080436824489,-68.3894258764224,0.01));
#13622=CARTESIAN_POINT('Ctrl Pts',(60.8106315380898,-68.6267938288544,-1.));
#13623=CARTESIAN_POINT('Ctrl Pts',(60.8106315380898,-68.6267938288544,0.01));
#13624=CARTESIAN_POINT('Ctrl Pts',(61.0130515154469,-68.7461417298985,-1.));
#13625=CARTESIAN_POINT('Ctrl Pts',(61.0130515154469,-68.7461417298985,0.01));
#13626=CARTESIAN_POINT('',(60.0291647966969,-67.8013175111485,0.01));
#13627=CARTESIAN_POINT('Ctrl Pts',(60.0291647966969,-67.8013175111485,0.01));
#13628=CARTESIAN_POINT('Ctrl Pts',(60.1549858854383,-67.9966211757214,0.01));
#13629=CARTESIAN_POINT('Ctrl Pts',(60.4080436824489,-68.3894258764224,0.01));
#13630=CARTESIAN_POINT('Ctrl Pts',(60.8106315380898,-68.6267938288544,0.01));
#13631=CARTESIAN_POINT('Ctrl Pts',(61.0130515154469,-68.7461417298985,0.01));
#13632=CARTESIAN_POINT('',(60.0291647966969,-67.8013175111485,0.));
#13633=CARTESIAN_POINT('Ctrl Pts',(59.6922507341969,-66.2852042298985,-1.));
#13634=CARTESIAN_POINT('Ctrl Pts',(59.6922507341969,-66.2852042298985,0.01));
#13635=CARTESIAN_POINT('Ctrl Pts',(59.7025507916612,-66.5645650942998,-1.));
#13636=CARTESIAN_POINT('Ctrl Pts',(59.7025507916612,-66.5645650942998,0.01));
#13637=CARTESIAN_POINT('Ctrl Pts',(59.7219722578505,-67.0913192023596,-1.));
#13638=CARTESIAN_POINT('Ctrl Pts',(59.7219722578505,-67.0913192023596,0.01));
#13639=CARTESIAN_POINT('Ctrl Pts',(59.9309956840025,-67.5744242921593,-1.));
#13640=CARTESIAN_POINT('Ctrl Pts',(59.9309956840025,-67.5744242921593,0.01));
#13641=CARTESIAN_POINT('Ctrl Pts',(60.0291647966969,-67.8013175111485,-1.));
#13642=CARTESIAN_POINT('Ctrl Pts',(60.0291647966969,-67.8013175111485,0.01));
#13643=CARTESIAN_POINT('Ctrl Pts',(59.6922507341969,-66.2852042298985,0.01));
#13644=CARTESIAN_POINT('Ctrl Pts',(59.7025507916612,-66.5645650942998,0.01));
#13645=CARTESIAN_POINT('Ctrl Pts',(59.7219722578505,-67.0913192023596,0.01));
#13646=CARTESIAN_POINT('Ctrl Pts',(59.9309956840025,-67.5744242921593,0.01));
#13647=CARTESIAN_POINT('Ctrl Pts',(60.0291647966969,-67.8013175111485,0.01));
#13648=CARTESIAN_POINT('Origin',(40.5174460466969,-66.3437979798985,0.01));
#13649=CARTESIAN_POINT('Origin',(40.5174460466969,-66.3437979798985,-1.));
#13650=CARTESIAN_POINT('',(53.1102194841969,-67.0420401673985,-1.));
#13651=CARTESIAN_POINT('',(50.4149069841969,-67.0420401673985,-1.));
#13652=CARTESIAN_POINT('',(53.1102194841969,-67.0420401673985,-1.));
#13653=CARTESIAN_POINT('',(50.4149069841969,-65.6699698548985,-1.));
#13654=CARTESIAN_POINT('',(50.4149069841969,-67.0420401673985,-1.));
#13655=CARTESIAN_POINT('',(53.1102194841969,-65.6699698548985,-1.));
#13656=CARTESIAN_POINT('',(50.4149069841969,-65.6699698548985,-1.));
#13657=CARTESIAN_POINT('',(53.1102194841969,-65.6699698548985,-1.));
#13658=CARTESIAN_POINT('Origin',(50.4149069841969,-65.6699698548985,0.));
#13659=CARTESIAN_POINT('',(50.4149069841969,-67.0420401673985,0.01));
#13660=CARTESIAN_POINT('',(50.4149069841969,-67.0420401673985,0.));
#13661=CARTESIAN_POINT('',(50.4149069841969,-65.6699698548985,0.01));
#13662=CARTESIAN_POINT('',(50.4149069841969,-67.0420401673985,0.01));
#13663=CARTESIAN_POINT('',(50.4149069841969,-65.6699698548985,0.));
#13664=CARTESIAN_POINT('Origin',(53.1102194841969,-65.6699698548985,0.));
#13665=CARTESIAN_POINT('',(53.1102194841969,-65.6699698548985,0.01));
#13666=CARTESIAN_POINT('',(50.4149069841969,-65.6699698548985,0.01));
#13667=CARTESIAN_POINT('',(53.1102194841969,-65.6699698548985,0.));
#13668=CARTESIAN_POINT('Origin',(53.1102194841969,-67.0420401673985,0.));
#13669=CARTESIAN_POINT('',(53.1102194841969,-67.0420401673985,0.01));
#13670=CARTESIAN_POINT('',(53.1102194841969,-65.6699698548985,0.01));
#13671=CARTESIAN_POINT('',(53.1102194841969,-67.0420401673985,0.));
#13672=CARTESIAN_POINT('Origin',(50.4149069841969,-67.0420401673985,0.));
#13673=CARTESIAN_POINT('',(53.1102194841969,-67.0420401673985,0.01));
#13674=CARTESIAN_POINT('Origin',(40.5174460466969,-66.3437979798985,0.01));
#13675=CARTESIAN_POINT('Origin',(40.5174460466969,-66.3437979798985,-1.));
#13676=CARTESIAN_POINT('',(12.1922507341969,-70.9238761048985,-1.));
#13677=CARTESIAN_POINT('',(12.1922507341969,-63.7656729798985,-1.));
#13678=CARTESIAN_POINT('',(12.1922507341969,-70.9238761048985,-1.));
#13679=CARTESIAN_POINT('',(13.4715476091969,-63.7656729798985,-1.));
#13680=CARTESIAN_POINT('',(12.1922507341969,-63.7656729798985,-1.));
#13681=CARTESIAN_POINT('',(13.4715476091969,-64.5273917298985,-1.));
#13682=CARTESIAN_POINT('',(13.4715476091969,-63.7656729798985,-1.));
#13683=CARTESIAN_POINT('',(14.1453757341969,-63.8926261048985,-1.));
#13684=CARTESIAN_POINT('Ctrl Pts',(13.4715476091969,-64.5273917298985,-1.));
#13685=CARTESIAN_POINT('Ctrl Pts',(13.5628890832511,-64.4027111272374,-1.));
#13686=CARTESIAN_POINT('Ctrl Pts',(13.7482855078722,-64.1496460416089,-1.));
#13687=CARTESIAN_POINT('Ctrl Pts',(14.0117270749895,-63.979131306119,-1.));
#13688=CARTESIAN_POINT('Ctrl Pts',(14.1453757341969,-63.8926261048985,-1.));
#13689=CARTESIAN_POINT('',(15.0877585466969,-63.6484854798985,-1.));
#13690=CARTESIAN_POINT('Ctrl Pts',(14.1453757341969,-63.8926261048985,-1.));
#13691=CARTESIAN_POINT('Ctrl Pts',(14.2920532455312,-63.8214225947486,-1.));
#13692=CARTESIAN_POINT('Ctrl Pts',(14.5897012863939,-63.6769315606027,-1.));
#13693=CARTESIAN_POINT('Ctrl Pts',(14.9201507540506,-63.6580582442697,-1.));
#13694=CARTESIAN_POINT('Ctrl Pts',(15.0877585466969,-63.6484854798985,-1.));
#13695=CARTESIAN_POINT('',(16.6209616716969,-64.3564932923985,-1.));
#13696=CARTESIAN_POINT('Ctrl Pts',(15.0877585466969,-63.6484854798985,-1.));
#13697=CARTESIAN_POINT('Ctrl Pts',(15.3788666481545,-63.6795689870026,-1.));
#13698=CARTESIAN_POINT('Ctrl Pts',(15.9691664993781,-63.7425991449652,-1.));
#13699=CARTESIAN_POINT('Ctrl Pts',(16.4017221219607,-64.1500022317327,-1.));
#13700=CARTESIAN_POINT('Ctrl Pts',(16.6209616716969,-64.3564932923985,-1.));
#13701=CARTESIAN_POINT('',(17.2508444841969,-66.3291495423985,-1.));
#13702=CARTESIAN_POINT('Ctrl Pts',(16.6209616716969,-64.3564932923985,-1.));
#13703=CARTESIAN_POINT('Ctrl Pts',(16.8043736749121,-64.6301749823132,-1.));
#13704=CARTESIAN_POINT('Ctrl Pts',(17.2026747883886,-65.2245075228244,-1.));
#13705=CARTESIAN_POINT('Ctrl Pts',(17.2339636816774,-65.942033878198,-1.));
#13706=CARTESIAN_POINT('Ctrl Pts',(17.2508444841969,-66.3291495423985,-1.));
#13707=CARTESIAN_POINT('',(16.6160788591969,-68.3481925111485,-1.));
#13708=CARTESIAN_POINT('Ctrl Pts',(17.2508444841969,-66.3291495423985,-1.));
#13709=CARTESIAN_POINT('Ctrl Pts',(17.234315668728,-66.7259231628453,-1.));
#13710=CARTESIAN_POINT('Ctrl Pts',(17.2037804594101,-67.4589197635401,-1.));
#13711=CARTESIAN_POINT('Ctrl Pts',(16.8008854106687,-68.0685549710367,-1.));
#13712=CARTESIAN_POINT('Ctrl Pts',(16.6160788591969,-68.3481925111485,-1.));
#13713=CARTESIAN_POINT('',(15.0779929216969,-69.0684073548985,-1.));
#13714=CARTESIAN_POINT('Ctrl Pts',(16.6160788591969,-68.3481925111485,-1.));
#13715=CARTESIAN_POINT('Ctrl Pts',(16.3960103734394,-68.5582366233044,-1.));
#13716=CARTESIAN_POINT('Ctrl Pts',(15.9634122617541,-68.9711293915556,-1.));
#13717=CARTESIAN_POINT('Ctrl Pts',(15.3696837453279,-69.0363602920381,-1.));
#13718=CARTESIAN_POINT('Ctrl Pts',(15.0779929216969,-69.0684073548985,-1.));
#13719=CARTESIAN_POINT('',(14.2991843279469,-68.8975089173985,-1.));
#13720=CARTESIAN_POINT('Ctrl Pts',(15.0779929216969,-69.0684073548985,-1.));
#13721=CARTESIAN_POINT('Ctrl Pts',(14.9397209487889,-69.0620577366718,-1.));
#13722=CARTESIAN_POINT('Ctrl Pts',(14.6701929346381,-69.0496806803874,-1.));
#13723=CARTESIAN_POINT('Ctrl Pts',(14.4206889644861,-68.9473448899879,-1.));
#13724=CARTESIAN_POINT('Ctrl Pts',(14.2991843279469,-68.8975089173985,-1.));
#13725=CARTESIAN_POINT('',(13.5643210466969,-68.3115714173985,-1.));
#13726=CARTESIAN_POINT('Ctrl Pts',(14.2991843279469,-68.8975089173985,-1.));
#13727=CARTESIAN_POINT('Ctrl Pts',(14.1761929408358,-68.8247498630472,-1.));
#13728=CARTESIAN_POINT('Ctrl Pts',(13.9042583926833,-68.663879244106,-1.));
#13729=CARTESIAN_POINT('Ctrl Pts',(13.6846204632761,-68.4362485866169,-1.));
#13730=CARTESIAN_POINT('Ctrl Pts',(13.5643210466969,-68.3115714173985,-1.));
#13731=CARTESIAN_POINT('',(13.5643210466969,-70.9238761048985,-1.));
#13732=CARTESIAN_POINT('',(13.5643210466969,-68.3115714173985,-1.));
#13733=CARTESIAN_POINT('',(13.5643210466969,-70.9238761048985,-1.));
#13734=CARTESIAN_POINT('',(13.8817038591969,-65.1206534486485,-1.));
#13735=CARTESIAN_POINT('',(13.5496726091969,-66.2705557923985,-1.));
#13736=CARTESIAN_POINT('Ctrl Pts',(13.8817038591969,-65.1206534486485,-1.));
#13737=CARTESIAN_POINT('Ctrl Pts',(13.7851528568448,-65.276980498972,-1.));
#13738=CARTESIAN_POINT('Ctrl Pts',(13.5686627936463,-65.627502525463,-1.));
#13739=CARTESIAN_POINT('Ctrl Pts',(13.5564427272555,-66.0413033305927,-1.));
#13740=CARTESIAN_POINT('Ctrl Pts',(13.5496726091969,-66.2705557923985,-1.));
#13741=CARTESIAN_POINT('',(13.8963522966969,-67.5620596986485,-1.));
#13742=CARTESIAN_POINT('Ctrl Pts',(13.5496726091969,-66.2705557923985,-1.));
#13743=CARTESIAN_POINT('Ctrl Pts',(13.5551325737676,-66.5306963927841,-1.));
#13744=CARTESIAN_POINT('Ctrl Pts',(13.5648173252821,-66.9921274224056,-1.));
#13745=CARTESIAN_POINT('Ctrl Pts',(13.795654159024,-67.3889524135485,-1.));
#13746=CARTESIAN_POINT('Ctrl Pts',(13.8963522966969,-67.5620596986485,-1.));
#13747=CARTESIAN_POINT('',(14.7410788591969,-67.9795401673985,-1.));
#13748=CARTESIAN_POINT('Ctrl Pts',(13.8963522966969,-67.5620596986485,-1.));
#13749=CARTESIAN_POINT('Ctrl Pts',(14.0160651866847,-67.6838029209374,-1.));
#13750=CARTESIAN_POINT('Ctrl Pts',(14.2497003341112,-67.9214005237564,-1.));
#13751=CARTESIAN_POINT('Ctrl Pts',(14.5800149599646,-67.9604831731936,-1.));
#13752=CARTESIAN_POINT('Ctrl Pts',(14.7410788591969,-67.9795401673985,-1.));
#13753=CARTESIAN_POINT('',(15.5369772966969,-67.5962393861485,-1.));
#13754=CARTESIAN_POINT('Ctrl Pts',(14.7410788591969,-67.9795401673985,-1.));
#13755=CARTESIAN_POINT('Ctrl Pts',(14.8944548153403,-67.9628571446608,-1.));
#13756=CARTESIAN_POINT('Ctrl Pts',(15.2047247002139,-67.9291084419677,-1.));
#13757=CARTESIAN_POINT('Ctrl Pts',(15.4253924228795,-67.7080312938249,-1.));
#13758=CARTESIAN_POINT('Ctrl Pts',(15.5369772966969,-67.5962393861485,-1.));
#13759=CARTESIAN_POINT('',(15.8543601091969,-66.3389151673985,-1.));
#13760=CARTESIAN_POINT('Ctrl Pts',(15.5369772966969,-67.5962393861485,-1.));
#13761=CARTESIAN_POINT('Ctrl Pts',(15.6290340272858,-67.4311306199071,-1.));
#13762=CARTESIAN_POINT('Ctrl Pts',(15.8454713734039,-67.0429384371359,-1.));
#13763=CARTESIAN_POINT('Ctrl Pts',(15.8511161885306,-66.5958466014506,-1.));
#13764=CARTESIAN_POINT('Ctrl Pts',(15.8543601091969,-66.3389151673985,-1.));
#13765=CARTESIAN_POINT('',(15.5272116716969,-65.1279776673985,-1.));
#13766=CARTESIAN_POINT('Ctrl Pts',(15.8543601091969,-66.3389151673985,-1.));
#13767=CARTESIAN_POINT('Ctrl Pts',(15.8489224672777,-66.0956995761186,-1.));
#13768=CARTESIAN_POINT('Ctrl Pts',(15.8392466120454,-65.6629166002577,-1.));
#13769=CARTESIAN_POINT('Ctrl Pts',(15.6222572461829,-65.29091960631,-1.));
#13770=CARTESIAN_POINT('Ctrl Pts',(15.5272116716969,-65.1279776673985,-1.));
#13771=CARTESIAN_POINT('',(14.7166647966969,-64.7324698548985,-1.));
#13772=CARTESIAN_POINT('Ctrl Pts',(15.5272116716969,-65.1279776673985,-1.));
#13773=CARTESIAN_POINT('Ctrl Pts',(15.4130946368208,-65.0126313140288,-1.));
#13774=CARTESIAN_POINT('Ctrl Pts',(15.1887520268672,-64.7858719875909,-1.));
#13775=CARTESIAN_POINT('Ctrl Pts',(14.8721968788266,-64.7500635205539,-1.));
#13776=CARTESIAN_POINT('Ctrl Pts',(14.7166647966969,-64.7324698548985,-1.));
#13777=CARTESIAN_POINT('Ctrl Pts',(14.7166647966969,-64.7324698548985,-1.));
#13778=CARTESIAN_POINT('Ctrl Pts',(14.5558971130611,-64.748931842934,-1.));
#13779=CARTESIAN_POINT('Ctrl Pts',(14.2329159694714,-64.7820038608994,-1.));
#13780=CARTESIAN_POINT('Ctrl Pts',(13.9991234083205,-65.0074338849115,-1.));
#13781=CARTESIAN_POINT('Ctrl Pts',(13.8817038591969,-65.1206534486485,-1.));
#13782=CARTESIAN_POINT('Ctrl Pts',(13.8963522966969,-67.5620596986485,-1.));
#13783=CARTESIAN_POINT('Ctrl Pts',(13.8963522966969,-67.5620596986485,0.01));
#13784=CARTESIAN_POINT('Ctrl Pts',(13.795654159024,-67.3889524135485,-1.));
#13785=CARTESIAN_POINT('Ctrl Pts',(13.795654159024,-67.3889524135485,0.01));
#13786=CARTESIAN_POINT('Ctrl Pts',(13.5648173252821,-66.9921274224056,-1.));
#13787=CARTESIAN_POINT('Ctrl Pts',(13.5648173252821,-66.9921274224056,0.01));
#13788=CARTESIAN_POINT('Ctrl Pts',(13.5551325737676,-66.5306963927841,-1.));
#13789=CARTESIAN_POINT('Ctrl Pts',(13.5551325737676,-66.5306963927841,0.01));
#13790=CARTESIAN_POINT('Ctrl Pts',(13.5496726091969,-66.2705557923985,-1.));
#13791=CARTESIAN_POINT('Ctrl Pts',(13.5496726091969,-66.2705557923985,0.01));
#13792=CARTESIAN_POINT('',(13.5496726091969,-66.2705557923985,0.01));
#13793=CARTESIAN_POINT('',(13.5496726091969,-66.2705557923985,0.));
#13794=CARTESIAN_POINT('',(13.8963522966969,-67.5620596986485,0.01));
#13795=CARTESIAN_POINT('Ctrl Pts',(13.8963522966969,-67.5620596986485,0.01));
#13796=CARTESIAN_POINT('Ctrl Pts',(13.795654159024,-67.3889524135485,0.01));
#13797=CARTESIAN_POINT('Ctrl Pts',(13.5648173252821,-66.9921274224056,0.01));
#13798=CARTESIAN_POINT('Ctrl Pts',(13.5551325737676,-66.5306963927841,0.01));
#13799=CARTESIAN_POINT('Ctrl Pts',(13.5496726091969,-66.2705557923985,0.01));
#13800=CARTESIAN_POINT('',(13.8963522966969,-67.5620596986485,0.));
#13801=CARTESIAN_POINT('Ctrl Pts',(14.7410788591969,-67.9795401673985,-1.));
#13802=CARTESIAN_POINT('Ctrl Pts',(14.7410788591969,-67.9795401673985,0.01));
#13803=CARTESIAN_POINT('Ctrl Pts',(14.5800149599646,-67.9604831731936,-1.));
#13804=CARTESIAN_POINT('Ctrl Pts',(14.5800149599646,-67.9604831731936,0.01));
#13805=CARTESIAN_POINT('Ctrl Pts',(14.2497003341112,-67.9214005237564,-1.));
#13806=CARTESIAN_POINT('Ctrl Pts',(14.2497003341112,-67.9214005237564,0.01));
#13807=CARTESIAN_POINT('Ctrl Pts',(14.0160651866847,-67.6838029209374,-1.));
#13808=CARTESIAN_POINT('Ctrl Pts',(14.0160651866847,-67.6838029209374,0.01));
#13809=CARTESIAN_POINT('Ctrl Pts',(13.8963522966969,-67.5620596986485,-1.));
#13810=CARTESIAN_POINT('Ctrl Pts',(13.8963522966969,-67.5620596986485,0.01));
#13811=CARTESIAN_POINT('',(14.7410788591969,-67.9795401673985,0.01));
#13812=CARTESIAN_POINT('Ctrl Pts',(14.7410788591969,-67.9795401673985,0.01));
#13813=CARTESIAN_POINT('Ctrl Pts',(14.5800149599646,-67.9604831731936,0.01));
#13814=CARTESIAN_POINT('Ctrl Pts',(14.2497003341112,-67.9214005237564,0.01));
#13815=CARTESIAN_POINT('Ctrl Pts',(14.0160651866847,-67.6838029209374,0.01));
#13816=CARTESIAN_POINT('Ctrl Pts',(13.8963522966969,-67.5620596986485,0.01));
#13817=CARTESIAN_POINT('',(14.7410788591969,-67.9795401673985,0.));
#13818=CARTESIAN_POINT('Ctrl Pts',(15.5369772966969,-67.5962393861485,-1.));
#13819=CARTESIAN_POINT('Ctrl Pts',(15.5369772966969,-67.5962393861485,0.01));
#13820=CARTESIAN_POINT('Ctrl Pts',(15.4253924228795,-67.7080312938249,-1.));
#13821=CARTESIAN_POINT('Ctrl Pts',(15.4253924228795,-67.7080312938249,0.01));
#13822=CARTESIAN_POINT('Ctrl Pts',(15.2047247002139,-67.9291084419677,-1.));
#13823=CARTESIAN_POINT('Ctrl Pts',(15.2047247002139,-67.9291084419677,0.01));
#13824=CARTESIAN_POINT('Ctrl Pts',(14.8944548153403,-67.9628571446608,-1.));
#13825=CARTESIAN_POINT('Ctrl Pts',(14.8944548153403,-67.9628571446608,0.01));
#13826=CARTESIAN_POINT('Ctrl Pts',(14.7410788591969,-67.9795401673985,-1.));
#13827=CARTESIAN_POINT('Ctrl Pts',(14.7410788591969,-67.9795401673985,0.01));
#13828=CARTESIAN_POINT('',(15.5369772966969,-67.5962393861485,0.01));
#13829=CARTESIAN_POINT('Ctrl Pts',(15.5369772966969,-67.5962393861485,0.01));
#13830=CARTESIAN_POINT('Ctrl Pts',(15.4253924228795,-67.7080312938249,0.01));
#13831=CARTESIAN_POINT('Ctrl Pts',(15.2047247002139,-67.9291084419677,0.01));
#13832=CARTESIAN_POINT('Ctrl Pts',(14.8944548153403,-67.9628571446608,0.01));
#13833=CARTESIAN_POINT('Ctrl Pts',(14.7410788591969,-67.9795401673985,0.01));
#13834=CARTESIAN_POINT('',(15.5369772966969,-67.5962393861485,0.));
#13835=CARTESIAN_POINT('Ctrl Pts',(15.8543601091969,-66.3389151673985,-1.));
#13836=CARTESIAN_POINT('Ctrl Pts',(15.8543601091969,-66.3389151673985,0.01));
#13837=CARTESIAN_POINT('Ctrl Pts',(15.8511161885306,-66.5958466014506,-1.));
#13838=CARTESIAN_POINT('Ctrl Pts',(15.8511161885306,-66.5958466014506,0.01));
#13839=CARTESIAN_POINT('Ctrl Pts',(15.8454713734039,-67.0429384371359,-1.));
#13840=CARTESIAN_POINT('Ctrl Pts',(15.8454713734039,-67.0429384371359,0.01));
#13841=CARTESIAN_POINT('Ctrl Pts',(15.6290340272858,-67.4311306199071,-1.));
#13842=CARTESIAN_POINT('Ctrl Pts',(15.6290340272858,-67.4311306199071,0.01));
#13843=CARTESIAN_POINT('Ctrl Pts',(15.5369772966969,-67.5962393861485,-1.));
#13844=CARTESIAN_POINT('Ctrl Pts',(15.5369772966969,-67.5962393861485,0.01));
#13845=CARTESIAN_POINT('',(15.8543601091969,-66.3389151673985,0.01));
#13846=CARTESIAN_POINT('Ctrl Pts',(15.8543601091969,-66.3389151673985,0.01));
#13847=CARTESIAN_POINT('Ctrl Pts',(15.8511161885306,-66.5958466014506,0.01));
#13848=CARTESIAN_POINT('Ctrl Pts',(15.8454713734039,-67.0429384371359,0.01));
#13849=CARTESIAN_POINT('Ctrl Pts',(15.6290340272858,-67.4311306199071,0.01));
#13850=CARTESIAN_POINT('Ctrl Pts',(15.5369772966969,-67.5962393861485,0.01));
#13851=CARTESIAN_POINT('',(15.8543601091969,-66.3389151673985,0.));
#13852=CARTESIAN_POINT('Ctrl Pts',(15.5272116716969,-65.1279776673985,-1.));
#13853=CARTESIAN_POINT('Ctrl Pts',(15.5272116716969,-65.1279776673985,0.01));
#13854=CARTESIAN_POINT('Ctrl Pts',(15.6222572461829,-65.29091960631,-1.));
#13855=CARTESIAN_POINT('Ctrl Pts',(15.6222572461829,-65.29091960631,0.01));
#13856=CARTESIAN_POINT('Ctrl Pts',(15.8392466120454,-65.6629166002577,-1.));
#13857=CARTESIAN_POINT('Ctrl Pts',(15.8392466120454,-65.6629166002577,0.01));
#13858=CARTESIAN_POINT('Ctrl Pts',(15.8489224672777,-66.0956995761186,-1.));
#13859=CARTESIAN_POINT('Ctrl Pts',(15.8489224672777,-66.0956995761186,0.01));
#13860=CARTESIAN_POINT('Ctrl Pts',(15.8543601091969,-66.3389151673985,-1.));
#13861=CARTESIAN_POINT('Ctrl Pts',(15.8543601091969,-66.3389151673985,0.01));
#13862=CARTESIAN_POINT('',(15.5272116716969,-65.1279776673985,0.01));
#13863=CARTESIAN_POINT('Ctrl Pts',(15.5272116716969,-65.1279776673985,0.01));
#13864=CARTESIAN_POINT('Ctrl Pts',(15.6222572461829,-65.29091960631,0.01));
#13865=CARTESIAN_POINT('Ctrl Pts',(15.8392466120454,-65.6629166002577,0.01));
#13866=CARTESIAN_POINT('Ctrl Pts',(15.8489224672777,-66.0956995761186,0.01));
#13867=CARTESIAN_POINT('Ctrl Pts',(15.8543601091969,-66.3389151673985,0.01));
#13868=CARTESIAN_POINT('',(15.5272116716969,-65.1279776673985,0.));
#13869=CARTESIAN_POINT('Ctrl Pts',(14.7166647966969,-64.7324698548985,-1.));
#13870=CARTESIAN_POINT('Ctrl Pts',(14.7166647966969,-64.7324698548985,0.01));
#13871=CARTESIAN_POINT('Ctrl Pts',(14.8721968788266,-64.7500635205539,-1.));
#13872=CARTESIAN_POINT('Ctrl Pts',(14.8721968788266,-64.7500635205539,0.01));
#13873=CARTESIAN_POINT('Ctrl Pts',(15.1887520268672,-64.7858719875909,-1.));
#13874=CARTESIAN_POINT('Ctrl Pts',(15.1887520268672,-64.7858719875909,0.01));
#13875=CARTESIAN_POINT('Ctrl Pts',(15.4130946368208,-65.0126313140288,-1.));
#13876=CARTESIAN_POINT('Ctrl Pts',(15.4130946368208,-65.0126313140288,0.01));
#13877=CARTESIAN_POINT('Ctrl Pts',(15.5272116716969,-65.1279776673985,-1.));
#13878=CARTESIAN_POINT('Ctrl Pts',(15.5272116716969,-65.1279776673985,0.01));
#13879=CARTESIAN_POINT('',(14.7166647966969,-64.7324698548985,0.01));
#13880=CARTESIAN_POINT('Ctrl Pts',(14.7166647966969,-64.7324698548985,0.01));
#13881=CARTESIAN_POINT('Ctrl Pts',(14.8721968788266,-64.7500635205539,0.01));
#13882=CARTESIAN_POINT('Ctrl Pts',(15.1887520268672,-64.7858719875909,0.01));
#13883=CARTESIAN_POINT('Ctrl Pts',(15.4130946368208,-65.0126313140288,0.01));
#13884=CARTESIAN_POINT('Ctrl Pts',(15.5272116716969,-65.1279776673985,0.01));
#13885=CARTESIAN_POINT('',(14.7166647966969,-64.7324698548985,0.));
#13886=CARTESIAN_POINT('Ctrl Pts',(13.8817038591969,-65.1206534486485,-1.));
#13887=CARTESIAN_POINT('Ctrl Pts',(13.8817038591969,-65.1206534486485,0.01));
#13888=CARTESIAN_POINT('Ctrl Pts',(13.9991234083205,-65.0074338849115,-1.));
#13889=CARTESIAN_POINT('Ctrl Pts',(13.9991234083205,-65.0074338849115,0.01));
#13890=CARTESIAN_POINT('Ctrl Pts',(14.2329159694714,-64.7820038608994,-1.));
#13891=CARTESIAN_POINT('Ctrl Pts',(14.2329159694714,-64.7820038608994,0.01));
#13892=CARTESIAN_POINT('Ctrl Pts',(14.5558971130611,-64.748931842934,-1.));
#13893=CARTESIAN_POINT('Ctrl Pts',(14.5558971130611,-64.748931842934,0.01));
#13894=CARTESIAN_POINT('Ctrl Pts',(14.7166647966969,-64.7324698548985,-1.));
#13895=CARTESIAN_POINT('Ctrl Pts',(14.7166647966969,-64.7324698548985,0.01));
#13896=CARTESIAN_POINT('',(13.8817038591969,-65.1206534486485,0.01));
#13897=CARTESIAN_POINT('Ctrl Pts',(13.8817038591969,-65.1206534486485,0.01));
#13898=CARTESIAN_POINT('Ctrl Pts',(13.9991234083205,-65.0074338849115,0.01));
#13899=CARTESIAN_POINT('Ctrl Pts',(14.2329159694714,-64.7820038608994,0.01));
#13900=CARTESIAN_POINT('Ctrl Pts',(14.5558971130611,-64.748931842934,0.01));
#13901=CARTESIAN_POINT('Ctrl Pts',(14.7166647966969,-64.7324698548985,0.01));
#13902=CARTESIAN_POINT('',(13.8817038591969,-65.1206534486485,0.));
#13903=CARTESIAN_POINT('Ctrl Pts',(13.5496726091969,-66.2705557923985,-1.));
#13904=CARTESIAN_POINT('Ctrl Pts',(13.5496726091969,-66.2705557923985,0.01));
#13905=CARTESIAN_POINT('Ctrl Pts',(13.5564427272555,-66.0413033305927,-1.));
#13906=CARTESIAN_POINT('Ctrl Pts',(13.5564427272555,-66.0413033305927,0.01));
#13907=CARTESIAN_POINT('Ctrl Pts',(13.5686627936463,-65.627502525463,-1.));
#13908=CARTESIAN_POINT('Ctrl Pts',(13.5686627936463,-65.627502525463,0.01));
#13909=CARTESIAN_POINT('Ctrl Pts',(13.7851528568448,-65.276980498972,-1.));
#13910=CARTESIAN_POINT('Ctrl Pts',(13.7851528568448,-65.276980498972,0.01));
#13911=CARTESIAN_POINT('Ctrl Pts',(13.8817038591969,-65.1206534486485,-1.));
#13912=CARTESIAN_POINT('Ctrl Pts',(13.8817038591969,-65.1206534486485,0.01));
#13913=CARTESIAN_POINT('Ctrl Pts',(13.5496726091969,-66.2705557923985,0.01));
#13914=CARTESIAN_POINT('Ctrl Pts',(13.5564427272555,-66.0413033305927,0.01));
#13915=CARTESIAN_POINT('Ctrl Pts',(13.5686627936463,-65.627502525463,0.01));
#13916=CARTESIAN_POINT('Ctrl Pts',(13.7851528568448,-65.276980498972,0.01));
#13917=CARTESIAN_POINT('Ctrl Pts',(13.8817038591969,-65.1206534486485,0.01));
#13918=CARTESIAN_POINT('Origin',(13.4715476091969,-63.7656729798985,0.));
#13919=CARTESIAN_POINT('',(12.1922507341969,-63.7656729798985,0.01));
#13920=CARTESIAN_POINT('',(12.1922507341969,-63.7656729798985,0.));
#13921=CARTESIAN_POINT('',(13.4715476091969,-63.7656729798985,0.01));
#13922=CARTESIAN_POINT('',(12.1922507341969,-63.7656729798985,0.01));
#13923=CARTESIAN_POINT('',(13.4715476091969,-63.7656729798985,0.));
#13924=CARTESIAN_POINT('Origin',(13.4715476091969,-64.5273917298985,0.));
#13925=CARTESIAN_POINT('',(13.4715476091969,-64.5273917298985,0.01));
#13926=CARTESIAN_POINT('',(13.4715476091969,-63.7656729798985,0.01));
#13927=CARTESIAN_POINT('',(13.4715476091969,-64.5273917298985,0.));
#13928=CARTESIAN_POINT('Ctrl Pts',(14.1453757341969,-63.8926261048985,-1.));
#13929=CARTESIAN_POINT('Ctrl Pts',(14.1453757341969,-63.8926261048985,0.01));
#13930=CARTESIAN_POINT('Ctrl Pts',(14.0117270749895,-63.979131306119,-1.));
#13931=CARTESIAN_POINT('Ctrl Pts',(14.0117270749895,-63.979131306119,0.01));
#13932=CARTESIAN_POINT('Ctrl Pts',(13.7482855078722,-64.1496460416089,-1.));
#13933=CARTESIAN_POINT('Ctrl Pts',(13.7482855078722,-64.1496460416089,0.01));
#13934=CARTESIAN_POINT('Ctrl Pts',(13.5628890832511,-64.4027111272374,-1.));
#13935=CARTESIAN_POINT('Ctrl Pts',(13.5628890832511,-64.4027111272374,0.01));
#13936=CARTESIAN_POINT('Ctrl Pts',(13.4715476091969,-64.5273917298985,-1.));
#13937=CARTESIAN_POINT('Ctrl Pts',(13.4715476091969,-64.5273917298985,0.01));
#13938=CARTESIAN_POINT('',(14.1453757341969,-63.8926261048985,0.01));
#13939=CARTESIAN_POINT('Ctrl Pts',(14.1453757341969,-63.8926261048985,0.01));
#13940=CARTESIAN_POINT('Ctrl Pts',(14.0117270749895,-63.979131306119,0.01));
#13941=CARTESIAN_POINT('Ctrl Pts',(13.7482855078722,-64.1496460416089,0.01));
#13942=CARTESIAN_POINT('Ctrl Pts',(13.5628890832511,-64.4027111272374,0.01));
#13943=CARTESIAN_POINT('Ctrl Pts',(13.4715476091969,-64.5273917298985,0.01));
#13944=CARTESIAN_POINT('',(14.1453757341969,-63.8926261048985,0.));
#13945=CARTESIAN_POINT('Ctrl Pts',(15.0877585466969,-63.6484854798985,-1.));
#13946=CARTESIAN_POINT('Ctrl Pts',(15.0877585466969,-63.6484854798985,0.01));
#13947=CARTESIAN_POINT('Ctrl Pts',(14.9201507540506,-63.6580582442697,-1.));
#13948=CARTESIAN_POINT('Ctrl Pts',(14.9201507540506,-63.6580582442697,0.01));
#13949=CARTESIAN_POINT('Ctrl Pts',(14.5897012863939,-63.6769315606027,-1.));
#13950=CARTESIAN_POINT('Ctrl Pts',(14.5897012863939,-63.6769315606027,0.01));
#13951=CARTESIAN_POINT('Ctrl Pts',(14.2920532455312,-63.8214225947486,-1.));
#13952=CARTESIAN_POINT('Ctrl Pts',(14.2920532455312,-63.8214225947486,0.01));
#13953=CARTESIAN_POINT('Ctrl Pts',(14.1453757341969,-63.8926261048985,-1.));
#13954=CARTESIAN_POINT('Ctrl Pts',(14.1453757341969,-63.8926261048985,0.01));
#13955=CARTESIAN_POINT('',(15.0877585466969,-63.6484854798985,0.01));
#13956=CARTESIAN_POINT('Ctrl Pts',(15.0877585466969,-63.6484854798985,0.01));
#13957=CARTESIAN_POINT('Ctrl Pts',(14.9201507540506,-63.6580582442697,0.01));
#13958=CARTESIAN_POINT('Ctrl Pts',(14.5897012863939,-63.6769315606027,0.01));
#13959=CARTESIAN_POINT('Ctrl Pts',(14.2920532455312,-63.8214225947486,0.01));
#13960=CARTESIAN_POINT('Ctrl Pts',(14.1453757341969,-63.8926261048985,0.01));
#13961=CARTESIAN_POINT('',(15.0877585466969,-63.6484854798985,0.));
#13962=CARTESIAN_POINT('Ctrl Pts',(16.6209616716969,-64.3564932923985,-1.));
#13963=CARTESIAN_POINT('Ctrl Pts',(16.6209616716969,-64.3564932923985,0.01));
#13964=CARTESIAN_POINT('Ctrl Pts',(16.4017221219607,-64.1500022317327,-1.));
#13965=CARTESIAN_POINT('Ctrl Pts',(16.4017221219607,-64.1500022317327,0.01));
#13966=CARTESIAN_POINT('Ctrl Pts',(15.9691664993781,-63.7425991449652,-1.));
#13967=CARTESIAN_POINT('Ctrl Pts',(15.9691664993781,-63.7425991449652,0.01));
#13968=CARTESIAN_POINT('Ctrl Pts',(15.3788666481545,-63.6795689870026,-1.));
#13969=CARTESIAN_POINT('Ctrl Pts',(15.3788666481545,-63.6795689870026,0.01));
#13970=CARTESIAN_POINT('Ctrl Pts',(15.0877585466969,-63.6484854798985,-1.));
#13971=CARTESIAN_POINT('Ctrl Pts',(15.0877585466969,-63.6484854798985,0.01));
#13972=CARTESIAN_POINT('',(16.6209616716969,-64.3564932923985,0.01));
#13973=CARTESIAN_POINT('Ctrl Pts',(16.6209616716969,-64.3564932923985,0.01));
#13974=CARTESIAN_POINT('Ctrl Pts',(16.4017221219607,-64.1500022317327,0.01));
#13975=CARTESIAN_POINT('Ctrl Pts',(15.9691664993781,-63.7425991449652,0.01));
#13976=CARTESIAN_POINT('Ctrl Pts',(15.3788666481545,-63.6795689870026,0.01));
#13977=CARTESIAN_POINT('Ctrl Pts',(15.0877585466969,-63.6484854798985,0.01));
#13978=CARTESIAN_POINT('',(16.6209616716969,-64.3564932923985,0.));
#13979=CARTESIAN_POINT('Ctrl Pts',(17.2508444841969,-66.3291495423985,-1.));
#13980=CARTESIAN_POINT('Ctrl Pts',(17.2508444841969,-66.3291495423985,0.01));
#13981=CARTESIAN_POINT('Ctrl Pts',(17.2339636816774,-65.942033878198,-1.));
#13982=CARTESIAN_POINT('Ctrl Pts',(17.2339636816774,-65.942033878198,0.01));
#13983=CARTESIAN_POINT('Ctrl Pts',(17.2026747883886,-65.2245075228244,-1.));
#13984=CARTESIAN_POINT('Ctrl Pts',(17.2026747883886,-65.2245075228244,0.01));
#13985=CARTESIAN_POINT('Ctrl Pts',(16.8043736749121,-64.6301749823132,-1.));
#13986=CARTESIAN_POINT('Ctrl Pts',(16.8043736749121,-64.6301749823132,0.01));
#13987=CARTESIAN_POINT('Ctrl Pts',(16.6209616716969,-64.3564932923985,-1.));
#13988=CARTESIAN_POINT('Ctrl Pts',(16.6209616716969,-64.3564932923985,0.01));
#13989=CARTESIAN_POINT('',(17.2508444841969,-66.3291495423985,0.01));
#13990=CARTESIAN_POINT('Ctrl Pts',(17.2508444841969,-66.3291495423985,0.01));
#13991=CARTESIAN_POINT('Ctrl Pts',(17.2339636816774,-65.942033878198,0.01));
#13992=CARTESIAN_POINT('Ctrl Pts',(17.2026747883886,-65.2245075228244,0.01));
#13993=CARTESIAN_POINT('Ctrl Pts',(16.8043736749121,-64.6301749823132,0.01));
#13994=CARTESIAN_POINT('Ctrl Pts',(16.6209616716969,-64.3564932923985,0.01));
#13995=CARTESIAN_POINT('',(17.2508444841969,-66.3291495423985,0.));
#13996=CARTESIAN_POINT('Ctrl Pts',(16.6160788591969,-68.3481925111485,-1.));
#13997=CARTESIAN_POINT('Ctrl Pts',(16.6160788591969,-68.3481925111485,0.01));
#13998=CARTESIAN_POINT('Ctrl Pts',(16.8008854106687,-68.0685549710367,-1.));
#13999=CARTESIAN_POINT('Ctrl Pts',(16.8008854106687,-68.0685549710367,0.01));
#14000=CARTESIAN_POINT('Ctrl Pts',(17.2037804594101,-67.4589197635401,-1.));
#14001=CARTESIAN_POINT('Ctrl Pts',(17.2037804594101,-67.4589197635401,0.01));
#14002=CARTESIAN_POINT('Ctrl Pts',(17.234315668728,-66.7259231628453,-1.));
#14003=CARTESIAN_POINT('Ctrl Pts',(17.234315668728,-66.7259231628453,0.01));
#14004=CARTESIAN_POINT('Ctrl Pts',(17.2508444841969,-66.3291495423985,-1.));
#14005=CARTESIAN_POINT('Ctrl Pts',(17.2508444841969,-66.3291495423985,0.01));
#14006=CARTESIAN_POINT('',(16.6160788591969,-68.3481925111485,0.01));
#14007=CARTESIAN_POINT('Ctrl Pts',(16.6160788591969,-68.3481925111485,0.01));
#14008=CARTESIAN_POINT('Ctrl Pts',(16.8008854106687,-68.0685549710367,0.01));
#14009=CARTESIAN_POINT('Ctrl Pts',(17.2037804594101,-67.4589197635401,0.01));
#14010=CARTESIAN_POINT('Ctrl Pts',(17.234315668728,-66.7259231628453,0.01));
#14011=CARTESIAN_POINT('Ctrl Pts',(17.2508444841969,-66.3291495423985,0.01));
#14012=CARTESIAN_POINT('',(16.6160788591969,-68.3481925111485,0.));
#14013=CARTESIAN_POINT('Ctrl Pts',(15.0779929216969,-69.0684073548985,-1.));
#14014=CARTESIAN_POINT('Ctrl Pts',(15.0779929216969,-69.0684073548985,0.01));
#14015=CARTESIAN_POINT('Ctrl Pts',(15.3696837453279,-69.0363602920381,-1.));
#14016=CARTESIAN_POINT('Ctrl Pts',(15.3696837453279,-69.0363602920381,0.01));
#14017=CARTESIAN_POINT('Ctrl Pts',(15.9634122617541,-68.9711293915556,-1.));
#14018=CARTESIAN_POINT('Ctrl Pts',(15.9634122617541,-68.9711293915556,0.01));
#14019=CARTESIAN_POINT('Ctrl Pts',(16.3960103734394,-68.5582366233044,-1.));
#14020=CARTESIAN_POINT('Ctrl Pts',(16.3960103734394,-68.5582366233044,0.01));
#14021=CARTESIAN_POINT('Ctrl Pts',(16.6160788591969,-68.3481925111485,-1.));
#14022=CARTESIAN_POINT('Ctrl Pts',(16.6160788591969,-68.3481925111485,0.01));
#14023=CARTESIAN_POINT('',(15.0779929216969,-69.0684073548985,0.01));
#14024=CARTESIAN_POINT('Ctrl Pts',(15.0779929216969,-69.0684073548985,0.01));
#14025=CARTESIAN_POINT('Ctrl Pts',(15.3696837453279,-69.0363602920381,0.01));
#14026=CARTESIAN_POINT('Ctrl Pts',(15.9634122617541,-68.9711293915556,0.01));
#14027=CARTESIAN_POINT('Ctrl Pts',(16.3960103734394,-68.5582366233044,0.01));
#14028=CARTESIAN_POINT('Ctrl Pts',(16.6160788591969,-68.3481925111485,0.01));
#14029=CARTESIAN_POINT('',(15.0779929216969,-69.0684073548985,0.));
#14030=CARTESIAN_POINT('Ctrl Pts',(14.2991843279469,-68.8975089173985,-1.));
#14031=CARTESIAN_POINT('Ctrl Pts',(14.2991843279469,-68.8975089173985,0.01));
#14032=CARTESIAN_POINT('Ctrl Pts',(14.4206889644861,-68.9473448899879,-1.));
#14033=CARTESIAN_POINT('Ctrl Pts',(14.4206889644861,-68.9473448899879,0.01));
#14034=CARTESIAN_POINT('Ctrl Pts',(14.6701929346381,-69.0496806803874,-1.));
#14035=CARTESIAN_POINT('Ctrl Pts',(14.6701929346381,-69.0496806803874,0.01));
#14036=CARTESIAN_POINT('Ctrl Pts',(14.9397209487889,-69.0620577366718,-1.));
#14037=CARTESIAN_POINT('Ctrl Pts',(14.9397209487889,-69.0620577366718,0.01));
#14038=CARTESIAN_POINT('Ctrl Pts',(15.0779929216969,-69.0684073548985,-1.));
#14039=CARTESIAN_POINT('Ctrl Pts',(15.0779929216969,-69.0684073548985,0.01));
#14040=CARTESIAN_POINT('',(14.2991843279469,-68.8975089173985,0.01));
#14041=CARTESIAN_POINT('Ctrl Pts',(14.2991843279469,-68.8975089173985,0.01));
#14042=CARTESIAN_POINT('Ctrl Pts',(14.4206889644861,-68.9473448899879,0.01));
#14043=CARTESIAN_POINT('Ctrl Pts',(14.6701929346381,-69.0496806803874,0.01));
#14044=CARTESIAN_POINT('Ctrl Pts',(14.9397209487889,-69.0620577366718,0.01));
#14045=CARTESIAN_POINT('Ctrl Pts',(15.0779929216969,-69.0684073548985,0.01));
#14046=CARTESIAN_POINT('',(14.2991843279469,-68.8975089173985,0.));
#14047=CARTESIAN_POINT('Ctrl Pts',(13.5643210466969,-68.3115714173985,-1.));
#14048=CARTESIAN_POINT('Ctrl Pts',(13.5643210466969,-68.3115714173985,0.01));
#14049=CARTESIAN_POINT('Ctrl Pts',(13.6846204632761,-68.4362485866169,-1.));
#14050=CARTESIAN_POINT('Ctrl Pts',(13.6846204632761,-68.4362485866169,0.01));
#14051=CARTESIAN_POINT('Ctrl Pts',(13.9042583926833,-68.663879244106,-1.));
#14052=CARTESIAN_POINT('Ctrl Pts',(13.9042583926833,-68.663879244106,0.01));
#14053=CARTESIAN_POINT('Ctrl Pts',(14.1761929408358,-68.8247498630472,-1.));
#14054=CARTESIAN_POINT('Ctrl Pts',(14.1761929408358,-68.8247498630472,0.01));
#14055=CARTESIAN_POINT('Ctrl Pts',(14.2991843279469,-68.8975089173985,-1.));
#14056=CARTESIAN_POINT('Ctrl Pts',(14.2991843279469,-68.8975089173985,0.01));
#14057=CARTESIAN_POINT('',(13.5643210466969,-68.3115714173985,0.01));
#14058=CARTESIAN_POINT('Ctrl Pts',(13.5643210466969,-68.3115714173985,0.01));
#14059=CARTESIAN_POINT('Ctrl Pts',(13.6846204632761,-68.4362485866169,0.01));
#14060=CARTESIAN_POINT('Ctrl Pts',(13.9042583926833,-68.663879244106,0.01));
#14061=CARTESIAN_POINT('Ctrl Pts',(14.1761929408358,-68.8247498630472,0.01));
#14062=CARTESIAN_POINT('Ctrl Pts',(14.2991843279469,-68.8975089173985,0.01));
#14063=CARTESIAN_POINT('',(13.5643210466969,-68.3115714173985,0.));
#14064=CARTESIAN_POINT('Origin',(13.5643210466969,-70.9238761048985,0.));
#14065=CARTESIAN_POINT('',(13.5643210466969,-70.9238761048985,0.01));
#14066=CARTESIAN_POINT('',(13.5643210466969,-68.3115714173985,0.01));
#14067=CARTESIAN_POINT('',(13.5643210466969,-70.9238761048985,0.));
#14068=CARTESIAN_POINT('Origin',(12.1922507341969,-70.9238761048985,0.));
#14069=CARTESIAN_POINT('',(12.1922507341969,-70.9238761048985,0.01));
#14070=CARTESIAN_POINT('',(13.5643210466969,-70.9238761048985,0.01));
#14071=CARTESIAN_POINT('',(12.1922507341969,-70.9238761048985,0.));
#14072=CARTESIAN_POINT('Origin',(12.1922507341969,-63.7656729798985,0.));
#14073=CARTESIAN_POINT('',(12.1922507341969,-70.9238761048985,0.01));
#14074=CARTESIAN_POINT('Origin',(40.5174460466969,-66.3437979798985,0.01));
#14075=CARTESIAN_POINT('Origin',(40.5174460466969,-66.3437979798985,-1.));
#14076=CARTESIAN_POINT('',(3.77916479669687,-67.8672354798985,-1.));
#14077=CARTESIAN_POINT('',(4.11119604669687,-67.3008292298985,-1.));
#14078=CARTESIAN_POINT('Ctrl Pts',(3.77916479669687,-67.8672354798985,-1.));
#14079=CARTESIAN_POINT('Ctrl Pts',(3.84935385715283,-67.7943166064941,-1.));
#14080=CARTESIAN_POINT('Ctrl Pts',(4.00489148183847,-67.6327297681692,-1.));
#14081=CARTESIAN_POINT('Ctrl Pts',(4.07353119748912,-67.4184251557422,-1.));
#14082=CARTESIAN_POINT('Ctrl Pts',(4.11119604669687,-67.3008292298985,-1.));
#14083=CARTESIAN_POINT('',(5.47838354669687,-67.5303214173985,-1.));
#14084=CARTESIAN_POINT('',(4.11119604669687,-67.3008292298985,-1.));
#14085=CARTESIAN_POINT('',(4.64586401544687,-68.6753409486485,-1.));
#14086=CARTESIAN_POINT('Ctrl Pts',(5.47838354669687,-67.5303214173985,-1.));
#14087=CARTESIAN_POINT('Ctrl Pts',(5.38164117993524,-67.7632771367644,-1.));
#14088=CARTESIAN_POINT('Ctrl Pts',(5.19526423860632,-68.2120730045303,-1.));
#14089=CARTESIAN_POINT('Ctrl Pts',(4.8242814090479,-68.5248949611075,-1.));
#14090=CARTESIAN_POINT('Ctrl Pts',(4.64586401544687,-68.6753409486485,-1.));
#14091=CARTESIAN_POINT('',(3.22252417169687,-69.0684073548985,-1.));
#14092=CARTESIAN_POINT('Ctrl Pts',(4.64586401544687,-68.6753409486485,-1.));
#14093=CARTESIAN_POINT('Ctrl Pts',(4.4370932181657,-68.7898864844949,-1.));
#14094=CARTESIAN_POINT('Ctrl Pts',(3.99456697498213,-69.0326857950869,-1.));
#14095=CARTESIAN_POINT('Ctrl Pts',(3.48937925982088,-69.056060267469,-1.));
#14096=CARTESIAN_POINT('Ctrl Pts',(3.22252417169687,-69.0684073548985,-1.));
#14097=CARTESIAN_POINT('',(1.22057104669687,-68.1846182923985,-1.));
#14098=CARTESIAN_POINT('Ctrl Pts',(3.22252417169687,-69.0684073548985,-1.));
#14099=CARTESIAN_POINT('Ctrl Pts',(2.80874912123602,-69.0415435317634,-1.));
#14100=CARTESIAN_POINT('Ctrl Pts',(2.02919211318166,-68.9909317765,-1.));
#14101=CARTESIAN_POINT('Ctrl Pts',(1.47881686345632,-68.4421271465409,-1.));
#14102=CARTESIAN_POINT('Ctrl Pts',(1.22057104669687,-68.1846182923985,-1.));
#14103=CARTESIAN_POINT('',(0.707875734196872,-66.3975089173985,-1.));
#14104=CARTESIAN_POINT('Ctrl Pts',(1.22057104669687,-68.1846182923985,-1.));
#14105=CARTESIAN_POINT('Ctrl Pts',(1.07116381456039,-67.9239916440565,-1.));
#14106=CARTESIAN_POINT('Ctrl Pts',(0.754469903305153,-67.3715493595668,
-1.));
#14107=CARTESIAN_POINT('Ctrl Pts',(0.723980892071899,-66.7341835571227,
-1.));
#14108=CARTESIAN_POINT('Ctrl Pts',(0.707875734196872,-66.3975089173985,
-1.));
#14109=CARTESIAN_POINT('',(1.38170385919687,-64.3784659486485,-1.));
#14110=CARTESIAN_POINT('Ctrl Pts',(0.707875734196872,-66.3975089173985,
-1.));
#14111=CARTESIAN_POINT('Ctrl Pts',(0.726950844729757,-66.0014645190776,
-1.));
#14112=CARTESIAN_POINT('Ctrl Pts',(0.762544908580415,-65.2624475903302,
-1.));
#14113=CARTESIAN_POINT('Ctrl Pts',(1.18544084551533,-64.6586733184408,-1.));
#14114=CARTESIAN_POINT('Ctrl Pts',(1.38170385919687,-64.3784659486485,-1.));
#14115=CARTESIAN_POINT('',(3.08580542169687,-63.6484854798985,-1.));
#14116=CARTESIAN_POINT('Ctrl Pts',(1.38170385919687,-64.3784659486485,-1.));
#14117=CARTESIAN_POINT('Ctrl Pts',(1.62290903452428,-64.1655614279333,-1.));
#14118=CARTESIAN_POINT('Ctrl Pts',(2.11036440945518,-63.7352992960001,-1.));
#14119=CARTESIAN_POINT('Ctrl Pts',(2.75842267812377,-63.6776223984191,-1.));
#14120=CARTESIAN_POINT('Ctrl Pts',(3.08580542169687,-63.6484854798985,-1.));
#14121=CARTESIAN_POINT('',(4.91197729669687,-64.4126456361485,-1.));
#14122=CARTESIAN_POINT('Ctrl Pts',(3.08580542169687,-63.6484854798985,-1.));
#14123=CARTESIAN_POINT('Ctrl Pts',(3.44665500489195,-63.6752903790923,-1.));
#14124=CARTESIAN_POINT('Ctrl Pts',(4.14236281897522,-63.7269694683676,-1.));
#14125=CARTESIAN_POINT('Ctrl Pts',(4.66190914848522,-64.1898512702506,-1.));
#14126=CARTESIAN_POINT('Ctrl Pts',(4.91197729669687,-64.4126456361485,-1.));
#14127=CARTESIAN_POINT('',(5.55162573419687,-66.7539542298985,-1.));
#14128=CARTESIAN_POINT('Ctrl Pts',(4.91197729669687,-64.4126456361485,-1.));
#14129=CARTESIAN_POINT('Ctrl Pts',(5.10466315921279,-64.7268253913281,-1.));
#14130=CARTESIAN_POINT('Ctrl Pts',(5.54238198093059,-65.4405383251634,-1.));
#14131=CARTESIAN_POINT('Ctrl Pts',(5.54830824125102,-66.2825820639166,-1.));
#14132=CARTESIAN_POINT('Ctrl Pts',(5.55162573419687,-66.7539542298985,-1.));
#14133=CARTESIAN_POINT('',(2.11412573419687,-66.7539542298985,-1.));
#14134=CARTESIAN_POINT('',(5.55162573419687,-66.7539542298985,-1.));
#14135=CARTESIAN_POINT('',(2.44615698419687,-67.7036612611485,-1.));
#14136=CARTESIAN_POINT('Ctrl Pts',(2.11412573419687,-66.7539542298985,-1.));
#14137=CARTESIAN_POINT('Ctrl Pts',(2.12717442343683,-66.9410570373898,-1.));
#14138=CARTESIAN_POINT('Ctrl Pts',(2.15145416685148,-67.2891999101729,-1.));
#14139=CARTESIAN_POINT('Ctrl Pts',(2.352950874176,-67.5725789368382,-1.));
#14140=CARTESIAN_POINT('Ctrl Pts',(2.44615698419687,-67.7036612611485,-1.));
#14141=CARTESIAN_POINT('',(3.23717260919687,-68.0430167298985,-1.));
#14142=CARTESIAN_POINT('Ctrl Pts',(2.44615698419687,-67.7036612611485,-1.));
#14143=CARTESIAN_POINT('Ctrl Pts',(2.55888653676168,-67.8026391083426,-1.));
#14144=CARTESIAN_POINT('Ctrl Pts',(2.78557796911064,-68.0016768002411,-1.));
#14145=CARTESIAN_POINT('Ctrl Pts',(3.08609650850549,-68.0291869037201,-1.));
#14146=CARTESIAN_POINT('Ctrl Pts',(3.23717260919687,-68.0430167298985,-1.));
#14147=CARTESIAN_POINT('Ctrl Pts',(3.23717260919687,-68.0430167298985,-1.));
#14148=CARTESIAN_POINT('Ctrl Pts',(3.33885595529933,-68.0368350256633,-1.));
#14149=CARTESIAN_POINT('Ctrl Pts',(3.53498933564141,-68.0249113567991,-1.));
#14150=CARTESIAN_POINT('Ctrl Pts',(3.69979901220996,-67.9184857964159,-1.));
#14151=CARTESIAN_POINT('Ctrl Pts',(3.77916479669687,-67.8672354798985,-1.));
#14152=CARTESIAN_POINT('',(2.13853979669687,-65.9141104798985,-1.));
#14153=CARTESIAN_POINT('',(4.18932104669687,-65.9141104798985,-1.));
#14154=CARTESIAN_POINT('',(2.13853979669687,-65.9141104798985,-1.));
#14155=CARTESIAN_POINT('',(3.88170385919687,-65.0083487611485,-1.));
#14156=CARTESIAN_POINT('Ctrl Pts',(4.18932104669687,-65.9141104798985,-1.));
#14157=CARTESIAN_POINT('Ctrl Pts',(4.17798973904505,-65.7333377720624,-1.));
#14158=CARTESIAN_POINT('Ctrl Pts',(4.15722521309753,-65.4020733057002,-1.));
#14159=CARTESIAN_POINT('Ctrl Pts',(3.96777164808664,-65.1313410465065,-1.));
#14160=CARTESIAN_POINT('Ctrl Pts',(3.88170385919687,-65.0083487611485,-1.));
#14161=CARTESIAN_POINT('',(3.16881323419687,-64.6982901673985,-1.));
#14162=CARTESIAN_POINT('Ctrl Pts',(3.88170385919687,-65.0083487611485,-1.));
#14163=CARTESIAN_POINT('Ctrl Pts',(3.77907215210198,-64.9179155193696,-1.));
#14164=CARTESIAN_POINT('Ctrl Pts',(3.57471880139575,-64.7378509321592,-1.));
#14165=CARTESIAN_POINT('Ctrl Pts',(3.30371279219089,-64.7114378798503,-1.));
#14166=CARTESIAN_POINT('Ctrl Pts',(3.16881323419687,-64.6982901673985,-1.));
#14167=CARTESIAN_POINT('',(2.42662573419687,-65.0254386048985,-1.));
#14168=CARTESIAN_POINT('Ctrl Pts',(3.16881323419687,-64.6982901673985,-1.));
#14169=CARTESIAN_POINT('Ctrl Pts',(3.02590475954191,-64.7115650086963,-1.));
#14170=CARTESIAN_POINT('Ctrl Pts',(2.74192578025617,-64.7379439613164,-1.));
#14171=CARTESIAN_POINT('Ctrl Pts',(2.53127128322294,-64.930021445289,-1.));
#14172=CARTESIAN_POINT('Ctrl Pts',(2.42662573419687,-65.0254386048985,-1.));
#14173=CARTESIAN_POINT('Ctrl Pts',(2.42662573419687,-65.0254386048985,-1.));
#14174=CARTESIAN_POINT('Ctrl Pts',(2.34153463557181,-65.1498701988541,-1.));
#14175=CARTESIAN_POINT('Ctrl Pts',(2.15899374029549,-65.416805929246,-1.));
#14176=CARTESIAN_POINT('Ctrl Pts',(2.14565872136783,-65.7410253426705,-1.));
#14177=CARTESIAN_POINT('Ctrl Pts',(2.13853979669687,-65.9141104798985,-1.));
#14178=CARTESIAN_POINT('Ctrl Pts',(3.88170385919687,-65.0083487611485,-1.));
#14179=CARTESIAN_POINT('Ctrl Pts',(3.88170385919687,-65.0083487611485,0.01));
#14180=CARTESIAN_POINT('Ctrl Pts',(3.96777164808664,-65.1313410465065,-1.));
#14181=CARTESIAN_POINT('Ctrl Pts',(3.96777164808664,-65.1313410465065,0.01));
#14182=CARTESIAN_POINT('Ctrl Pts',(4.15722521309753,-65.4020733057002,-1.));
#14183=CARTESIAN_POINT('Ctrl Pts',(4.15722521309753,-65.4020733057002,0.01));
#14184=CARTESIAN_POINT('Ctrl Pts',(4.17798973904505,-65.7333377720624,-1.));
#14185=CARTESIAN_POINT('Ctrl Pts',(4.17798973904505,-65.7333377720624,0.01));
#14186=CARTESIAN_POINT('Ctrl Pts',(4.18932104669687,-65.9141104798985,-1.));
#14187=CARTESIAN_POINT('Ctrl Pts',(4.18932104669687,-65.9141104798985,0.01));
#14188=CARTESIAN_POINT('',(4.18932104669687,-65.9141104798985,0.01));
#14189=CARTESIAN_POINT('',(4.18932104669687,-65.9141104798985,0.));
#14190=CARTESIAN_POINT('',(3.88170385919687,-65.0083487611485,0.01));
#14191=CARTESIAN_POINT('Ctrl Pts',(3.88170385919687,-65.0083487611485,0.01));
#14192=CARTESIAN_POINT('Ctrl Pts',(3.96777164808664,-65.1313410465065,0.01));
#14193=CARTESIAN_POINT('Ctrl Pts',(4.15722521309753,-65.4020733057002,0.01));
#14194=CARTESIAN_POINT('Ctrl Pts',(4.17798973904505,-65.7333377720624,0.01));
#14195=CARTESIAN_POINT('Ctrl Pts',(4.18932104669687,-65.9141104798985,0.01));
#14196=CARTESIAN_POINT('',(3.88170385919687,-65.0083487611485,0.));
#14197=CARTESIAN_POINT('Ctrl Pts',(3.16881323419687,-64.6982901673985,-1.));
#14198=CARTESIAN_POINT('Ctrl Pts',(3.16881323419687,-64.6982901673985,0.01));
#14199=CARTESIAN_POINT('Ctrl Pts',(3.30371279219089,-64.7114378798503,-1.));
#14200=CARTESIAN_POINT('Ctrl Pts',(3.30371279219089,-64.7114378798503,0.01));
#14201=CARTESIAN_POINT('Ctrl Pts',(3.57471880139575,-64.7378509321592,-1.));
#14202=CARTESIAN_POINT('Ctrl Pts',(3.57471880139575,-64.7378509321592,0.01));
#14203=CARTESIAN_POINT('Ctrl Pts',(3.77907215210198,-64.9179155193696,-1.));
#14204=CARTESIAN_POINT('Ctrl Pts',(3.77907215210198,-64.9179155193696,0.01));
#14205=CARTESIAN_POINT('Ctrl Pts',(3.88170385919687,-65.0083487611485,-1.));
#14206=CARTESIAN_POINT('Ctrl Pts',(3.88170385919687,-65.0083487611485,0.01));
#14207=CARTESIAN_POINT('',(3.16881323419687,-64.6982901673985,0.01));
#14208=CARTESIAN_POINT('Ctrl Pts',(3.16881323419687,-64.6982901673985,0.01));
#14209=CARTESIAN_POINT('Ctrl Pts',(3.30371279219089,-64.7114378798503,0.01));
#14210=CARTESIAN_POINT('Ctrl Pts',(3.57471880139575,-64.7378509321592,0.01));
#14211=CARTESIAN_POINT('Ctrl Pts',(3.77907215210198,-64.9179155193696,0.01));
#14212=CARTESIAN_POINT('Ctrl Pts',(3.88170385919687,-65.0083487611485,0.01));
#14213=CARTESIAN_POINT('',(3.16881323419687,-64.6982901673985,0.));
#14214=CARTESIAN_POINT('Ctrl Pts',(2.42662573419687,-65.0254386048985,-1.));
#14215=CARTESIAN_POINT('Ctrl Pts',(2.42662573419687,-65.0254386048985,0.01));
#14216=CARTESIAN_POINT('Ctrl Pts',(2.53127128322294,-64.930021445289,-1.));
#14217=CARTESIAN_POINT('Ctrl Pts',(2.53127128322294,-64.930021445289,0.01));
#14218=CARTESIAN_POINT('Ctrl Pts',(2.74192578025617,-64.7379439613164,-1.));
#14219=CARTESIAN_POINT('Ctrl Pts',(2.74192578025617,-64.7379439613164,0.01));
#14220=CARTESIAN_POINT('Ctrl Pts',(3.02590475954191,-64.7115650086963,-1.));
#14221=CARTESIAN_POINT('Ctrl Pts',(3.02590475954191,-64.7115650086963,0.01));
#14222=CARTESIAN_POINT('Ctrl Pts',(3.16881323419687,-64.6982901673985,-1.));
#14223=CARTESIAN_POINT('Ctrl Pts',(3.16881323419687,-64.6982901673985,0.01));
#14224=CARTESIAN_POINT('',(2.42662573419687,-65.0254386048985,0.01));
#14225=CARTESIAN_POINT('Ctrl Pts',(2.42662573419687,-65.0254386048985,0.01));
#14226=CARTESIAN_POINT('Ctrl Pts',(2.53127128322294,-64.930021445289,0.01));
#14227=CARTESIAN_POINT('Ctrl Pts',(2.74192578025617,-64.7379439613164,0.01));
#14228=CARTESIAN_POINT('Ctrl Pts',(3.02590475954191,-64.7115650086963,0.01));
#14229=CARTESIAN_POINT('Ctrl Pts',(3.16881323419687,-64.6982901673985,0.01));
#14230=CARTESIAN_POINT('',(2.42662573419687,-65.0254386048985,0.));
#14231=CARTESIAN_POINT('Ctrl Pts',(2.13853979669687,-65.9141104798985,-1.));
#14232=CARTESIAN_POINT('Ctrl Pts',(2.13853979669687,-65.9141104798985,0.01));
#14233=CARTESIAN_POINT('Ctrl Pts',(2.14565872136783,-65.7410253426705,-1.));
#14234=CARTESIAN_POINT('Ctrl Pts',(2.14565872136783,-65.7410253426705,0.01));
#14235=CARTESIAN_POINT('Ctrl Pts',(2.15899374029549,-65.416805929246,-1.));
#14236=CARTESIAN_POINT('Ctrl Pts',(2.15899374029549,-65.416805929246,0.01));
#14237=CARTESIAN_POINT('Ctrl Pts',(2.34153463557181,-65.1498701988541,-1.));
#14238=CARTESIAN_POINT('Ctrl Pts',(2.34153463557181,-65.1498701988541,0.01));
#14239=CARTESIAN_POINT('Ctrl Pts',(2.42662573419687,-65.0254386048985,-1.));
#14240=CARTESIAN_POINT('Ctrl Pts',(2.42662573419687,-65.0254386048985,0.01));
#14241=CARTESIAN_POINT('',(2.13853979669687,-65.9141104798985,0.01));
#14242=CARTESIAN_POINT('Ctrl Pts',(2.13853979669687,-65.9141104798985,0.01));
#14243=CARTESIAN_POINT('Ctrl Pts',(2.14565872136783,-65.7410253426705,0.01));
#14244=CARTESIAN_POINT('Ctrl Pts',(2.15899374029549,-65.416805929246,0.01));
#14245=CARTESIAN_POINT('Ctrl Pts',(2.34153463557181,-65.1498701988541,0.01));
#14246=CARTESIAN_POINT('Ctrl Pts',(2.42662573419687,-65.0254386048985,0.01));
#14247=CARTESIAN_POINT('',(2.13853979669687,-65.9141104798985,0.));
#14248=CARTESIAN_POINT('Origin',(4.18932104669687,-65.9141104798985,0.));
#14249=CARTESIAN_POINT('',(2.13853979669687,-65.9141104798985,0.01));
#14250=CARTESIAN_POINT('Origin',(5.47838354669687,-67.5303214173985,0.));
#14251=CARTESIAN_POINT('',(4.11119604669687,-67.3008292298985,0.01));
#14252=CARTESIAN_POINT('',(4.11119604669687,-67.3008292298985,0.));
#14253=CARTESIAN_POINT('',(5.47838354669687,-67.5303214173985,0.01));
#14254=CARTESIAN_POINT('',(4.11119604669687,-67.3008292298985,0.01));
#14255=CARTESIAN_POINT('',(5.47838354669687,-67.5303214173985,0.));
#14256=CARTESIAN_POINT('Ctrl Pts',(4.64586401544687,-68.6753409486485,-1.));
#14257=CARTESIAN_POINT('Ctrl Pts',(4.64586401544687,-68.6753409486485,0.01));
#14258=CARTESIAN_POINT('Ctrl Pts',(4.8242814090479,-68.5248949611075,-1.));
#14259=CARTESIAN_POINT('Ctrl Pts',(4.8242814090479,-68.5248949611075,0.01));
#14260=CARTESIAN_POINT('Ctrl Pts',(5.19526423860632,-68.2120730045303,-1.));
#14261=CARTESIAN_POINT('Ctrl Pts',(5.19526423860632,-68.2120730045303,0.01));
#14262=CARTESIAN_POINT('Ctrl Pts',(5.38164117993524,-67.7632771367644,-1.));
#14263=CARTESIAN_POINT('Ctrl Pts',(5.38164117993524,-67.7632771367644,0.01));
#14264=CARTESIAN_POINT('Ctrl Pts',(5.47838354669687,-67.5303214173985,-1.));
#14265=CARTESIAN_POINT('Ctrl Pts',(5.47838354669687,-67.5303214173985,0.01));
#14266=CARTESIAN_POINT('',(4.64586401544687,-68.6753409486485,0.01));
#14267=CARTESIAN_POINT('Ctrl Pts',(4.64586401544687,-68.6753409486485,0.01));
#14268=CARTESIAN_POINT('Ctrl Pts',(4.8242814090479,-68.5248949611075,0.01));
#14269=CARTESIAN_POINT('Ctrl Pts',(5.19526423860632,-68.2120730045303,0.01));
#14270=CARTESIAN_POINT('Ctrl Pts',(5.38164117993524,-67.7632771367644,0.01));
#14271=CARTESIAN_POINT('Ctrl Pts',(5.47838354669687,-67.5303214173985,0.01));
#14272=CARTESIAN_POINT('',(4.64586401544687,-68.6753409486485,0.));
#14273=CARTESIAN_POINT('Ctrl Pts',(3.22252417169687,-69.0684073548985,-1.));
#14274=CARTESIAN_POINT('Ctrl Pts',(3.22252417169687,-69.0684073548985,0.01));
#14275=CARTESIAN_POINT('Ctrl Pts',(3.48937925982088,-69.056060267469,-1.));
#14276=CARTESIAN_POINT('Ctrl Pts',(3.48937925982088,-69.056060267469,0.01));
#14277=CARTESIAN_POINT('Ctrl Pts',(3.99456697498213,-69.0326857950869,-1.));
#14278=CARTESIAN_POINT('Ctrl Pts',(3.99456697498213,-69.0326857950869,0.01));
#14279=CARTESIAN_POINT('Ctrl Pts',(4.4370932181657,-68.7898864844949,-1.));
#14280=CARTESIAN_POINT('Ctrl Pts',(4.4370932181657,-68.7898864844949,0.01));
#14281=CARTESIAN_POINT('Ctrl Pts',(4.64586401544687,-68.6753409486485,-1.));
#14282=CARTESIAN_POINT('Ctrl Pts',(4.64586401544687,-68.6753409486485,0.01));
#14283=CARTESIAN_POINT('',(3.22252417169687,-69.0684073548985,0.01));
#14284=CARTESIAN_POINT('Ctrl Pts',(3.22252417169687,-69.0684073548985,0.01));
#14285=CARTESIAN_POINT('Ctrl Pts',(3.48937925982088,-69.056060267469,0.01));
#14286=CARTESIAN_POINT('Ctrl Pts',(3.99456697498213,-69.0326857950869,0.01));
#14287=CARTESIAN_POINT('Ctrl Pts',(4.4370932181657,-68.7898864844949,0.01));
#14288=CARTESIAN_POINT('Ctrl Pts',(4.64586401544687,-68.6753409486485,0.01));
#14289=CARTESIAN_POINT('',(3.22252417169687,-69.0684073548985,0.));
#14290=CARTESIAN_POINT('Ctrl Pts',(1.22057104669687,-68.1846182923985,-1.));
#14291=CARTESIAN_POINT('Ctrl Pts',(1.22057104669687,-68.1846182923985,0.01));
#14292=CARTESIAN_POINT('Ctrl Pts',(1.47881686345632,-68.4421271465409,-1.));
#14293=CARTESIAN_POINT('Ctrl Pts',(1.47881686345632,-68.4421271465409,0.01));
#14294=CARTESIAN_POINT('Ctrl Pts',(2.02919211318166,-68.9909317765,-1.));
#14295=CARTESIAN_POINT('Ctrl Pts',(2.02919211318166,-68.9909317765,0.01));
#14296=CARTESIAN_POINT('Ctrl Pts',(2.80874912123602,-69.0415435317634,-1.));
#14297=CARTESIAN_POINT('Ctrl Pts',(2.80874912123602,-69.0415435317634,0.01));
#14298=CARTESIAN_POINT('Ctrl Pts',(3.22252417169687,-69.0684073548985,-1.));
#14299=CARTESIAN_POINT('Ctrl Pts',(3.22252417169687,-69.0684073548985,0.01));
#14300=CARTESIAN_POINT('',(1.22057104669687,-68.1846182923985,0.01));
#14301=CARTESIAN_POINT('Ctrl Pts',(1.22057104669687,-68.1846182923985,0.01));
#14302=CARTESIAN_POINT('Ctrl Pts',(1.47881686345632,-68.4421271465409,0.01));
#14303=CARTESIAN_POINT('Ctrl Pts',(2.02919211318166,-68.9909317765,0.01));
#14304=CARTESIAN_POINT('Ctrl Pts',(2.80874912123602,-69.0415435317634,0.01));
#14305=CARTESIAN_POINT('Ctrl Pts',(3.22252417169687,-69.0684073548985,0.01));
#14306=CARTESIAN_POINT('',(1.22057104669687,-68.1846182923985,0.));
#14307=CARTESIAN_POINT('Ctrl Pts',(0.707875734196872,-66.3975089173985,
-1.));
#14308=CARTESIAN_POINT('Ctrl Pts',(0.707875734196872,-66.3975089173985,
0.01));
#14309=CARTESIAN_POINT('Ctrl Pts',(0.723980892071899,-66.7341835571227,
-1.));
#14310=CARTESIAN_POINT('Ctrl Pts',(0.723980892071899,-66.7341835571227,
0.01));
#14311=CARTESIAN_POINT('Ctrl Pts',(0.754469903305153,-67.3715493595668,
-1.));
#14312=CARTESIAN_POINT('Ctrl Pts',(0.754469903305153,-67.3715493595668,
0.01));
#14313=CARTESIAN_POINT('Ctrl Pts',(1.07116381456039,-67.9239916440565,-1.));
#14314=CARTESIAN_POINT('Ctrl Pts',(1.07116381456039,-67.9239916440565,0.01));
#14315=CARTESIAN_POINT('Ctrl Pts',(1.22057104669687,-68.1846182923985,-1.));
#14316=CARTESIAN_POINT('Ctrl Pts',(1.22057104669687,-68.1846182923985,0.01));
#14317=CARTESIAN_POINT('',(0.707875734196872,-66.3975089173985,0.01));
#14318=CARTESIAN_POINT('Ctrl Pts',(0.707875734196872,-66.3975089173985,
0.01));
#14319=CARTESIAN_POINT('Ctrl Pts',(0.723980892071899,-66.7341835571227,
0.01));
#14320=CARTESIAN_POINT('Ctrl Pts',(0.754469903305153,-67.3715493595668,
0.01));
#14321=CARTESIAN_POINT('Ctrl Pts',(1.07116381456039,-67.9239916440565,0.01));
#14322=CARTESIAN_POINT('Ctrl Pts',(1.22057104669687,-68.1846182923985,0.01));
#14323=CARTESIAN_POINT('',(0.707875734196872,-66.3975089173985,0.));
#14324=CARTESIAN_POINT('Ctrl Pts',(1.38170385919687,-64.3784659486485,-1.));
#14325=CARTESIAN_POINT('Ctrl Pts',(1.38170385919687,-64.3784659486485,0.01));
#14326=CARTESIAN_POINT('Ctrl Pts',(1.18544084551533,-64.6586733184408,-1.));
#14327=CARTESIAN_POINT('Ctrl Pts',(1.18544084551533,-64.6586733184408,0.01));
#14328=CARTESIAN_POINT('Ctrl Pts',(0.762544908580415,-65.2624475903302,
-1.));
#14329=CARTESIAN_POINT('Ctrl Pts',(0.762544908580415,-65.2624475903302,
0.01));
#14330=CARTESIAN_POINT('Ctrl Pts',(0.726950844729757,-66.0014645190776,
-1.));
#14331=CARTESIAN_POINT('Ctrl Pts',(0.726950844729757,-66.0014645190776,
0.01));
#14332=CARTESIAN_POINT('Ctrl Pts',(0.707875734196872,-66.3975089173985,
-1.));
#14333=CARTESIAN_POINT('Ctrl Pts',(0.707875734196872,-66.3975089173985,
0.01));
#14334=CARTESIAN_POINT('',(1.38170385919687,-64.3784659486485,0.01));
#14335=CARTESIAN_POINT('Ctrl Pts',(1.38170385919687,-64.3784659486485,0.01));
#14336=CARTESIAN_POINT('Ctrl Pts',(1.18544084551533,-64.6586733184408,0.01));
#14337=CARTESIAN_POINT('Ctrl Pts',(0.762544908580415,-65.2624475903302,
0.01));
#14338=CARTESIAN_POINT('Ctrl Pts',(0.726950844729757,-66.0014645190776,
0.01));
#14339=CARTESIAN_POINT('Ctrl Pts',(0.707875734196872,-66.3975089173985,
0.01));
#14340=CARTESIAN_POINT('',(1.38170385919687,-64.3784659486485,0.));
#14341=CARTESIAN_POINT('Ctrl Pts',(3.08580542169687,-63.6484854798985,-1.));
#14342=CARTESIAN_POINT('Ctrl Pts',(3.08580542169687,-63.6484854798985,0.01));
#14343=CARTESIAN_POINT('Ctrl Pts',(2.75842267812377,-63.6776223984191,-1.));
#14344=CARTESIAN_POINT('Ctrl Pts',(2.75842267812377,-63.6776223984191,0.01));
#14345=CARTESIAN_POINT('Ctrl Pts',(2.11036440945518,-63.7352992960001,-1.));
#14346=CARTESIAN_POINT('Ctrl Pts',(2.11036440945518,-63.7352992960001,0.01));
#14347=CARTESIAN_POINT('Ctrl Pts',(1.62290903452428,-64.1655614279333,-1.));
#14348=CARTESIAN_POINT('Ctrl Pts',(1.62290903452428,-64.1655614279333,0.01));
#14349=CARTESIAN_POINT('Ctrl Pts',(1.38170385919687,-64.3784659486485,-1.));
#14350=CARTESIAN_POINT('Ctrl Pts',(1.38170385919687,-64.3784659486485,0.01));
#14351=CARTESIAN_POINT('',(3.08580542169687,-63.6484854798985,0.01));
#14352=CARTESIAN_POINT('Ctrl Pts',(3.08580542169687,-63.6484854798985,0.01));
#14353=CARTESIAN_POINT('Ctrl Pts',(2.75842267812377,-63.6776223984191,0.01));
#14354=CARTESIAN_POINT('Ctrl Pts',(2.11036440945518,-63.7352992960001,0.01));
#14355=CARTESIAN_POINT('Ctrl Pts',(1.62290903452428,-64.1655614279333,0.01));
#14356=CARTESIAN_POINT('Ctrl Pts',(1.38170385919687,-64.3784659486485,0.01));
#14357=CARTESIAN_POINT('',(3.08580542169687,-63.6484854798985,0.));
#14358=CARTESIAN_POINT('Ctrl Pts',(4.91197729669687,-64.4126456361485,-1.));
#14359=CARTESIAN_POINT('Ctrl Pts',(4.91197729669687,-64.4126456361485,0.01));
#14360=CARTESIAN_POINT('Ctrl Pts',(4.66190914848522,-64.1898512702506,-1.));
#14361=CARTESIAN_POINT('Ctrl Pts',(4.66190914848522,-64.1898512702506,0.01));
#14362=CARTESIAN_POINT('Ctrl Pts',(4.14236281897522,-63.7269694683676,-1.));
#14363=CARTESIAN_POINT('Ctrl Pts',(4.14236281897522,-63.7269694683676,0.01));
#14364=CARTESIAN_POINT('Ctrl Pts',(3.44665500489195,-63.6752903790923,-1.));
#14365=CARTESIAN_POINT('Ctrl Pts',(3.44665500489195,-63.6752903790923,0.01));
#14366=CARTESIAN_POINT('Ctrl Pts',(3.08580542169687,-63.6484854798985,-1.));
#14367=CARTESIAN_POINT('Ctrl Pts',(3.08580542169687,-63.6484854798985,0.01));
#14368=CARTESIAN_POINT('',(4.91197729669687,-64.4126456361485,0.01));
#14369=CARTESIAN_POINT('Ctrl Pts',(4.91197729669687,-64.4126456361485,0.01));
#14370=CARTESIAN_POINT('Ctrl Pts',(4.66190914848522,-64.1898512702506,0.01));
#14371=CARTESIAN_POINT('Ctrl Pts',(4.14236281897522,-63.7269694683676,0.01));
#14372=CARTESIAN_POINT('Ctrl Pts',(3.44665500489195,-63.6752903790923,0.01));
#14373=CARTESIAN_POINT('Ctrl Pts',(3.08580542169687,-63.6484854798985,0.01));
#14374=CARTESIAN_POINT('',(4.91197729669687,-64.4126456361485,0.));
#14375=CARTESIAN_POINT('Ctrl Pts',(5.55162573419687,-66.7539542298985,-1.));
#14376=CARTESIAN_POINT('Ctrl Pts',(5.55162573419687,-66.7539542298985,0.01));
#14377=CARTESIAN_POINT('Ctrl Pts',(5.54830824125102,-66.2825820639166,-1.));
#14378=CARTESIAN_POINT('Ctrl Pts',(5.54830824125102,-66.2825820639166,0.01));
#14379=CARTESIAN_POINT('Ctrl Pts',(5.54238198093059,-65.4405383251634,-1.));
#14380=CARTESIAN_POINT('Ctrl Pts',(5.54238198093059,-65.4405383251634,0.01));
#14381=CARTESIAN_POINT('Ctrl Pts',(5.10466315921279,-64.7268253913281,-1.));
#14382=CARTESIAN_POINT('Ctrl Pts',(5.10466315921279,-64.7268253913281,0.01));
#14383=CARTESIAN_POINT('Ctrl Pts',(4.91197729669687,-64.4126456361485,-1.));
#14384=CARTESIAN_POINT('Ctrl Pts',(4.91197729669687,-64.4126456361485,0.01));
#14385=CARTESIAN_POINT('',(5.55162573419687,-66.7539542298985,0.01));
#14386=CARTESIAN_POINT('Ctrl Pts',(5.55162573419687,-66.7539542298985,0.01));
#14387=CARTESIAN_POINT('Ctrl Pts',(5.54830824125102,-66.2825820639166,0.01));
#14388=CARTESIAN_POINT('Ctrl Pts',(5.54238198093059,-65.4405383251634,0.01));
#14389=CARTESIAN_POINT('Ctrl Pts',(5.10466315921279,-64.7268253913281,0.01));
#14390=CARTESIAN_POINT('Ctrl Pts',(4.91197729669687,-64.4126456361485,0.01));
#14391=CARTESIAN_POINT('',(5.55162573419687,-66.7539542298985,0.));
#14392=CARTESIAN_POINT('Origin',(2.11412573419687,-66.7539542298985,0.));
#14393=CARTESIAN_POINT('',(2.11412573419687,-66.7539542298985,0.01));
#14394=CARTESIAN_POINT('',(5.55162573419687,-66.7539542298985,0.01));
#14395=CARTESIAN_POINT('',(2.11412573419687,-66.7539542298985,0.));
#14396=CARTESIAN_POINT('Ctrl Pts',(2.44615698419687,-67.7036612611485,-1.));
#14397=CARTESIAN_POINT('Ctrl Pts',(2.44615698419687,-67.7036612611485,0.01));
#14398=CARTESIAN_POINT('Ctrl Pts',(2.352950874176,-67.5725789368382,-1.));
#14399=CARTESIAN_POINT('Ctrl Pts',(2.352950874176,-67.5725789368382,0.01));
#14400=CARTESIAN_POINT('Ctrl Pts',(2.15145416685148,-67.2891999101729,-1.));
#14401=CARTESIAN_POINT('Ctrl Pts',(2.15145416685148,-67.2891999101729,0.01));
#14402=CARTESIAN_POINT('Ctrl Pts',(2.12717442343683,-66.9410570373898,-1.));
#14403=CARTESIAN_POINT('Ctrl Pts',(2.12717442343683,-66.9410570373898,0.01));
#14404=CARTESIAN_POINT('Ctrl Pts',(2.11412573419687,-66.7539542298985,-1.));
#14405=CARTESIAN_POINT('Ctrl Pts',(2.11412573419687,-66.7539542298985,0.01));
#14406=CARTESIAN_POINT('',(2.44615698419687,-67.7036612611485,0.01));
#14407=CARTESIAN_POINT('Ctrl Pts',(2.44615698419687,-67.7036612611485,0.01));
#14408=CARTESIAN_POINT('Ctrl Pts',(2.352950874176,-67.5725789368382,0.01));
#14409=CARTESIAN_POINT('Ctrl Pts',(2.15145416685148,-67.2891999101729,0.01));
#14410=CARTESIAN_POINT('Ctrl Pts',(2.12717442343683,-66.9410570373898,0.01));
#14411=CARTESIAN_POINT('Ctrl Pts',(2.11412573419687,-66.7539542298985,0.01));
#14412=CARTESIAN_POINT('',(2.44615698419687,-67.7036612611485,0.));
#14413=CARTESIAN_POINT('Ctrl Pts',(3.23717260919687,-68.0430167298985,-1.));
#14414=CARTESIAN_POINT('Ctrl Pts',(3.23717260919687,-68.0430167298985,0.01));
#14415=CARTESIAN_POINT('Ctrl Pts',(3.08609650850549,-68.0291869037201,-1.));
#14416=CARTESIAN_POINT('Ctrl Pts',(3.08609650850549,-68.0291869037201,0.01));
#14417=CARTESIAN_POINT('Ctrl Pts',(2.78557796911064,-68.0016768002411,-1.));
#14418=CARTESIAN_POINT('Ctrl Pts',(2.78557796911064,-68.0016768002411,0.01));
#14419=CARTESIAN_POINT('Ctrl Pts',(2.55888653676168,-67.8026391083426,-1.));
#14420=CARTESIAN_POINT('Ctrl Pts',(2.55888653676168,-67.8026391083426,0.01));
#14421=CARTESIAN_POINT('Ctrl Pts',(2.44615698419687,-67.7036612611485,-1.));
#14422=CARTESIAN_POINT('Ctrl Pts',(2.44615698419687,-67.7036612611485,0.01));
#14423=CARTESIAN_POINT('',(3.23717260919687,-68.0430167298985,0.01));
#14424=CARTESIAN_POINT('Ctrl Pts',(3.23717260919687,-68.0430167298985,0.01));
#14425=CARTESIAN_POINT('Ctrl Pts',(3.08609650850549,-68.0291869037201,0.01));
#14426=CARTESIAN_POINT('Ctrl Pts',(2.78557796911064,-68.0016768002411,0.01));
#14427=CARTESIAN_POINT('Ctrl Pts',(2.55888653676168,-67.8026391083426,0.01));
#14428=CARTESIAN_POINT('Ctrl Pts',(2.44615698419687,-67.7036612611485,0.01));
#14429=CARTESIAN_POINT('',(3.23717260919687,-68.0430167298985,0.));
#14430=CARTESIAN_POINT('Ctrl Pts',(3.77916479669687,-67.8672354798985,-1.));
#14431=CARTESIAN_POINT('Ctrl Pts',(3.77916479669687,-67.8672354798985,0.01));
#14432=CARTESIAN_POINT('Ctrl Pts',(3.69979901220996,-67.9184857964159,-1.));
#14433=CARTESIAN_POINT('Ctrl Pts',(3.69979901220996,-67.9184857964159,0.01));
#14434=CARTESIAN_POINT('Ctrl Pts',(3.53498933564141,-68.0249113567991,-1.));
#14435=CARTESIAN_POINT('Ctrl Pts',(3.53498933564141,-68.0249113567991,0.01));
#14436=CARTESIAN_POINT('Ctrl Pts',(3.33885595529933,-68.0368350256633,-1.));
#14437=CARTESIAN_POINT('Ctrl Pts',(3.33885595529933,-68.0368350256633,0.01));
#14438=CARTESIAN_POINT('Ctrl Pts',(3.23717260919687,-68.0430167298985,-1.));
#14439=CARTESIAN_POINT('Ctrl Pts',(3.23717260919687,-68.0430167298985,0.01));
#14440=CARTESIAN_POINT('',(3.77916479669687,-67.8672354798985,0.01));
#14441=CARTESIAN_POINT('Ctrl Pts',(3.77916479669687,-67.8672354798985,0.01));
#14442=CARTESIAN_POINT('Ctrl Pts',(3.69979901220996,-67.9184857964159,0.01));
#14443=CARTESIAN_POINT('Ctrl Pts',(3.53498933564141,-68.0249113567991,0.01));
#14444=CARTESIAN_POINT('Ctrl Pts',(3.33885595529933,-68.0368350256633,0.01));
#14445=CARTESIAN_POINT('Ctrl Pts',(3.23717260919687,-68.0430167298985,0.01));
#14446=CARTESIAN_POINT('',(3.77916479669687,-67.8672354798985,0.));
#14447=CARTESIAN_POINT('Ctrl Pts',(4.11119604669687,-67.3008292298985,-1.));
#14448=CARTESIAN_POINT('Ctrl Pts',(4.11119604669687,-67.3008292298985,0.01));
#14449=CARTESIAN_POINT('Ctrl Pts',(4.07353119748912,-67.4184251557422,-1.));
#14450=CARTESIAN_POINT('Ctrl Pts',(4.07353119748912,-67.4184251557422,0.01));
#14451=CARTESIAN_POINT('Ctrl Pts',(4.00489148183847,-67.6327297681692,-1.));
#14452=CARTESIAN_POINT('Ctrl Pts',(4.00489148183847,-67.6327297681692,0.01));
#14453=CARTESIAN_POINT('Ctrl Pts',(3.84935385715283,-67.7943166064941,-1.));
#14454=CARTESIAN_POINT('Ctrl Pts',(3.84935385715283,-67.7943166064941,0.01));
#14455=CARTESIAN_POINT('Ctrl Pts',(3.77916479669687,-67.8672354798985,-1.));
#14456=CARTESIAN_POINT('Ctrl Pts',(3.77916479669687,-67.8672354798985,0.01));
#14457=CARTESIAN_POINT('Ctrl Pts',(4.11119604669687,-67.3008292298985,0.01));
#14458=CARTESIAN_POINT('Ctrl Pts',(4.07353119748912,-67.4184251557422,0.01));
#14459=CARTESIAN_POINT('Ctrl Pts',(4.00489148183847,-67.6327297681692,0.01));
#14460=CARTESIAN_POINT('Ctrl Pts',(3.84935385715283,-67.7943166064941,0.01));
#14461=CARTESIAN_POINT('Ctrl Pts',(3.77916479669687,-67.8672354798985,0.01));
#14462=CARTESIAN_POINT('Origin',(40.5174460466969,-66.3437979798985,0.01));
#14463=UNCERTAINTY_MEASURE_WITH_UNIT(LENGTH_MEASURE(0.01),#14467,
'DISTANCE_ACCURACY_VALUE',
'Maximum model space distance between geometric entities at asserted c
onnectivities');
#14464=UNCERTAINTY_MEASURE_WITH_UNIT(LENGTH_MEASURE(0.01),#14467,
'DISTANCE_ACCURACY_VALUE',
'Maximum model space distance between geometric entities at asserted c
onnectivities');
#14465=(
GEOMETRIC_REPRESENTATION_CONTEXT(3)
GLOBAL_UNCERTAINTY_ASSIGNED_CONTEXT((#14463))
GLOBAL_UNIT_ASSIGNED_CONTEXT((#14467,#14469,#14470))
REPRESENTATION_CONTEXT('','3D')
);
#14466=(
GEOMETRIC_REPRESENTATION_CONTEXT(3)
GLOBAL_UNCERTAINTY_ASSIGNED_CONTEXT((#14464))
GLOBAL_UNIT_ASSIGNED_CONTEXT((#14467,#14469,#14470))
REPRESENTATION_CONTEXT('','3D')
);
#14467=(
LENGTH_UNIT()
NAMED_UNIT(*)
SI_UNIT(.MILLI.,.METRE.)
);
#14468=(
LENGTH_UNIT()
NAMED_UNIT(*)
SI_UNIT($,.METRE.)
);
#14469=(
NAMED_UNIT(*)
PLANE_ANGLE_UNIT()
SI_UNIT($,.RADIAN.)
);
#14470=(
NAMED_UNIT(*)
SI_UNIT($,.STERADIAN.)
SOLID_ANGLE_UNIT()
);
#14471=SHAPE_DEFINITION_REPRESENTATION(#14472,#14473);
#14472=PRODUCT_DEFINITION_SHAPE('',$,#14475);
#14473=SHAPE_REPRESENTATION('',(#7103),#14465);
#14474=PRODUCT_DEFINITION_CONTEXT('part definition',#14479,'design');
#14475=PRODUCT_DEFINITION('(Unsaved)','(Unsaved)',#14476,#14474);
#14476=PRODUCT_DEFINITION_FORMATION('',$,#14481);
#14477=PRODUCT_RELATED_PRODUCT_CATEGORY('(Unsaved)','(Unsaved)',(#14481));
#14478=APPLICATION_PROTOCOL_DEFINITION('international standard',
'automotive_design',2009,#14479);
#14479=APPLICATION_CONTEXT(
'Core Data for Automotive Mechanical Design Process');
#14480=PRODUCT_CONTEXT('part definition',#14479,'mechanical');
#14481=PRODUCT('(Unsaved)','(Unsaved)',$,(#14480));
#14482=PRESENTATION_STYLE_ASSIGNMENT((#14484));
#14483=PRESENTATION_STYLE_ASSIGNMENT((#14485));
#14484=SURFACE_STYLE_USAGE(.BOTH.,#14486);
#14485=SURFACE_STYLE_USAGE(.BOTH.,#14487);
#14486=SURFACE_SIDE_STYLE('',(#14488));
#14487=SURFACE_SIDE_STYLE('',(#14489));
#14488=SURFACE_STYLE_FILL_AREA(#14490);
#14489=SURFACE_STYLE_FILL_AREA(#14491);
#14490=FILL_AREA_STYLE('Steel - Satin',(#14492));
#14491=FILL_AREA_STYLE('Plastic - Matte (Yellow)',(#14493));
#14492=FILL_AREA_STYLE_COLOUR('Steel - Satin',#14494);
#14493=FILL_AREA_STYLE_COLOUR('Plastic - Matte (Yellow)',#14495);
#14494=COLOUR_RGB('Steel - Satin',0.627450980392157,0.627450980392157,0.627450980392157);
#14495=COLOUR_RGB('Plastic - Matte (Yellow)',0.909803921568627,0.67843137254902,
0.137254901960784);
ENDSEC;
END-ISO-10303-21;
